Fuente_Fila;Bloque_Maestro;Operacion_Efectiva;Tag_Origen_Efectivo;Tag_Destino_Efectivo;ID_Origen_Efectivo;Area_Efectiva;Variable_Efectiva;Numero_Efectivo;Identidad_PLC_Efectiva;Direccion_Modulo_Efectiva;Estado_Maestro;Nota_Maestra;Escritura_SQLite;SHA_DB_Anterior;SHA_DB_Actual;Verificacion_Logica;Grupo;Fila_Origen;Instancia;PLC;Operacion;ID_Origen;Tag_Origen;Tag_Destino;Area_Origen;Area_Destino;Variable_ISA;Numero_Origen;Numero_Destino;Funcion_ISA;Rol;Identidad_PLC;Destino_Fisico;Evidencia_Produccion;Ocupacion_DB;Historico_Retirado;Inventario_Online;Estado_Revision;Nota;Bloque;Estado_Propuesta;Operacion_Propuesta;Tag_Actual;Tag_Propuesto;Program;Instancia_PID;Area;Numero_Lazo;Identidades_Consolidadas;Direccion_Modulo;Evidencia;Motivo_Revision;Evidencia_XML_V2;Archivo_XML_V2;PLC_Fuente_V2;Resolucion_V2;Evidencia_XML_V3;Estado_Auditoria_V3;Evidencia_XML_V4;Estado_Verificacion_V4;Grupo_V4;Evidencia_XML_V5;Estado_Verificacion_V5;Grupo_V5;Estado_Homologacion_V5;Tag_PreFiltro;Numero_PreFiltro;Motivo_Filtro;Motivo_Renumero
plan_migracion_p1_p2_y_mieles_280926.csv:2;A_NUEVO;INSERT;;600_LT_001;;600;L;1;COC_LT_MELADO_TRATADO <- nodo 1 (pin in) en FAB_COC/COC_NIVELES <- COC_LT_MELADO_TRATADO <- nodo 74 (pin in) en FAB_ESCALADOS/FAB_S6_ESCALADO_AI <- bloque SCL (pin InEUMin) en FAB_ESCALADOS/FAB_S6_ESCALADO_AI <- constante 0.0 <- bloque SCL (pin Limiting) en FAB_ESCALADOS/FAB_S6_ESCALADO_AI <- constante 1;COC_S6_LT_MELADO_TRATADO (ISLA_FAB_AI:6:I.Ch3Data);NO_INSERTAR_REVISION;;NO;6f8f9c349c992da112609613a05066d0d1964c843826b29ae8be27e0517fb0b8;dc4d9c212588bb91e17556e08dde263727545987868b45fb11da8fe7ebe80522;"196 registros e integridad OK; 119/119 filas del respaldo previo idénticas en ID/tag/área/descripción; faltan 77 filas de línea base 196 para acreditar identidad total";A_NUEVO;22;COC_LC_MELADO_T;FABRICA;INSERT;;;600_LT_019;;600;L;;019;T;ENTRADA;COC_LT_MELADO_TRATADO <- nodo 1 (pin in) en FAB_COC/COC_NIVELES <- COC_LT_MELADO_TRATADO <- nodo 74 (pin in) en FAB_ESCALADOS/FAB_S6_ESCALADO_AI <- bloque SCL (pin InEUMin) en FAB_ESCALADOS/FAB_S6_ESCALADO_AI <- constante 0.0 <- bloque SCL (pin Limiting) en FAB_ESCALADOS/FAB_S6_ESCALADO_AI <- constante 1;COC_S6_LT_MELADO_TRATADO (ISLA_FAB_AI:6:I.Ch3Data);;LIBRE_EN_DB;SIN_COINCIDENCIA;"ISA:NINGUNO; LITERAL_MUESTRA:NINGUNO";NO_INSERTAR_REVISION;;;;;;;;;;;;;;;;;;;;;;;;;;;HOMOLOGADO;600_LT_019;019;;lazo nuevo del área 600: 19 → 1
plan_migracion_p1_p2_y_mieles_280926.csv:3;A_NUEVO;INSERT;;600_LIC_001;;600;L;1;COC_LC_MELADO_T;;NO_INSERTAR_REVISION;;NO;6f8f9c349c992da112609613a05066d0d1964c843826b29ae8be27e0517fb0b8;dc4d9c212588bb91e17556e08dde263727545987868b45fb11da8fe7ebe80522;"196 registros e integridad OK; 119/119 filas del respaldo previo idénticas en ID/tag/área/descripción; faltan 77 filas de línea base 196 para acreditar identidad total";A_NUEVO;22;COC_LC_MELADO_T;FABRICA;INSERT;;;600_LIC_019;;600;L;;019;IC;CONTROLADOR;COC_LC_MELADO_T;;;LIBRE_EN_DB;SIN_COINCIDENCIA;"ISA:NINGUNO; LITERAL_MUESTRA:NINGUNO";NO_INSERTAR_REVISION;;;;;;;;;;;;;;;;;;;;;;;;;;;HOMOLOGADO;600_LIC_019;019;;lazo nuevo del área 600: 19 → 1
plan_migracion_p1_p2_y_mieles_280926.csv:4;A_NUEVO;INSERT;;600_LV_001;;600;L;1;EVAP_S12_FCV_MELADO_TRATADO (ISLA_FAB_AI:12:O.Ch[5].Data);EVAP_S12_FCV_MELADO_TRATADO (ISLA_FAB_AI:12:O.Ch[5].Data);NO_INSERTAR_REVISION;;NO;6f8f9c349c992da112609613a05066d0d1964c843826b29ae8be27e0517fb0b8;dc4d9c212588bb91e17556e08dde263727545987868b45fb11da8fe7ebe80522;"196 registros e integridad OK; 119/119 filas del respaldo previo idénticas en ID/tag/área/descripción; faltan 77 filas de línea base 196 para acreditar identidad total";A_NUEVO;22;COC_LC_MELADO_T;FABRICA;INSERT;;;600_LV_019;;600;L;;019;V;SALIDA;EVAP_S12_FCV_MELADO_TRATADO (ISLA_FAB_AI:12:O.Ch[5].Data);EVAP_S12_FCV_MELADO_TRATADO (ISLA_FAB_AI:12:O.Ch[5].Data);;LIBRE_EN_DB;SIN_COINCIDENCIA;"ISA:NINGUNO; LITERAL_MUESTRA:NINGUNO";NO_INSERTAR_REVISION;;;;;;;;;;;;;;;;;;;;;;;;;;;HOMOLOGADO;600_LV_019;019;;lazo nuevo del área 600: 19 → 1
plan_migracion_p1_p2_y_mieles_280926.csv:8;A_NUEVO;INSERT;;100_LT_003;;100;L;3;ESCALADOS.NIVEL_CONDUCTOR_mts <- nodo 64 (pin in) en ESCALADOS/NIVELES <- bloque DIV (pin SourceB) en ESCALADOS/NIVELES <- constante 1000 <- bloque DIV (pin SourceA) en ESCALADOS/NIVELES <- bloque SCL (pin InEUMin) en ESCALADOS/NIVELES <- constante 0.0;Local:8:I.Ch[6].Data (Local:8:I.Ch[6].Data);NO_INSERTAR_REVISION;;NO;6f8f9c349c992da112609613a05066d0d1964c843826b29ae8be27e0517fb0b8;dc4d9c212588bb91e17556e08dde263727545987868b45fb11da8fe7ebe80522;"196 registros e integridad OK; 119/119 filas del respaldo previo idénticas en ID/tag/área/descripción; faltan 77 filas de línea base 196 para acreditar identidad total";A_NUEVO;40;PID_CONTROL_MESA_NORTE_SUR;TRAPICHE2022;INSERT;;;100_LT_036;;100;L;;036;T;ENTRADA;ESCALADOS.NIVEL_CONDUCTOR_mts <- nodo 64 (pin in) en ESCALADOS/NIVELES <- bloque DIV (pin SourceB) en ESCALADOS/NIVELES <- constante 1000 <- bloque DIV (pin SourceA) en ESCALADOS/NIVELES <- bloque SCL (pin InEUMin) en ESCALADOS/NIVELES <- constante 0.0;Local:8:I.Ch[6].Data (Local:8:I.Ch[6].Data);;LIBRE_EN_DB;SIN_COINCIDENCIA;"ISA:NINGUNO; LITERAL_MUESTRA:inventario_plcs_20260806_085612-PLC_Trapiche.xlsx:Program:ARRANQUE_MOTORES.BNOT_36 | inventario_plcs_20260806_085612-PLC_Trapiche.xlsx:Program:ESCALADOS.SCL_36 | inventario_plcs_20260806_085612-PLC_Trapiche.xlsx:Program:PID.SCL_36";NO_INSERTAR_REVISION;;;;;;;;;;;;;;;;;;;;;;;;;;;HOMOLOGADO;100_LT_036;036;;lazo nuevo del área 100: 36 → 3
plan_migracion_p1_p2_y_mieles_280926.csv:9;A_NUEVO;INSERT;;100_LIC_003;;100;L;3;PID_CONTROL_MESA_NORTE_SUR;;NO_INSERTAR_REVISION;;NO;6f8f9c349c992da112609613a05066d0d1964c843826b29ae8be27e0517fb0b8;dc4d9c212588bb91e17556e08dde263727545987868b45fb11da8fe7ebe80522;"196 registros e integridad OK; 119/119 filas del respaldo previo idénticas en ID/tag/área/descripción; faltan 77 filas de línea base 196 para acreditar identidad total";A_NUEVO;40;PID_CONTROL_MESA_NORTE_SUR;TRAPICHE2022;INSERT;;;100_LIC_036;;100;L;;036;IC;CONTROLADOR;PID_CONTROL_MESA_NORTE_SUR;;;LIBRE_EN_DB;SIN_COINCIDENCIA;"ISA:NINGUNO; LITERAL_MUESTRA:inventario_plcs_20260806_085612-PLC_Trapiche.xlsx:Program:ARRANQUE_MOTORES.BNOT_36 | inventario_plcs_20260806_085612-PLC_Trapiche.xlsx:Program:ESCALADOS.SCL_36 | inventario_plcs_20260806_085612-PLC_Trapiche.xlsx:Program:PID.SCL_36";NO_INSERTAR_REVISION;;;;;;;;;;;;;;;;;;;;;;;;;;;HOMOLOGADO;100_LIC_036;036;;lazo nuevo del área 100: 36 → 3
plan_migracion_p1_p2_y_mieles_280926.csv:10;A_NUEVO;INSERT;;100_LXV_003;;100;L;3;Slot_IS_MESA_CANA_PICADA (Local:10:O.Ch2Data);Slot_IS_MESA_CANA_PICADA (Local:10:O.Ch2Data);NO_INSERTAR_REVISION;;NO;6f8f9c349c992da112609613a05066d0d1964c843826b29ae8be27e0517fb0b8;dc4d9c212588bb91e17556e08dde263727545987868b45fb11da8fe7ebe80522;"196 registros e integridad OK; 119/119 filas del respaldo previo idénticas en ID/tag/área/descripción; faltan 77 filas de línea base 196 para acreditar identidad total";A_NUEVO;40;PID_CONTROL_MESA_NORTE_SUR;TRAPICHE2022;INSERT;;;100_LXV_036;;100;L;;036;XV;SALIDA;Slot_IS_MESA_CANA_PICADA (Local:10:O.Ch2Data);Slot_IS_MESA_CANA_PICADA (Local:10:O.Ch2Data);;LIBRE_EN_DB;SIN_COINCIDENCIA;"ISA:NINGUNO; LITERAL_MUESTRA:inventario_plcs_20260806_085612-PLC_Trapiche.xlsx:Program:ARRANQUE_MOTORES.BNOT_36 | inventario_plcs_20260806_085612-PLC_Trapiche.xlsx:Program:ESCALADOS.SCL_36 | inventario_plcs_20260806_085612-PLC_Trapiche.xlsx:Program:PID.SCL_36";NO_INSERTAR_REVISION;;;;;;;;;;;;;;;;;;;;;;;;;;;HOMOLOGADO;100_LXV_036;036;;lazo nuevo del área 100: 36 → 3
plan_migracion_p1_p2_y_mieles_280926.csv:11;A_NUEVO;INSERT;;400_FT_005;;400;F;5;FT_JUGO_SECUNDARIO_REAL <- nodo 163 (pin in) en SULFO_ENCALADO/ESCALADO_AI <- bloque SCL (pin InEUMin) en SULFO_ENCALADO/ESCALADO_AI <- constante 0.0 <- bloque SCL (pin Limiting) en SULFO_ENCALADO/ESCALADO_AI <- constante 1 <- bloque SCL (pin InRawMax) en SULFO_ENCALADO/ESCALADO_AI;SULFO_ENCALADO:3:I.Ch1Data (SULFO_ENCALADO:3:I.Ch1Data);NO_INSERTAR_REVISION;;NO;6f8f9c349c992da112609613a05066d0d1964c843826b29ae8be27e0517fb0b8;dc4d9c212588bb91e17556e08dde263727545987868b45fb11da8fe7ebe80522;"196 registros e integridad OK; 119/119 filas del respaldo previo idénticas en ID/tag/área/descripción; faltan 77 filas de línea base 196 para acreditar identidad total";A_NUEVO;35;B_Ctrol_FT_JUGO_SECUNDARIO;FABRICA;INSERT;;;400_FT_005;;400;F;;005;T;ENTRADA;FT_JUGO_SECUNDARIO_REAL <- nodo 163 (pin in) en SULFO_ENCALADO/ESCALADO_AI <- bloque SCL (pin InEUMin) en SULFO_ENCALADO/ESCALADO_AI <- constante 0.0 <- bloque SCL (pin Limiting) en SULFO_ENCALADO/ESCALADO_AI <- constante 1 <- bloque SCL (pin InRawMax) en SULFO_ENCALADO/ESCALADO_AI;SULFO_ENCALADO:3:I.Ch1Data (SULFO_ENCALADO:3:I.Ch1Data);;LIBRE_EN_DB;SIN_COINCIDENCIA;"ISA:NINGUNO; LITERAL_MUESTRA:inventario_plcs_20260806_085528-PLC_Fabrica.xlsx:SULFO_ENCALADO:5:I | inventario_plcs_20260806_085528-PLC_Fabrica.xlsx:SULFO_ENCALADO:5:C";NO_INSERTAR_REVISION;;;;;;;;;;;;;;;;;;;;;;;;;;;HOMOLOGADO;400_FT_005;005;;sin cambio
plan_migracion_p1_p2_y_mieles_280926.csv:12;A_NUEVO;INSERT;;400_FIC_005;;400;F;5;B_Ctrol_FT_JUGO_SECUNDARIO;;NO_INSERTAR_REVISION;;NO;6f8f9c349c992da112609613a05066d0d1964c843826b29ae8be27e0517fb0b8;dc4d9c212588bb91e17556e08dde263727545987868b45fb11da8fe7ebe80522;"196 registros e integridad OK; 119/119 filas del respaldo previo idénticas en ID/tag/área/descripción; faltan 77 filas de línea base 196 para acreditar identidad total";A_NUEVO;35;B_Ctrol_FT_JUGO_SECUNDARIO;FABRICA;INSERT;;;400_FIC_005;;400;F;;005;IC;CONTROLADOR;B_Ctrol_FT_JUGO_SECUNDARIO;;;LIBRE_EN_DB;SIN_COINCIDENCIA;"ISA:NINGUNO; LITERAL_MUESTRA:inventario_plcs_20260806_085528-PLC_Fabrica.xlsx:SULFO_ENCALADO:5:I | inventario_plcs_20260806_085528-PLC_Fabrica.xlsx:SULFO_ENCALADO:5:C";NO_INSERTAR_REVISION;;;;;;;;;;;;;;;;;;;;;;;;;;;HOMOLOGADO;400_FIC_005;005;;sin cambio
plan_migracion_p1_p2_y_mieles_280926.csv:13;A_NUEVO;INSERT;;400_FXV_005A;;400;F;5;Slot_IS_BBA_JUGO_SECUNDARIO_NORTE;Slot_IS_BBA_JUGO_SECUNDARIO_NORTE;NO_INSERTAR_REVISION;;NO;6f8f9c349c992da112609613a05066d0d1964c843826b29ae8be27e0517fb0b8;dc4d9c212588bb91e17556e08dde263727545987868b45fb11da8fe7ebe80522;"196 registros e integridad OK; 119/119 filas del respaldo previo idénticas en ID/tag/área/descripción; faltan 77 filas de línea base 196 para acreditar identidad total";A_NUEVO;35;B_Ctrol_FT_JUGO_SECUNDARIO;FABRICA;INSERT;;;400_FXV_005A;;400;F;;005;XV;SALIDA;Slot_IS_BBA_JUGO_SECUNDARIO_NORTE;Slot_IS_BBA_JUGO_SECUNDARIO_NORTE;;LIBRE_EN_DB;SIN_COINCIDENCIA;"ISA:NINGUNO; LITERAL_MUESTRA:inventario_plcs_20260806_085528-PLC_Fabrica.xlsx:SULFO_ENCALADO:5:I | inventario_plcs_20260806_085528-PLC_Fabrica.xlsx:SULFO_ENCALADO:5:C";NO_INSERTAR_REVISION;;;;;;;;;;;;;;;;;;;;;;;;;;;HOMOLOGADO;400_FXV_005A;005;;sin cambio
plan_migracion_p1_p2_y_mieles_280926.csv:14;A_NUEVO;INSERT;;400_FXV_005B;;400;F;5;Slot_IS_BBA_JUGO_SECUNDARIO_SUR;Slot_IS_BBA_JUGO_SECUNDARIO_SUR;NO_INSERTAR_REVISION;;NO;6f8f9c349c992da112609613a05066d0d1964c843826b29ae8be27e0517fb0b8;dc4d9c212588bb91e17556e08dde263727545987868b45fb11da8fe7ebe80522;"196 registros e integridad OK; 119/119 filas del respaldo previo idénticas en ID/tag/área/descripción; faltan 77 filas de línea base 196 para acreditar identidad total";A_NUEVO;35;B_Ctrol_FT_JUGO_SECUNDARIO;FABRICA;INSERT;;;400_FXV_005B;;400;F;;005;XV;SALIDA;Slot_IS_BBA_JUGO_SECUNDARIO_SUR;Slot_IS_BBA_JUGO_SECUNDARIO_SUR;;LIBRE_EN_DB;SIN_COINCIDENCIA;"ISA:NINGUNO; LITERAL_MUESTRA:inventario_plcs_20260806_085528-PLC_Fabrica.xlsx:SULFO_ENCALADO:5:I | inventario_plcs_20260806_085528-PLC_Fabrica.xlsx:SULFO_ENCALADO:5:C";NO_INSERTAR_REVISION;;;;;;;;;;;;;;;;;;;;;;;;;;;HOMOLOGADO;400_FXV_005B;005;;sin cambio
plan_migracion_p1_p2_y_mieles_280926.csv:15;B_MIELES;INSERT;;700_LT_003;;700;L;3;LT_TK_MIEL_RICA_2;CANAL_CRUDO:FLEX5000_MIELES:1:I.Ch01.Data;NO_INSERTAR_REVISION;"Addendum NO_INSERTAR; sujeto a revisión final.";NO;6f8f9c349c992da112609613a05066d0d1964c843826b29ae8be27e0517fb0b8;dc4d9c212588bb91e17556e08dde263727545987868b45fb11da8fe7ebe80522;"196 registros e integridad OK; 119/119 filas del respaldo previo idénticas en ID/tag/área/descripción; faltan 77 filas de línea base 196 para acreditar identidad total";B_MIELES;;CONTROL_NIVEL_TK_MIEL_2;FABRICA;INSERT;;;700_LT_012;;700;L;;012;T;ENTRADA;LT_TK_MIEL_RICA_2;CANAL_CRUDO:FLEX5000_MIELES:1:I.Ch01.Data;;LIBRE_EN_DB;SIN_COINCIDENCIA;"ISA:NINGUNO; LITERAL_MUESTRA:inventario_plcs_20260806_085528-PLC_Fabrica.xlsx:CCV_S12_TCV_SAT_USINA_INF | inventario_plcs_20260806_085528-PLC_Fabrica.xlsx:CCV_S12_PCV_VG1_REB_DEST | inventario_plcs_20260806_094309-PLC_Centrifuga_1ra.xlsx:Program:MainProgram.SCL_12";NO_INSERTAR_REVISION;"Addendum NO_INSERTAR; sujeto a revisión final.";;;;;;;;;;;;;;;;;;;;;;;;;;HOMOLOGADO;700_LT_012;012;;lazo nuevo del área 700: 12 → 3
plan_migracion_p1_p2_y_mieles_280926.csv:16;B_MIELES;INSERT;;700_LIC_003;;700;L;3;CONTROL_NIVEL_TK_MIEL_2;;NO_INSERTAR_REVISION;"Addendum NO_INSERTAR; sujeto a revisión final.";NO;6f8f9c349c992da112609613a05066d0d1964c843826b29ae8be27e0517fb0b8;dc4d9c212588bb91e17556e08dde263727545987868b45fb11da8fe7ebe80522;"196 registros e integridad OK; 119/119 filas del respaldo previo idénticas en ID/tag/área/descripción; faltan 77 filas de línea base 196 para acreditar identidad total";B_MIELES;;CONTROL_NIVEL_TK_MIEL_2;FABRICA;INSERT;;;700_LIC_012;;700;L;;012;IC;CONTROLADOR;CONTROL_NIVEL_TK_MIEL_2;;;LIBRE_EN_DB;SIN_COINCIDENCIA;"ISA:NINGUNO; LITERAL_MUESTRA:inventario_plcs_20260806_085528-PLC_Fabrica.xlsx:CCV_S12_TCV_SAT_USINA_INF | inventario_plcs_20260806_085528-PLC_Fabrica.xlsx:CCV_S12_PCV_VG1_REB_DEST | inventario_plcs_20260806_094309-PLC_Centrifuga_1ra.xlsx:Program:MainProgram.SCL_12";NO_INSERTAR_REVISION;"Addendum NO_INSERTAR; sujeto a revisión final.";;;;;;;;;;;;;;;;;;;;;;;;;;HOMOLOGADO;700_LIC_012;012;;lazo nuevo del área 700: 12 → 3
plan_migracion_p1_p2_y_mieles_280926.csv:17;B_MIELES;INSERT;;700_LY_003;;700;L;3;WEG_MIEL_POBRE_DE_1ERA_BACKUP:O.Data[1] | WEG_MIEL_RICA_DE_1ERA:O.Data[1];WEG_MIEL_POBRE_DE_1ERA_BACKUP:O.Data[1] | WEG_MIEL_RICA_DE_1ERA:O.Data[1];NO_INSERTAR_REVISION;"Addendum NO_INSERTAR; sujeto a revisión final.";NO;6f8f9c349c992da112609613a05066d0d1964c843826b29ae8be27e0517fb0b8;dc4d9c212588bb91e17556e08dde263727545987868b45fb11da8fe7ebe80522;"196 registros e integridad OK; 119/119 filas del respaldo previo idénticas en ID/tag/área/descripción; faltan 77 filas de línea base 196 para acreditar identidad total";B_MIELES;;CONTROL_NIVEL_TK_MIEL_2;FABRICA;INSERT;;;700_LY_012;;700;L;;012;Y;SALIDA;WEG_MIEL_POBRE_DE_1ERA_BACKUP:O.Data[1] | WEG_MIEL_RICA_DE_1ERA:O.Data[1];WEG_MIEL_POBRE_DE_1ERA_BACKUP:O.Data[1] | WEG_MIEL_RICA_DE_1ERA:O.Data[1];;LIBRE_EN_DB;SIN_COINCIDENCIA;"ISA:NINGUNO; LITERAL_MUESTRA:inventario_plcs_20260806_085528-PLC_Fabrica.xlsx:CCV_S12_TCV_SAT_USINA_INF | inventario_plcs_20260806_085528-PLC_Fabrica.xlsx:CCV_S12_PCV_VG1_REB_DEST | inventario_plcs_20260806_094309-PLC_Centrifuga_1ra.xlsx:Program:MainProgram.SCL_12";NO_INSERTAR_REVISION;"Addendum NO_INSERTAR; sujeto a revisión final.";;;;;;;;;;;;;;;;;;;;;;;;;;HOMOLOGADO;700_LY_012;012;;lazo nuevo del área 700: 12 → 3
plan_migracion_p1_p2_y_mieles_280926.csv:18;B_MIELES;;;;;;;;LT_TK_MIEL_CENT_1ERA;;PENDIENTE_REEMPLAZADO;"Sustituida por tres INSERT candidatos de LAZOS_COMPLETOS_3_4; no contar dos veces.";NO;6f8f9c349c992da112609613a05066d0d1964c843826b29ae8be27e0517fb0b8;dc4d9c212588bb91e17556e08dde263727545987868b45fb11da8fe7ebe80522;"196 registros e integridad OK; 119/119 filas del respaldo previo idénticas en ID/tag/área/descripción; faltan 77 filas de línea base 196 para acreditar identidad total";B_MIELES;;CONTROL_NIVEL_TK_MIEL1;FABRICA;PENDIENTE_SIN_OPERACION;;;;;;;;;;PENDIENTE_R-C;LT_TK_MIEL_CENT_1ERA;;;;;;BLOQUEADO_NO_NUMERAR;"Cuarta fila del Addendum sin número ni tag; no es INSERT ni MANTENER de una fila de producción.";;;;;;;;;;;;;;;;;;;;;;;;;;NO_APLICA;;;;
plan_migracion_p1_p2_y_mieles_280926.csv:19;C_GONELLA;UPDATE;000_LT_008;250_LT_003;1203;250;L;003;GONELLA_LT_DESAIREADOR;Local:16:I.Ch[2].Data;NO_INSERTAR_REVISION;Preserva ID del transmisor compartido, no lo deja huérfano.;NO;6f8f9c349c992da112609613a05066d0d1964c843826b29ae8be27e0517fb0b8;dc4d9c212588bb91e17556e08dde263727545987868b45fb11da8fe7ebe80522;"196 registros e integridad OK; 119/119 filas del respaldo previo idénticas en ID/tag/área/descripción; faltan 77 filas de línea base 196 para acreditar identidad total";C_GONELLA;5;CONTROL_NIVEL_02;DIBACCO;UPDATE;1203;000_LT_008;250_LT_003;000;250;L;8;003;T;ENTRADA;GONELLA_LT_DESAIREADOR;Local:16:I.Ch[2].Data;"Transmisor — sensor compartido; lazos poseedores: DIBACCO/MainProgram/AI_Gonella/CONTROL_NIVEL_02 | DIBACCO/MainProgram/AI_Gonella/CONTROL_NIVEL_2_01; Migrado de: GONELLA_LT_DESAIREADOR; rutina AI_Gonella; área 000 (Recepción y Preparación de Caña (Desfibrador))";LIBRE_EN_DB;SIN_COINCIDENCIA;"ISA:NINGUNO; LITERAL_MUESTRA:inventario_plcs_20260806_085228-PLC_Bio.xlsx:Local:3:C | inventario_plcs_20260806_085228-PLC_Bio.xlsx:Local:3:I | inventario_plcs_20260806_085228-PLC_Bio.xlsx:EQ_B03";NO_INSERTAR_REVISION;Preserva ID del transmisor compartido, no lo deja huérfano.;;;;;;;;;;;;;;;;;;;;;;;;;;HOMOLOGADO;;;;
plan_migracion_p1_p2_y_mieles_280926.csv:20;C_GONELLA;DELETE;000_LT_009;;1204;000;L;009;;;NO_INSERTAR_REVISION;Sustituido por sensor 250_LT_003 y rama A;NO;6f8f9c349c992da112609613a05066d0d1964c843826b29ae8be27e0517fb0b8;dc4d9c212588bb91e17556e08dde263727545987868b45fb11da8fe7ebe80522;"196 registros e integridad OK; 119/119 filas del respaldo previo idénticas en ID/tag/área/descripción; faltan 77 filas de línea base 196 para acreditar identidad total";C_GONELLA;5;CONTROL_NIVEL_02;DIBACCO;DELETE;1204;000_LT_009;;000;000;L;9;009;T;ENTRADA_DUPLICADA;;;"Transmisor — lazo CONTROL_NIVEL_02; Migrado de: GONELLA_LT_DESAIREADOR; rutina AI_Gonella; área 000 (Recepción y Preparación de Caña (Desfibrador))";NO_APLICA;SIN_COINCIDENCIA;NO_APLICA;NO_INSERTAR_REVISION;Sustituido por sensor 250_LT_003 y rama A;;;;;;;;;;;;;;;;;;;;;;;;;;HOMOLOGADO;;;;
plan_migracion_p1_p2_y_mieles_280926.csv:21;C_GONELLA;DELETE;000_LIC_009;;1205;000;L;009;;;NO_INSERTAR_REVISION;Sustituido por sensor 250_LT_003 y rama A;NO;6f8f9c349c992da112609613a05066d0d1964c843826b29ae8be27e0517fb0b8;dc4d9c212588bb91e17556e08dde263727545987868b45fb11da8fe7ebe80522;"196 registros e integridad OK; 119/119 filas del respaldo previo idénticas en ID/tag/área/descripción; faltan 77 filas de línea base 196 para acreditar identidad total";C_GONELLA;5;CONTROL_NIVEL_02;DIBACCO;DELETE;1205;000_LIC_009;;000;000;L;9;009;IC;CONTROLADOR_ANTERIOR;;;"Controlador indicador — lazo CONTROL_NIVEL_02; Migrado de: CONTROL_NIVEL_02; rutina AI_Gonella; área 000 (Recepción y Preparación de Caña (Desfibrador))";NO_APLICA;SIN_COINCIDENCIA;NO_APLICA;NO_INSERTAR_REVISION;Sustituido por sensor 250_LT_003 y rama A;;;;;;;;;;;;;;;;;;;;;;;;;;HOMOLOGADO;;;;
plan_migracion_p1_p2_y_mieles_280926.csv:22;C_GONELLA;DELETE;000_LV_009;;1206;000;L;009;;;NO_INSERTAR_REVISION;Sustituido por sensor 250_LT_003 y rama A;NO;6f8f9c349c992da112609613a05066d0d1964c843826b29ae8be27e0517fb0b8;dc4d9c212588bb91e17556e08dde263727545987868b45fb11da8fe7ebe80522;"196 registros e integridad OK; 119/119 filas del respaldo previo idénticas en ID/tag/área/descripción; faltan 77 filas de línea base 196 para acreditar identidad total";C_GONELLA;5;CONTROL_NIVEL_02;DIBACCO;DELETE;1206;000_LV_009;;000;000;L;9;009;V;SALIDA_ANTERIOR;;;"Válvula de control — lazo CONTROL_NIVEL_02; Migrado de: VALVULA_DESAGOTE_DES_G (Local:14:O.Ch1Data); rutina AI_Gonella; área 000 (Recepción y Preparación de Caña (Desfibrador))";NO_APLICA;SIN_COINCIDENCIA;NO_APLICA;NO_INSERTAR_REVISION;Sustituido por sensor 250_LT_003 y rama A;;;;;;;;;;;;;;;;;;;;;;;;;;HOMOLOGADO;;;;
plan_migracion_p1_p2_y_mieles_280926.csv:23;C_GONELLA;INSERT;;250_LIC_003A;;250;L;3;CONTROL_NIVEL_02;;NO_INSERTAR_REVISION;;NO;6f8f9c349c992da112609613a05066d0d1964c843826b29ae8be27e0517fb0b8;dc4d9c212588bb91e17556e08dde263727545987868b45fb11da8fe7ebe80522;"196 registros e integridad OK; 119/119 filas del respaldo previo idénticas en ID/tag/área/descripción; faltan 77 filas de línea base 196 para acreditar identidad total";C_GONELLA;5;CONTROL_NIVEL_02;DIBACCO;INSERT;;;250_LIC_003A;;250;L;;003;IC;CONTROLADOR;CONTROL_NIVEL_02;;;LIBRE_EN_DB;SIN_COINCIDENCIA;"ISA:NINGUNO; LITERAL_MUESTRA:inventario_plcs_20260806_085228-PLC_Bio.xlsx:Local:3:C | inventario_plcs_20260806_085228-PLC_Bio.xlsx:Local:3:I | inventario_plcs_20260806_085228-PLC_Bio.xlsx:EQ_B03";NO_INSERTAR_REVISION;;;;;;;;;;;;;;;;;;;;;;;;;;;HOMOLOGADO;250_LIC_003A;003;;sin cambio
plan_migracion_p1_p2_y_mieles_280926.csv:24;C_GONELLA;INSERT;;250_LV_003A;;250;L;3;VALVULA_DESAGOTE_DES_G;VALVULA_DESAGOTE_DES_G;NO_INSERTAR_REVISION;;NO;6f8f9c349c992da112609613a05066d0d1964c843826b29ae8be27e0517fb0b8;dc4d9c212588bb91e17556e08dde263727545987868b45fb11da8fe7ebe80522;"196 registros e integridad OK; 119/119 filas del respaldo previo idénticas en ID/tag/área/descripción; faltan 77 filas de línea base 196 para acreditar identidad total";C_GONELLA;5;CONTROL_NIVEL_02;DIBACCO;INSERT;;;250_LV_003A;;250;L;;003;V;SALIDA;VALVULA_DESAGOTE_DES_G;VALVULA_DESAGOTE_DES_G;;LIBRE_EN_DB;SIN_COINCIDENCIA;"ISA:NINGUNO; LITERAL_MUESTRA:inventario_plcs_20260806_085228-PLC_Bio.xlsx:Local:3:C | inventario_plcs_20260806_085228-PLC_Bio.xlsx:Local:3:I | inventario_plcs_20260806_085228-PLC_Bio.xlsx:EQ_B03";NO_INSERTAR_REVISION;;;;;;;;;;;;;;;;;;;;;;;;;;;HOMOLOGADO;250_LV_003A;003;;sin cambio
plan_migracion_p1_p2_y_mieles_280926.csv:25;C_GONELLA;DELETE;000_LT_016;;1207;000;L;016;;;NO_INSERTAR_REVISION;Sustituido por sensor 250_LT_003 y rama B;NO;6f8f9c349c992da112609613a05066d0d1964c843826b29ae8be27e0517fb0b8;dc4d9c212588bb91e17556e08dde263727545987868b45fb11da8fe7ebe80522;"196 registros e integridad OK; 119/119 filas del respaldo previo idénticas en ID/tag/área/descripción; faltan 77 filas de línea base 196 para acreditar identidad total";C_GONELLA;6;CONTROL_NIVEL_2_01;DIBACCO;DELETE;1207;000_LT_016;;000;000;L;16;016;T;ENTRADA_DUPLICADA;;;"Transmisor — lazo CONTROL_NIVEL_2_01; Migrado de: GONELLA_LT_DESAIREADOR; rutina AI_Gonella; área 000 (Recepción y Preparación de Caña (Desfibrador))";NO_APLICA;SIN_COINCIDENCIA;NO_APLICA;NO_INSERTAR_REVISION;Sustituido por sensor 250_LT_003 y rama B;;;;;;;;;;;;;;;;;;;;;;;;;;HOMOLOGADO;;;;
plan_migracion_p1_p2_y_mieles_280926.csv:26;C_GONELLA;DELETE;000_LIC_016;;1208;000;L;016;;;NO_INSERTAR_REVISION;Sustituido por sensor 250_LT_003 y rama B;NO;6f8f9c349c992da112609613a05066d0d1964c843826b29ae8be27e0517fb0b8;dc4d9c212588bb91e17556e08dde263727545987868b45fb11da8fe7ebe80522;"196 registros e integridad OK; 119/119 filas del respaldo previo idénticas en ID/tag/área/descripción; faltan 77 filas de línea base 196 para acreditar identidad total";C_GONELLA;6;CONTROL_NIVEL_2_01;DIBACCO;DELETE;1208;000_LIC_016;;000;000;L;16;016;IC;CONTROLADOR_ANTERIOR;;;"Controlador indicador — lazo CONTROL_NIVEL_2_01; Migrado de: CONTROL_NIVEL_2_01; rutina AI_Gonella; área 000 (Recepción y Preparación de Caña (Desfibrador))";NO_APLICA;SIN_COINCIDENCIA;NO_APLICA;NO_INSERTAR_REVISION;Sustituido por sensor 250_LT_003 y rama B;;;;;;;;;;;;;;;;;;;;;;;;;;HOMOLOGADO;;;;
plan_migracion_p1_p2_y_mieles_280926.csv:27;C_GONELLA;DELETE;000_LV_016;;1209;000;L;016;;;NO_INSERTAR_REVISION;Sustituido por sensor 250_LT_003 y rama B;NO;6f8f9c349c992da112609613a05066d0d1964c843826b29ae8be27e0517fb0b8;dc4d9c212588bb91e17556e08dde263727545987868b45fb11da8fe7ebe80522;"196 registros e integridad OK; 119/119 filas del respaldo previo idénticas en ID/tag/área/descripción; faltan 77 filas de línea base 196 para acreditar identidad total";C_GONELLA;6;CONTROL_NIVEL_2_01;DIBACCO;DELETE;1209;000_LV_016;;000;000;L;16;016;V;SALIDA_ANTERIOR;;;"Válvula de control — lazo CONTROL_NIVEL_2_01; Migrado de: VALVULA_ALIMENTACION_DES (Local:14:O.Ch2Data); rutina AI_Gonella; área 000 (Recepción y Preparación de Caña (Desfibrador))";NO_APLICA;SIN_COINCIDENCIA;NO_APLICA;NO_INSERTAR_REVISION;Sustituido por sensor 250_LT_003 y rama B;;;;;;;;;;;;;;;;;;;;;;;;;;HOMOLOGADO;;;;
plan_migracion_p1_p2_y_mieles_280926.csv:28;C_GONELLA;INSERT;;250_LIC_003B;;250;L;3;CONTROL_NIVEL_2_01;;NO_INSERTAR_REVISION;;NO;6f8f9c349c992da112609613a05066d0d1964c843826b29ae8be27e0517fb0b8;dc4d9c212588bb91e17556e08dde263727545987868b45fb11da8fe7ebe80522;"196 registros e integridad OK; 119/119 filas del respaldo previo idénticas en ID/tag/área/descripción; faltan 77 filas de línea base 196 para acreditar identidad total";C_GONELLA;6;CONTROL_NIVEL_2_01;DIBACCO;INSERT;;;250_LIC_003B;;250;L;;003;IC;CONTROLADOR;CONTROL_NIVEL_2_01;;;LIBRE_EN_DB;SIN_COINCIDENCIA;"ISA:NINGUNO; LITERAL_MUESTRA:inventario_plcs_20260806_085228-PLC_Bio.xlsx:Local:3:C | inventario_plcs_20260806_085228-PLC_Bio.xlsx:Local:3:I | inventario_plcs_20260806_085228-PLC_Bio.xlsx:EQ_B03";NO_INSERTAR_REVISION;;;;;;;;;;;;;;;;;;;;;;;;;;;HOMOLOGADO;250_LIC_003B;003;;sin cambio
plan_migracion_p1_p2_y_mieles_280926.csv:29;C_GONELLA;INSERT;;250_LV_003B;;250;L;3;VALVULA_ALIMENTACION_DES;VALVULA_ALIMENTACION_DES;NO_INSERTAR_REVISION;;NO;6f8f9c349c992da112609613a05066d0d1964c843826b29ae8be27e0517fb0b8;dc4d9c212588bb91e17556e08dde263727545987868b45fb11da8fe7ebe80522;"196 registros e integridad OK; 119/119 filas del respaldo previo idénticas en ID/tag/área/descripción; faltan 77 filas de línea base 196 para acreditar identidad total";C_GONELLA;6;CONTROL_NIVEL_2_01;DIBACCO;INSERT;;;250_LV_003B;;250;L;;003;V;SALIDA;VALVULA_ALIMENTACION_DES;VALVULA_ALIMENTACION_DES;;LIBRE_EN_DB;SIN_COINCIDENCIA;"ISA:NINGUNO; LITERAL_MUESTRA:inventario_plcs_20260806_085228-PLC_Bio.xlsx:Local:3:C | inventario_plcs_20260806_085228-PLC_Bio.xlsx:Local:3:I | inventario_plcs_20260806_085228-PLC_Bio.xlsx:EQ_B03";NO_INSERTAR_REVISION;;;;;;;;;;;;;;;;;;;;;;;;;;;HOMOLOGADO;250_LV_003B;003;;sin cambio
plan_migracion_p1_p2_y_mieles_280926.csv:30;C_ESCAPE;MANTENER;700_PT_024;700_PT_024;1259;700;P;024;;;MANTENER_HOMOLOGADO;;NO;6f8f9c349c992da112609613a05066d0d1964c843826b29ae8be27e0517fb0b8;dc4d9c212588bb91e17556e08dde263727545987868b45fb11da8fe7ebe80522;"196 registros e integridad OK; 119/119 filas del respaldo previo idénticas en ID/tag/área/descripción; faltan 77 filas de línea base 196 para acreditar identidad total";C_ESCAPE;9;B_PC_ALTA_ESC_L1;FABRICA;MANTENER;1259;700_PT_024;700_PT_024;700;700;P;24;024;T;ENTRADA;;;"Transmisor — lazo B_PC_ALTA_ESC_L1; Migrado de: \FAB_ESCALADOS.CCV_PT_VAP_ESCAPE; rutina CCV_PC_ALTA_ESCAPE; área 700 (Centrifugado / Purga)";BASE_PROPIA_EXISTENTE;SIN_COINCIDENCIA;"ISA:NINGUNO; LITERAL_MUESTRA:inventario_plcs_20260806_094309-PLC_Centrifuga_1ra.xlsx:Program:MainProgram.SCL_24 | inventario_plcs_20260806_094309-PLC_Centrifuga_1ra.xlsx:Program:MainProgram.SETD_24 | inventario_plcs_20260806_094309-PLC_Centrifuga_1ra.xlsx:Program:MainProgram.BOR_24";MANTENER_HOMOLOGADO;;;;;;;;;;;;;;;;;;;;;;;;;;;MANTENER_HOMOLOGADO;;;;
plan_migracion_p1_p2_y_mieles_280926.csv:31;C_ESCAPE;UPDATE;700_PIC_024;700_PIC_024A;1260;700;P;024;B_PC_ALTA_ESC_L1;;NO_INSERTAR_REVISION;;NO;6f8f9c349c992da112609613a05066d0d1964c843826b29ae8be27e0517fb0b8;dc4d9c212588bb91e17556e08dde263727545987868b45fb11da8fe7ebe80522;"196 registros e integridad OK; 119/119 filas del respaldo previo idénticas en ID/tag/área/descripción; faltan 77 filas de línea base 196 para acreditar identidad total";C_ESCAPE;9;B_PC_ALTA_ESC_L1;FABRICA;UPDATE;1260;700_PIC_024;700_PIC_024A;700;700;P;24;024;IC;CONTROLADOR;B_PC_ALTA_ESC_L1;;"Controlador indicador — lazo B_PC_ALTA_ESC_L1; Migrado de: B_PC_ALTA_ESC_L1; rutina CCV_PC_ALTA_ESCAPE; área 700 (Centrifugado / Purga)";BASE_PROPIA_EXISTENTE;SIN_COINCIDENCIA;"ISA:NINGUNO; LITERAL_MUESTRA:inventario_plcs_20260806_094309-PLC_Centrifuga_1ra.xlsx:Program:MainProgram.SCL_24 | inventario_plcs_20260806_094309-PLC_Centrifuga_1ra.xlsx:Program:MainProgram.SETD_24 | inventario_plcs_20260806_094309-PLC_Centrifuga_1ra.xlsx:Program:MainProgram.BOR_24";NO_INSERTAR_REVISION;;;;;;;;;;;;;;;;;;;;;;;;;;;HOMOLOGADO;;;;
plan_migracion_p1_p2_y_mieles_280926.csv:32;C_ESCAPE;UPDATE;700_PXV_024;700_PXV_024A;1261;700;P;024;CCV_S15_PCV_ALTA_ESC_L1;CCV_S15_PCV_ALTA_ESC_L1;NO_INSERTAR_REVISION;;NO;6f8f9c349c992da112609613a05066d0d1964c843826b29ae8be27e0517fb0b8;dc4d9c212588bb91e17556e08dde263727545987868b45fb11da8fe7ebe80522;"196 registros e integridad OK; 119/119 filas del respaldo previo idénticas en ID/tag/área/descripción; faltan 77 filas de línea base 196 para acreditar identidad total";C_ESCAPE;9;B_PC_ALTA_ESC_L1;FABRICA;UPDATE;1261;700_PXV_024;700_PXV_024A;700;700;P;24;024;XV;SALIDA;CCV_S15_PCV_ALTA_ESC_L1;CCV_S15_PCV_ALTA_ESC_L1;"Válvula todo/nada — lazo B_PC_ALTA_ESC_L1; Migrado de: CCV_S15_PCV_ALTA_ESC_L1 (ISLA_FAB_AI:15:O.Ch[2].Data); rutina CCV_PC_ALTA_ESCAPE; área 700 (Centrifugado / Purga)";BASE_PROPIA_EXISTENTE;SIN_COINCIDENCIA;"ISA:NINGUNO; LITERAL_MUESTRA:inventario_plcs_20260806_094309-PLC_Centrifuga_1ra.xlsx:Program:MainProgram.SCL_24 | inventario_plcs_20260806_094309-PLC_Centrifuga_1ra.xlsx:Program:MainProgram.SETD_24 | inventario_plcs_20260806_094309-PLC_Centrifuga_1ra.xlsx:Program:MainProgram.BOR_24";NO_INSERTAR_REVISION;;;;;;;;;;;;;;;;;;;;;;;;;;;HOMOLOGADO;;;;
plan_migracion_p1_p2_y_mieles_280926.csv:33;C_ESCAPE;DELETE;700_PT_025;;1262;700;P;025;;;NO_INSERTAR_REVISION;Unificado en 700_PT_024;NO;6f8f9c349c992da112609613a05066d0d1964c843826b29ae8be27e0517fb0b8;dc4d9c212588bb91e17556e08dde263727545987868b45fb11da8fe7ebe80522;"196 registros e integridad OK; 119/119 filas del respaldo previo idénticas en ID/tag/área/descripción; faltan 77 filas de línea base 196 para acreditar identidad total";C_ESCAPE;10;B_PC_ALTA_ESC_L2;FABRICA;DELETE;1262;700_PT_025;;700;700;P;25;025;T;TRANSMISOR_DUPLICADO;;;"Transmisor — lazo B_PC_ALTA_ESC_L2; Migrado de: \FAB_ESCALADOS.CCV_PT_VAP_ESCAPE; rutina CCV_PC_ALTA_ESCAPE; área 700 (Centrifugado / Purga)";NO_APLICA;SIN_COINCIDENCIA;"ISA:NINGUNO; LITERAL_MUESTRA:NINGUNO";NO_INSERTAR_REVISION;Unificado en 700_PT_024;;;;;;;;;;;;;;;;;;;;;;;;;;HOMOLOGADO;;;;
plan_migracion_p1_p2_y_mieles_280926.csv:34;C_ESCAPE;UPDATE;700_PIC_025;700_PIC_024B;1263;700;P;024;B_PC_ALTA_ESC_L2;;NO_INSERTAR_REVISION;;NO;6f8f9c349c992da112609613a05066d0d1964c843826b29ae8be27e0517fb0b8;dc4d9c212588bb91e17556e08dde263727545987868b45fb11da8fe7ebe80522;"196 registros e integridad OK; 119/119 filas del respaldo previo idénticas en ID/tag/área/descripción; faltan 77 filas de línea base 196 para acreditar identidad total";C_ESCAPE;10;B_PC_ALTA_ESC_L2;FABRICA;UPDATE;1263;700_PIC_025;700_PIC_024B;700;700;P;25;024;IC;CONTROLADOR;B_PC_ALTA_ESC_L2;;"Controlador indicador — lazo B_PC_ALTA_ESC_L2; Migrado de: B_PC_ALTA_ESC_L2; rutina CCV_PC_ALTA_ESCAPE; área 700 (Centrifugado / Purga)";BASE_PROPIA_EXISTENTE;SIN_COINCIDENCIA;"ISA:NINGUNO; LITERAL_MUESTRA:inventario_plcs_20260806_094309-PLC_Centrifuga_1ra.xlsx:Program:MainProgram.SCL_24 | inventario_plcs_20260806_094309-PLC_Centrifuga_1ra.xlsx:Program:MainProgram.SETD_24 | inventario_plcs_20260806_094309-PLC_Centrifuga_1ra.xlsx:Program:MainProgram.BOR_24";NO_INSERTAR_REVISION;;;;;;;;;;;;;;;;;;;;;;;;;;;HOMOLOGADO;;;;
plan_migracion_p1_p2_y_mieles_280926.csv:35;C_ESCAPE;UPDATE;700_PXV_025;700_PXV_024B;1264;700;P;024;CCV_S15_PCV_ALTA_ESC_L2;CCV_S15_PCV_ALTA_ESC_L2;NO_INSERTAR_REVISION;;NO;6f8f9c349c992da112609613a05066d0d1964c843826b29ae8be27e0517fb0b8;dc4d9c212588bb91e17556e08dde263727545987868b45fb11da8fe7ebe80522;"196 registros e integridad OK; 119/119 filas del respaldo previo idénticas en ID/tag/área/descripción; faltan 77 filas de línea base 196 para acreditar identidad total";C_ESCAPE;10;B_PC_ALTA_ESC_L2;FABRICA;UPDATE;1264;700_PXV_025;700_PXV_024B;700;700;P;25;024;XV;SALIDA;CCV_S15_PCV_ALTA_ESC_L2;CCV_S15_PCV_ALTA_ESC_L2;"Válvula todo/nada — lazo B_PC_ALTA_ESC_L2; Migrado de: CCV_S15_PCV_ALTA_ESC_L2 (ISLA_FAB_AI:15:O.Ch[3].Data); rutina CCV_PC_ALTA_ESCAPE; área 700 (Centrifugado / Purga)";BASE_PROPIA_EXISTENTE;SIN_COINCIDENCIA;"ISA:NINGUNO; LITERAL_MUESTRA:inventario_plcs_20260806_094309-PLC_Centrifuga_1ra.xlsx:Program:MainProgram.SCL_24 | inventario_plcs_20260806_094309-PLC_Centrifuga_1ra.xlsx:Program:MainProgram.SETD_24 | inventario_plcs_20260806_094309-PLC_Centrifuga_1ra.xlsx:Program:MainProgram.BOR_24";NO_INSERTAR_REVISION;;;;;;;;;;;;;;;;;;;;;;;;;;;HOMOLOGADO;;;;
plan_migracion_p1_p2_y_mieles_280926.csv:36;C_ESCAPE;DELETE;700_PT_026;;1265;700;P;026;;;NO_INSERTAR_REVISION;Unificado en 700_PT_024;NO;6f8f9c349c992da112609613a05066d0d1964c843826b29ae8be27e0517fb0b8;dc4d9c212588bb91e17556e08dde263727545987868b45fb11da8fe7ebe80522;"196 registros e integridad OK; 119/119 filas del respaldo previo idénticas en ID/tag/área/descripción; faltan 77 filas de línea base 196 para acreditar identidad total";C_ESCAPE;11;B_PC_ESC_CAMPO;FABRICA;DELETE;1265;700_PT_026;;700;700;P;26;026;T;TRANSMISOR_DUPLICADO;;;"Transmisor — lazo B_PC_ESC_CAMPO; Migrado de: \FAB_ESCALADOS.CCV_PT_VAP_ESCAPE; rutina CCV_PV_ESCAPE_CAMPO; área 700 (Centrifugado / Purga)";NO_APLICA;SIN_COINCIDENCIA;"ISA:NINGUNO; LITERAL_MUESTRA:inventario_plcs_20260806_094309-PLC_Centrifuga_1ra.xlsx:Program:MainProgram.SETD_26 | inventario_plcs_20260806_094309-PLC_Centrifuga_1ra.xlsx:Program:MainProgram.BOR_26 | inventario_plcs_20260806_094309-PLC_Centrifuga_1ra.xlsx:Program:MainProgram.BAND_26";NO_INSERTAR_REVISION;Unificado en 700_PT_024;;;;;;;;;;;;;;;;;;;;;;;;;;HOMOLOGADO;;;;
plan_migracion_p1_p2_y_mieles_280926.csv:37;C_ESCAPE;UPDATE;700_PIC_026;700_PIC_024C;1266;700;P;024;B_PC_ESC_CAMPO;;NO_INSERTAR_REVISION;;NO;6f8f9c349c992da112609613a05066d0d1964c843826b29ae8be27e0517fb0b8;dc4d9c212588bb91e17556e08dde263727545987868b45fb11da8fe7ebe80522;"196 registros e integridad OK; 119/119 filas del respaldo previo idénticas en ID/tag/área/descripción; faltan 77 filas de línea base 196 para acreditar identidad total";C_ESCAPE;11;B_PC_ESC_CAMPO;FABRICA;UPDATE;1266;700_PIC_026;700_PIC_024C;700;700;P;26;024;IC;CONTROLADOR;B_PC_ESC_CAMPO;;"Controlador indicador — lazo B_PC_ESC_CAMPO; Migrado de: B_PC_ESC_CAMPO; rutina CCV_PV_ESCAPE_CAMPO; área 700 (Centrifugado / Purga)";BASE_PROPIA_EXISTENTE;SIN_COINCIDENCIA;"ISA:NINGUNO; LITERAL_MUESTRA:inventario_plcs_20260806_094309-PLC_Centrifuga_1ra.xlsx:Program:MainProgram.SCL_24 | inventario_plcs_20260806_094309-PLC_Centrifuga_1ra.xlsx:Program:MainProgram.SETD_24 | inventario_plcs_20260806_094309-PLC_Centrifuga_1ra.xlsx:Program:MainProgram.BOR_24";NO_INSERTAR_REVISION;;;;;;;;;;;;;;;;;;;;;;;;;;;HOMOLOGADO;;;;
plan_migracion_p1_p2_y_mieles_280926.csv:38;C_ESCAPE;UPDATE;700_PXV_026;700_PXV_024C;1267;700;P;024;CCV_S15_PCV_ESC_CAMPO;CCV_S15_PCV_ESC_CAMPO;NO_INSERTAR_REVISION;;NO;6f8f9c349c992da112609613a05066d0d1964c843826b29ae8be27e0517fb0b8;dc4d9c212588bb91e17556e08dde263727545987868b45fb11da8fe7ebe80522;"196 registros e integridad OK; 119/119 filas del respaldo previo idénticas en ID/tag/área/descripción; faltan 77 filas de línea base 196 para acreditar identidad total";C_ESCAPE;11;B_PC_ESC_CAMPO;FABRICA;UPDATE;1267;700_PXV_026;700_PXV_024C;700;700;P;26;024;XV;SALIDA;CCV_S15_PCV_ESC_CAMPO;CCV_S15_PCV_ESC_CAMPO;"Válvula todo/nada — lazo B_PC_ESC_CAMPO; Migrado de: CCV_S15_PCV_ESC_CAMPO (ISLA_FAB_AI:15:O.Ch[4].Data); rutina CCV_PV_ESCAPE_CAMPO; área 700 (Centrifugado / Purga)";BASE_PROPIA_EXISTENTE;SIN_COINCIDENCIA;"ISA:NINGUNO; LITERAL_MUESTRA:inventario_plcs_20260806_094309-PLC_Centrifuga_1ra.xlsx:Program:MainProgram.SCL_24 | inventario_plcs_20260806_094309-PLC_Centrifuga_1ra.xlsx:Program:MainProgram.SETD_24 | inventario_plcs_20260806_094309-PLC_Centrifuga_1ra.xlsx:Program:MainProgram.BOR_24";NO_INSERTAR_REVISION;;;;;;;;;;;;;;;;;;;;;;;;;;;HOMOLOGADO;;;;
plan_migracion_p1_p2_y_mieles_280926.csv:39;C_ESCAPE;DELETE;700_PT_028;;1271;700;P;028;;;NO_INSERTAR_REVISION;Unificado en 700_PT_024;NO;6f8f9c349c992da112609613a05066d0d1964c843826b29ae8be27e0517fb0b8;dc4d9c212588bb91e17556e08dde263727545987868b45fb11da8fe7ebe80522;"196 registros e integridad OK; 119/119 filas del respaldo previo idénticas en ID/tag/área/descripción; faltan 77 filas de línea base 196 para acreditar identidad total";C_ESCAPE;12;B_PC_ESC_TACHOS;FABRICA;DELETE;1271;700_PT_028;;700;700;P;28;028;T;TRANSMISOR_DUPLICADO;;;"Transmisor — lazo B_PC_ESC_TACHOS; Migrado de: \FAB_ESCALADOS.CCV_PT_VAP_ESCAPE; rutina CCV_PC_ESCAPE_TACHOS; área 700 (Centrifugado / Purga)";NO_APLICA;SIN_COINCIDENCIA;"ISA:NINGUNO; LITERAL_MUESTRA:NINGUNO";NO_INSERTAR_REVISION;Unificado en 700_PT_024;;;;;;;;;;;;;;;;;;;;;;;;;;HOMOLOGADO;;;;
plan_migracion_p1_p2_y_mieles_280926.csv:40;C_ESCAPE;UPDATE;700_PIC_028;700_PIC_024D;1272;700;P;024;B_PC_ESC_TACHOS;;NO_INSERTAR_REVISION;;NO;6f8f9c349c992da112609613a05066d0d1964c843826b29ae8be27e0517fb0b8;dc4d9c212588bb91e17556e08dde263727545987868b45fb11da8fe7ebe80522;"196 registros e integridad OK; 119/119 filas del respaldo previo idénticas en ID/tag/área/descripción; faltan 77 filas de línea base 196 para acreditar identidad total";C_ESCAPE;12;B_PC_ESC_TACHOS;FABRICA;UPDATE;1272;700_PIC_028;700_PIC_024D;700;700;P;28;024;IC;CONTROLADOR;B_PC_ESC_TACHOS;;"Controlador indicador — lazo B_PC_ESC_TACHOS; Migrado de: B_PC_ESC_TACHOS; rutina CCV_PC_ESCAPE_TACHOS; área 700 (Centrifugado / Purga)";BASE_PROPIA_EXISTENTE;SIN_COINCIDENCIA;"ISA:NINGUNO; LITERAL_MUESTRA:inventario_plcs_20260806_094309-PLC_Centrifuga_1ra.xlsx:Program:MainProgram.SCL_24 | inventario_plcs_20260806_094309-PLC_Centrifuga_1ra.xlsx:Program:MainProgram.SETD_24 | inventario_plcs_20260806_094309-PLC_Centrifuga_1ra.xlsx:Program:MainProgram.BOR_24";NO_INSERTAR_REVISION;;;;;;;;;;;;;;;;;;;;;;;;;;;HOMOLOGADO;;;;
plan_migracion_p1_p2_y_mieles_280926.csv:41;C_ESCAPE;UPDATE;700_PXV_028;700_PXV_024D;1273;700;P;024;CCV_S15_PCV_ESC_TACHOS;CCV_S15_PCV_ESC_TACHOS;NO_INSERTAR_REVISION;;NO;6f8f9c349c992da112609613a05066d0d1964c843826b29ae8be27e0517fb0b8;dc4d9c212588bb91e17556e08dde263727545987868b45fb11da8fe7ebe80522;"196 registros e integridad OK; 119/119 filas del respaldo previo idénticas en ID/tag/área/descripción; faltan 77 filas de línea base 196 para acreditar identidad total";C_ESCAPE;12;B_PC_ESC_TACHOS;FABRICA;UPDATE;1273;700_PXV_028;700_PXV_024D;700;700;P;28;024;XV;SALIDA;CCV_S15_PCV_ESC_TACHOS;CCV_S15_PCV_ESC_TACHOS;"Válvula todo/nada — lazo B_PC_ESC_TACHOS; Migrado de: CCV_S15_PCV_ESC_TACHOS (ISLA_FAB_AI:15:O.Ch[5].Data); rutina CCV_PC_ESCAPE_TACHOS; área 700 (Centrifugado / Purga)";BASE_PROPIA_EXISTENTE;SIN_COINCIDENCIA;"ISA:NINGUNO; LITERAL_MUESTRA:inventario_plcs_20260806_094309-PLC_Centrifuga_1ra.xlsx:Program:MainProgram.SCL_24 | inventario_plcs_20260806_094309-PLC_Centrifuga_1ra.xlsx:Program:MainProgram.SETD_24 | inventario_plcs_20260806_094309-PLC_Centrifuga_1ra.xlsx:Program:MainProgram.BOR_24";NO_INSERTAR_REVISION;;;;;;;;;;;;;;;;;;;;;;;;;;;HOMOLOGADO;;;;
plan_migracion_p1_p2_y_mieles_280926.csv:42;C_TACHOS;MANTENER;700_PT_029;700_PT_029;1274;700;P;029;;;MANTENER_HOMOLOGADO;;NO;6f8f9c349c992da112609613a05066d0d1964c843826b29ae8be27e0517fb0b8;dc4d9c212588bb91e17556e08dde263727545987868b45fb11da8fe7ebe80522;"196 registros e integridad OK; 119/119 filas del respaldo previo idénticas en ID/tag/área/descripción; faltan 77 filas de línea base 196 para acreditar identidad total";C_TACHOS;13;B_PC_TACHOS_CAMPO;FABRICA;MANTENER;1274;700_PT_029;700_PT_029;700;700;P;29;029;T;ENTRADA;;;"Transmisor — lazo B_PC_TACHOS_CAMPO; Migrado de: \FAB_ESCALADOS.CCV_PT_VAP_TACHOS; rutina CCV_TACHOS_CAMPO; área 700 (Centrifugado / Purga)";BASE_PROPIA_EXISTENTE;SIN_COINCIDENCIA;"ISA:NINGUNO; LITERAL_MUESTRA:inventario_plcs_20260806_094309-PLC_Centrifuga_1ra.xlsx:Program:MainProgram.SETD_29 | inventario_plcs_20260806_094309-PLC_Centrifuga_1ra.xlsx:Program:MainProgram.BOR_29 | inventario_plcs_20260806_094309-PLC_Centrifuga_1ra.xlsx:Program:MainProgram.SCL_29";MANTENER_HOMOLOGADO;;;;;;;;;;;;;;;;;;;;;;;;;;;MANTENER_HOMOLOGADO;;;;
plan_migracion_p1_p2_y_mieles_280926.csv:43;C_TACHOS;UPDATE;700_PIC_029;700_PIC_029A;1275;700;P;029;B_PC_TACHOS_CAMPO;;NO_INSERTAR_REVISION;;NO;6f8f9c349c992da112609613a05066d0d1964c843826b29ae8be27e0517fb0b8;dc4d9c212588bb91e17556e08dde263727545987868b45fb11da8fe7ebe80522;"196 registros e integridad OK; 119/119 filas del respaldo previo idénticas en ID/tag/área/descripción; faltan 77 filas de línea base 196 para acreditar identidad total";C_TACHOS;13;B_PC_TACHOS_CAMPO;FABRICA;UPDATE;1275;700_PIC_029;700_PIC_029A;700;700;P;29;029;IC;CONTROLADOR;B_PC_TACHOS_CAMPO;;"Controlador indicador — lazo B_PC_TACHOS_CAMPO; Migrado de: B_PC_TACHOS_CAMPO; rutina CCV_TACHOS_CAMPO; área 700 (Centrifugado / Purga)";BASE_PROPIA_EXISTENTE;SIN_COINCIDENCIA;"ISA:NINGUNO; LITERAL_MUESTRA:inventario_plcs_20260806_094309-PLC_Centrifuga_1ra.xlsx:Program:MainProgram.SETD_29 | inventario_plcs_20260806_094309-PLC_Centrifuga_1ra.xlsx:Program:MainProgram.BOR_29 | inventario_plcs_20260806_094309-PLC_Centrifuga_1ra.xlsx:Program:MainProgram.SCL_29";NO_INSERTAR_REVISION;;;;;;;;;;;;;;;;;;;;;;;;;;;HOMOLOGADO;;;;
plan_migracion_p1_p2_y_mieles_280926.csv:44;C_TACHOS;UPDATE;700_PXV_029;700_PXV_029A;1276;700;P;029;CCV_S16_PVC_TACHOS_CAMPO;CCV_S16_PVC_TACHOS_CAMPO;NO_INSERTAR_REVISION;;NO;6f8f9c349c992da112609613a05066d0d1964c843826b29ae8be27e0517fb0b8;dc4d9c212588bb91e17556e08dde263727545987868b45fb11da8fe7ebe80522;"196 registros e integridad OK; 119/119 filas del respaldo previo idénticas en ID/tag/área/descripción; faltan 77 filas de línea base 196 para acreditar identidad total";C_TACHOS;13;B_PC_TACHOS_CAMPO;FABRICA;UPDATE;1276;700_PXV_029;700_PXV_029A;700;700;P;29;029;XV;SALIDA;CCV_S16_PVC_TACHOS_CAMPO;CCV_S16_PVC_TACHOS_CAMPO;"Válvula todo/nada — lazo B_PC_TACHOS_CAMPO; Migrado de: CCV_S16_PVC_TACHOS_CAMPO (ISLA_FAB_AI:16:O.Ch[0].Data); rutina CCV_TACHOS_CAMPO; área 700 (Centrifugado / Purga)";BASE_PROPIA_EXISTENTE;SIN_COINCIDENCIA;"ISA:NINGUNO; LITERAL_MUESTRA:inventario_plcs_20260806_094309-PLC_Centrifuga_1ra.xlsx:Program:MainProgram.SETD_29 | inventario_plcs_20260806_094309-PLC_Centrifuga_1ra.xlsx:Program:MainProgram.BOR_29 | inventario_plcs_20260806_094309-PLC_Centrifuga_1ra.xlsx:Program:MainProgram.SCL_29";NO_INSERTAR_REVISION;;;;;;;;;;;;;;;;;;;;;;;;;;;HOMOLOGADO;;;;
plan_migracion_p1_p2_y_mieles_280926.csv:45;C_TACHOS;DELETE;700_PT_031;;1277;700;P;031;;;NO_INSERTAR_REVISION;Unificado en 700_PT_029;NO;6f8f9c349c992da112609613a05066d0d1964c843826b29ae8be27e0517fb0b8;dc4d9c212588bb91e17556e08dde263727545987868b45fb11da8fe7ebe80522;"196 registros e integridad OK; 119/119 filas del respaldo previo idénticas en ID/tag/área/descripción; faltan 77 filas de línea base 196 para acreditar identidad total";C_TACHOS;17;B_PC_VG2_TACHOS;FABRICA;DELETE;1277;700_PT_031;;700;700;P;31;031;T;TRANSMISOR_DUPLICADO;;;"Transmisor — lazo B_PC_VG2_TACHOS; Migrado de: \FAB_ESCALADOS.CCV_PT_VAP_TACHOS; rutina CCV_PC_VG2_TACHOS_3ER_EFE; área 700 (Centrifugado / Purga)";NO_APLICA;SIN_COINCIDENCIA;"ISA:NINGUNO; LITERAL_MUESTRA:NINGUNO";NO_INSERTAR_REVISION;Unificado en 700_PT_029;;;;;;;;;;;;;;;;;;;;;;;;;;HOMOLOGADO;;;;
plan_migracion_p1_p2_y_mieles_280926.csv:46;C_TACHOS;UPDATE;700_PIC_031;700_PIC_029B;1278;700;P;029;B_PC_VG2_TACHOS;;NO_INSERTAR_REVISION;;NO;6f8f9c349c992da112609613a05066d0d1964c843826b29ae8be27e0517fb0b8;dc4d9c212588bb91e17556e08dde263727545987868b45fb11da8fe7ebe80522;"196 registros e integridad OK; 119/119 filas del respaldo previo idénticas en ID/tag/área/descripción; faltan 77 filas de línea base 196 para acreditar identidad total";C_TACHOS;17;B_PC_VG2_TACHOS;FABRICA;UPDATE;1278;700_PIC_031;700_PIC_029B;700;700;P;31;029;IC;CONTROLADOR;B_PC_VG2_TACHOS;;"Controlador indicador — lazo B_PC_VG2_TACHOS; Migrado de: B_PC_VG2_TACHOS; rutina CCV_PC_VG2_TACHOS_3ER_EFE; área 700 (Centrifugado / Purga)";BASE_PROPIA_EXISTENTE;SIN_COINCIDENCIA;"ISA:NINGUNO; LITERAL_MUESTRA:inventario_plcs_20260806_094309-PLC_Centrifuga_1ra.xlsx:Program:MainProgram.SETD_29 | inventario_plcs_20260806_094309-PLC_Centrifuga_1ra.xlsx:Program:MainProgram.BOR_29 | inventario_plcs_20260806_094309-PLC_Centrifuga_1ra.xlsx:Program:MainProgram.SCL_29";NO_INSERTAR_REVISION;;;;;;;;;;;;;;;;;;;;;;;;;;;HOMOLOGADO;;;;
plan_migracion_p1_p2_y_mieles_280926.csv:47;C_TACHOS;UPDATE;700_PXV_031;700_PXV_029B;1279;700;P;029;CCV_S15_PCV_VG2_TACHOS;CCV_S15_PCV_VG2_TACHOS;NO_INSERTAR_REVISION;;NO;6f8f9c349c992da112609613a05066d0d1964c843826b29ae8be27e0517fb0b8;dc4d9c212588bb91e17556e08dde263727545987868b45fb11da8fe7ebe80522;"196 registros e integridad OK; 119/119 filas del respaldo previo idénticas en ID/tag/área/descripción; faltan 77 filas de línea base 196 para acreditar identidad total";C_TACHOS;17;B_PC_VG2_TACHOS;FABRICA;UPDATE;1279;700_PXV_031;700_PXV_029B;700;700;P;31;029;XV;SALIDA;CCV_S15_PCV_VG2_TACHOS;CCV_S15_PCV_VG2_TACHOS;"Válvula todo/nada — lazo B_PC_VG2_TACHOS; Migrado de: CCV_S15_PCV_VG2_TACHOS (ISLA_FAB_AI:15:O.Ch[7].Data); rutina CCV_PC_VG2_TACHOS_3ER_EFE; área 700 (Centrifugado / Purga)";BASE_PROPIA_EXISTENTE;SIN_COINCIDENCIA;"ISA:NINGUNO; LITERAL_MUESTRA:inventario_plcs_20260806_094309-PLC_Centrifuga_1ra.xlsx:Program:MainProgram.SETD_29 | inventario_plcs_20260806_094309-PLC_Centrifuga_1ra.xlsx:Program:MainProgram.BOR_29 | inventario_plcs_20260806_094309-PLC_Centrifuga_1ra.xlsx:Program:MainProgram.SCL_29";NO_INSERTAR_REVISION;;;;;;;;;;;;;;;;;;;;;;;;;;;HOMOLOGADO;;;;
plan_migracion_p1_p2_y_mieles_280926.csv:48;C_CONDENSADOR;MANTENER;600_TT_017;600_TT_017;1248;600;T;017;;;MANTENER_HOMOLOGADO;;NO;6f8f9c349c992da112609613a05066d0d1964c843826b29ae8be27e0517fb0b8;dc4d9c212588bb91e17556e08dde263727545987868b45fb11da8fe7ebe80522;"196 registros e integridad OK; 119/119 filas del respaldo previo idénticas en ID/tag/área/descripción; faltan 77 filas de línea base 196 para acreditar identidad total";C_CONDENSADOR;20;B_TC_COND_3RA;FABRICA;MANTENER;1248;600_TT_017;600_TT_017;600;600;T;17;017;T;ENTRADA;;;"Transmisor — lazo B_TC_COND_3RA; Migrado de: \FAB_ESCALADOS.COC_TT_COND_3RA; rutina COC_CONDENSADOR_3RA; área 600 (Cocimiento / Tachos)";BASE_PROPIA_EXISTENTE;SIN_COINCIDENCIA;"ISA:NINGUNO; LITERAL_MUESTRA:NINGUNO";MANTENER_HOMOLOGADO;;;;;;;;;;;;;;;;;;;;;;;;;;;MANTENER_HOMOLOGADO;;;;
plan_migracion_p1_p2_y_mieles_280926.csv:49;C_CONDENSADOR;UPDATE;600_TIC_017;600_TIC_017A;1249;600;T;017;B_TC_COND_3RA;;NO_INSERTAR_REVISION;;NO;6f8f9c349c992da112609613a05066d0d1964c843826b29ae8be27e0517fb0b8;dc4d9c212588bb91e17556e08dde263727545987868b45fb11da8fe7ebe80522;"196 registros e integridad OK; 119/119 filas del respaldo previo idénticas en ID/tag/área/descripción; faltan 77 filas de línea base 196 para acreditar identidad total";C_CONDENSADOR;20;B_TC_COND_3RA;FABRICA;UPDATE;1249;600_TIC_017;600_TIC_017A;600;600;T;17;017;IC;CONTROLADOR;B_TC_COND_3RA;;"Controlador indicador — lazo B_TC_COND_3RA; Migrado de: B_TC_COND_3RA; rutina COC_CONDENSADOR_3RA; área 600 (Cocimiento / Tachos)";BASE_PROPIA_EXISTENTE;SIN_COINCIDENCIA;"ISA:NINGUNO; LITERAL_MUESTRA:NINGUNO";NO_INSERTAR_REVISION;;;;;;;;;;;;;;;;;;;;;;;;;;;HOMOLOGADO;;;;
plan_migracion_p1_p2_y_mieles_280926.csv:50;C_CONDENSADOR;UPDATE;600_TXV_017;600_TXV_017A;1250;600;T;017;COC_S15_TVC_COND_BAR_3RA;COC_S15_TVC_COND_BAR_3RA;NO_INSERTAR_REVISION;;NO;6f8f9c349c992da112609613a05066d0d1964c843826b29ae8be27e0517fb0b8;dc4d9c212588bb91e17556e08dde263727545987868b45fb11da8fe7ebe80522;"196 registros e integridad OK; 119/119 filas del respaldo previo idénticas en ID/tag/área/descripción; faltan 77 filas de línea base 196 para acreditar identidad total";C_CONDENSADOR;20;B_TC_COND_3RA;FABRICA;UPDATE;1250;600_TXV_017;600_TXV_017A;600;600;T;17;017;XV;SALIDA;COC_S15_TVC_COND_BAR_3RA;COC_S15_TVC_COND_BAR_3RA;"Válvula todo/nada — lazo B_TC_COND_3RA; Migrado de: COC_S15_TVC_COND_BAR_3RA (ISLA_FAB_AI:15:O.Ch[1].Data); rutina COC_CONDENSADOR_3RA; área 600 (Cocimiento / Tachos)";BASE_PROPIA_EXISTENTE;SIN_COINCIDENCIA;"ISA:NINGUNO; LITERAL_MUESTRA:NINGUNO";NO_INSERTAR_REVISION;;;;;;;;;;;;;;;;;;;;;;;;;;;HOMOLOGADO;;;;
plan_migracion_p1_p2_y_mieles_280926.csv:51;C_CONDENSADOR;DELETE;600_TT_018;;1251;600;T;018;;;NO_INSERTAR_REVISION;Unificado en 600_TT_017;NO;6f8f9c349c992da112609613a05066d0d1964c843826b29ae8be27e0517fb0b8;dc4d9c212588bb91e17556e08dde263727545987868b45fb11da8fe7ebe80522;"196 registros e integridad OK; 119/119 filas del respaldo previo idénticas en ID/tag/área/descripción; faltan 77 filas de línea base 196 para acreditar identidad total";C_CONDENSADOR;21;B_TC_COND_3RA_AUXILIAR;FABRICA;DELETE;1251;600_TT_018;;600;600;T;18;018;T;TRANSMISOR_DUPLICADO;;;"Transmisor — lazo B_TC_COND_3RA_AUXILIAR; Migrado de: \FAB_ESCALADOS.COC_TT_COND_3RA; rutina COC_CONDENSADOR_3RA; área 600 (Cocimiento / Tachos)";NO_APLICA;SIN_COINCIDENCIA;"ISA:NINGUNO; LITERAL_MUESTRA:NINGUNO";NO_INSERTAR_REVISION;Unificado en 600_TT_017;;;;;;;;;;;;;;;;;;;;;;;;;;HOMOLOGADO;;;;
plan_migracion_p1_p2_y_mieles_280926.csv:52;C_CONDENSADOR;UPDATE;600_TIC_018;600_TIC_017B;1252;600;T;017;B_TC_COND_3RA_AUXILIAR;;NO_INSERTAR_REVISION;;NO;6f8f9c349c992da112609613a05066d0d1964c843826b29ae8be27e0517fb0b8;dc4d9c212588bb91e17556e08dde263727545987868b45fb11da8fe7ebe80522;"196 registros e integridad OK; 119/119 filas del respaldo previo idénticas en ID/tag/área/descripción; faltan 77 filas de línea base 196 para acreditar identidad total";C_CONDENSADOR;21;B_TC_COND_3RA_AUXILIAR;FABRICA;UPDATE;1252;600_TIC_018;600_TIC_017B;600;600;T;18;017;IC;CONTROLADOR;B_TC_COND_3RA_AUXILIAR;;"Controlador indicador — lazo B_TC_COND_3RA_AUXILIAR; Migrado de: B_TC_COND_3RA_AUXILIAR; rutina COC_CONDENSADOR_3RA; área 600 (Cocimiento / Tachos)";BASE_PROPIA_EXISTENTE;SIN_COINCIDENCIA;"ISA:NINGUNO; LITERAL_MUESTRA:NINGUNO";NO_INSERTAR_REVISION;;;;;;;;;;;;;;;;;;;;;;;;;;;HOMOLOGADO;;;;
plan_migracion_p1_p2_y_mieles_280926.csv:53;C_CONDENSADOR;UPDATE;600_TXV_018;600_TXV_017B;1253;600;T;017;COC_S15_TVC_COND_BAR_3RA_AUX;COC_S15_TVC_COND_BAR_3RA_AUX;NO_INSERTAR_REVISION;;NO;6f8f9c349c992da112609613a05066d0d1964c843826b29ae8be27e0517fb0b8;dc4d9c212588bb91e17556e08dde263727545987868b45fb11da8fe7ebe80522;"196 registros e integridad OK; 119/119 filas del respaldo previo idénticas en ID/tag/área/descripción; faltan 77 filas de línea base 196 para acreditar identidad total";C_CONDENSADOR;21;B_TC_COND_3RA_AUXILIAR;FABRICA;UPDATE;1253;600_TXV_018;600_TXV_017B;600;600;T;18;017;XV;SALIDA;COC_S15_TVC_COND_BAR_3RA_AUX;COC_S15_TVC_COND_BAR_3RA_AUX;"Válvula todo/nada — lazo B_TC_COND_3RA_AUXILIAR; Migrado de: COC_S15_TVC_COND_BAR_3RA_AUX (ISLA_FAB_DI:5:O.Ch7Data); rutina COC_CONDENSADOR_3RA; área 600 (Cocimiento / Tachos)";BASE_PROPIA_EXISTENTE;SIN_COINCIDENCIA;"ISA:NINGUNO; LITERAL_MUESTRA:NINGUNO";NO_INSERTAR_REVISION;;;;;;;;;;;;;;;;;;;;;;;;;;;HOMOLOGADO;;;;
plan_migracion_p1_p2_y_mieles_280926.csv:54;C_EVAP;MANTENER;500_FT_026;500_FT_026;1244;500;F;026;;;MANTENER_HOMOLOGADO;;NO;6f8f9c349c992da112609613a05066d0d1964c843826b29ae8be27e0517fb0b8;dc4d9c212588bb91e17556e08dde263727545987868b45fb11da8fe7ebe80522;"196 registros e integridad OK; 119/119 filas del respaldo previo idénticas en ID/tag/área/descripción; faltan 77 filas de línea base 196 para acreditar identidad total";C_EVAP;34;EVAP_LC_JC_EVAPORACION;FABRICA;MANTENER;1244;500_FT_026;500_FT_026;500;500;F;26;026;T;ENTRADA;;;"Transmisor — lazo EVAP_LC_JC_EVAPORACION; Migrado de: \FAB_ESCALADOS.EVAP_FT_JC_EVAP; rutina EVAP_FC_JUGO_CLARO; área 500 (Evaporación)";BASE_PROPIA_EXISTENTE;SIN_COINCIDENCIA;"ISA:NINGUNO; LITERAL_MUESTRA:NINGUNO";MANTENER_HOMOLOGADO;;;;;;;;;;;;;;;;;;;;;;;;;;;MANTENER_HOMOLOGADO;;;;
plan_migracion_p1_p2_y_mieles_280926.csv:55;C_EVAP;MANTENER;500_FIC_026;500_FIC_026;1245;500;F;026;;;MANTENER_HOMOLOGADO;;NO;6f8f9c349c992da112609613a05066d0d1964c843826b29ae8be27e0517fb0b8;dc4d9c212588bb91e17556e08dde263727545987868b45fb11da8fe7ebe80522;"196 registros e integridad OK; 119/119 filas del respaldo previo idénticas en ID/tag/área/descripción; faltan 77 filas de línea base 196 para acreditar identidad total";C_EVAP;34;EVAP_LC_JC_EVAPORACION;FABRICA;MANTENER;1245;500_FIC_026;500_FIC_026;500;500;F;26;026;IC;CONTROLADOR;;;"Controlador indicador — lazo EVAP_LC_JC_EVAPORACION; Migrado de: EVAP_LC_JC_EVAPORACION; rutina EVAP_FC_JUGO_CLARO; área 500 (Evaporación)";BASE_PROPIA_EXISTENTE;SIN_COINCIDENCIA;"ISA:NINGUNO; LITERAL_MUESTRA:NINGUNO";MANTENER_HOMOLOGADO;;;;;;;;;;;;;;;;;;;;;;;;;;;MANTENER_HOMOLOGADO;;;;
plan_migracion_p1_p2_y_mieles_280926.csv:56;C_EVAP;UPDATE;500_FXV_026;500_FXV_026A;1246;500;F;026;EVAP_S2_FCV_JC_BBA_NORTE;EVAP_S2_FCV_JC_BBA_NORTE;NO_INSERTAR_REVISION;EVAP: verificar correspondencia de tres destinos JUGO_CLARO:O.Data adicionales presentes en la procedencia antigua.;NO;6f8f9c349c992da112609613a05066d0d1964c843826b29ae8be27e0517fb0b8;dc4d9c212588bb91e17556e08dde263727545987868b45fb11da8fe7ebe80522;"196 registros e integridad OK; 119/119 filas del respaldo previo idénticas en ID/tag/área/descripción; faltan 77 filas de línea base 196 para acreditar identidad total";C_EVAP;34;EVAP_LC_JC_EVAPORACION;FABRICA;UPDATE;1246;500_FXV_026;500_FXV_026A;500;500;F;26;026;XV;SALIDA;EVAP_S2_FCV_JC_BBA_NORTE;EVAP_S2_FCV_JC_BBA_NORTE;"Válvula todo/nada — lazo EVAP_LC_JC_EVAPORACION; Migrado de: EVAP_S2_FCV_JC_BBA_LIQUIDACION (ISLA_FAB_DI:4:O.Ch7Data) | EVAP_S2_FCV_JC_BBA_NORTE (ISLA_FAB_DI:4:O.Ch6Data) | EVAP_S2_FCV_JC_BBA_SUR (ISLA_FAB_DI:4:O.Ch5Data) | JUGO_CLARO:O.Data[3] (JUGO_CLARO:O.ETHERNET-MODULE) | JUGO_CLARO:O.Data[5] (JUGO_CLARO:O.ETHERNET-MODULE) | JUGO_CLARO:O.Data[7] (JUGO_CLARO:O.ETHERNET-MODULE); rutina EVAP_FC_JUGO_CLARO; área 500 (Evaporación)";BASE_PROPIA_EXISTENTE;SIN_COINCIDENCIA;"ISA:NINGUNO; LITERAL_MUESTRA:NINGUNO";NO_INSERTAR_REVISION;EVAP: verificar correspondencia de tres destinos JUGO_CLARO:O.Data adicionales presentes en la procedencia antigua.;;;;;;;;;;;;;;;;;;;;;;;;;;HOMOLOGADO;;;;
plan_migracion_p1_p2_y_mieles_280926.csv:57;C_EVAP;INSERT;;500_FXV_026B;;500;F;026;EVAP_S2_FCV_JC_BBA_SUR;EVAP_S2_FCV_JC_BBA_SUR;NO_INSERTAR_REVISION;EVAP: verificar correspondencia de tres destinos JUGO_CLARO:O.Data adicionales presentes en la procedencia antigua.;NO;6f8f9c349c992da112609613a05066d0d1964c843826b29ae8be27e0517fb0b8;dc4d9c212588bb91e17556e08dde263727545987868b45fb11da8fe7ebe80522;"196 registros e integridad OK; 119/119 filas del respaldo previo idénticas en ID/tag/área/descripción; faltan 77 filas de línea base 196 para acreditar identidad total";C_EVAP;34;EVAP_LC_JC_EVAPORACION;FABRICA;INSERT;;;500_FXV_026B;;500;F;;026;XV;SALIDA;EVAP_S2_FCV_JC_BBA_SUR;EVAP_S2_FCV_JC_BBA_SUR;;NO_APLICA;SIN_COINCIDENCIA;"ISA:NINGUNO; LITERAL_MUESTRA:NINGUNO";NO_INSERTAR_REVISION;EVAP: verificar correspondencia de tres destinos JUGO_CLARO:O.Data adicionales presentes en la procedencia antigua.;;;;;;;;;;;;;;;;;;;;;;;;;;HOMOLOGADO;;;;
plan_migracion_p1_p2_y_mieles_280926.csv:58;C_EVAP;INSERT;;500_FXV_026C;;500;F;026;EVAP_S2_FCV_JC_BBA_LIQUIDACION;EVAP_S2_FCV_JC_BBA_LIQUIDACION;NO_INSERTAR_REVISION;EVAP: verificar correspondencia de tres destinos JUGO_CLARO:O.Data adicionales presentes en la procedencia antigua.;NO;6f8f9c349c992da112609613a05066d0d1964c843826b29ae8be27e0517fb0b8;dc4d9c212588bb91e17556e08dde263727545987868b45fb11da8fe7ebe80522;"196 registros e integridad OK; 119/119 filas del respaldo previo idénticas en ID/tag/área/descripción; faltan 77 filas de línea base 196 para acreditar identidad total";C_EVAP;34;EVAP_LC_JC_EVAPORACION;FABRICA;INSERT;;;500_FXV_026C;;500;F;;026;XV;SALIDA;EVAP_S2_FCV_JC_BBA_LIQUIDACION;EVAP_S2_FCV_JC_BBA_LIQUIDACION;;NO_APLICA;SIN_COINCIDENCIA;"ISA:NINGUNO; LITERAL_MUESTRA:NINGUNO";NO_INSERTAR_REVISION;EVAP: verificar correspondencia de tres destinos JUGO_CLARO:O.Data adicionales presentes en la procedencia antigua.;;;;;;;;;;;;;;;;;;;;;;;;;;HOMOLOGADO;;;;
plan_migracion_p1_p2_y_mieles_280926.csv:59;C_COLADO;MANTENER;100_FT_034;100_FT_034;1217;100;F;034;;;MANTENER_HOMOLOGADO;;NO;6f8f9c349c992da112609613a05066d0d1964c843826b29ae8be27e0517fb0b8;dc4d9c212588bb91e17556e08dde263727545987868b45fb11da8fe7ebe80522;"196 registros e integridad OK; 119/119 filas del respaldo previo idénticas en ID/tag/área/descripción; faltan 77 filas de línea base 196 para acreditar identidad total";C_COLADO;36;B_Ctrl_JUGO_COLADO_2;TRAPICHE2022;MANTENER;1217;100_FT_034;100_FT_034;100;100;F;34;034;T;ENTRADA;;;"Transmisor — lazo B_Ctrl_JUGO_COLADO_2; Migrado de: \ESCALADOS.FT_JUGO_MIXTO; rutina Ctrol_NIVEL_JUGO_COLADO; área 100 (Molienda)";BASE_PROPIA_EXISTENTE;SIN_COINCIDENCIA;"ISA:NINGUNO; LITERAL_MUESTRA:inventario_plcs_20260806_085612-PLC_Trapiche.xlsx:Program:ARRANQUE_MOTORES.BNOT_34 | inventario_plcs_20260806_085612-PLC_Trapiche.xlsx:Program:ARRANQUE_MOTORES.SETD_34 | inventario_plcs_20260806_085612-PLC_Trapiche.xlsx:Program:ARRANQUE_MOTORES.BOR_34";MANTENER_HOMOLOGADO;;;;;;;;;;;;;;;;;;;;;;;;;;;MANTENER_HOMOLOGADO;;;;
plan_migracion_p1_p2_y_mieles_280926.csv:60;C_COLADO;MANTENER;100_FIC_034;100_FIC_034;1218;100;F;034;;;MANTENER_HOMOLOGADO;;NO;6f8f9c349c992da112609613a05066d0d1964c843826b29ae8be27e0517fb0b8;dc4d9c212588bb91e17556e08dde263727545987868b45fb11da8fe7ebe80522;"196 registros e integridad OK; 119/119 filas del respaldo previo idénticas en ID/tag/área/descripción; faltan 77 filas de línea base 196 para acreditar identidad total";C_COLADO;36;B_Ctrl_JUGO_COLADO_2;TRAPICHE2022;MANTENER;1218;100_FIC_034;100_FIC_034;100;100;F;34;034;IC;CONTROLADOR;;;"Controlador indicador — lazo B_Ctrl_JUGO_COLADO_2; Migrado de: B_Ctrl_JUGO_COLADO_2; rutina Ctrol_NIVEL_JUGO_COLADO; área 100 (Molienda)";BASE_PROPIA_EXISTENTE;SIN_COINCIDENCIA;"ISA:NINGUNO; LITERAL_MUESTRA:inventario_plcs_20260806_085612-PLC_Trapiche.xlsx:Program:ARRANQUE_MOTORES.BNOT_34 | inventario_plcs_20260806_085612-PLC_Trapiche.xlsx:Program:ARRANQUE_MOTORES.SETD_34 | inventario_plcs_20260806_085612-PLC_Trapiche.xlsx:Program:ARRANQUE_MOTORES.BOR_34";MANTENER_HOMOLOGADO;;;;;;;;;;;;;;;;;;;;;;;;;;;MANTENER_HOMOLOGADO;;;;
plan_migracion_p1_p2_y_mieles_280926.csv:61;C_COLADO;UPDATE;100_FXV_034;100_FXV_034A;1219;100;F;034;Slot_IS_JUGO_COLADO_ESTE;Slot_IS_JUGO_COLADO_ESTE;NO_INSERTAR_REVISION;;NO;6f8f9c349c992da112609613a05066d0d1964c843826b29ae8be27e0517fb0b8;dc4d9c212588bb91e17556e08dde263727545987868b45fb11da8fe7ebe80522;"196 registros e integridad OK; 119/119 filas del respaldo previo idénticas en ID/tag/área/descripción; faltan 77 filas de línea base 196 para acreditar identidad total";C_COLADO;36;B_Ctrl_JUGO_COLADO_2;TRAPICHE2022;UPDATE;1219;100_FXV_034;100_FXV_034A;100;100;F;34;034;XV;SALIDA;Slot_IS_JUGO_COLADO_ESTE;Slot_IS_JUGO_COLADO_ESTE;"Válvula todo/nada — lazo B_Ctrl_JUGO_COLADO_2; Migrado de: Slot_IS_JUGO_COLADO_ESTE (Local:12:O.Ch2Data) | Slot_IS_JUGO_COLADO_OESTE (Local:12:O.Ch3Data); rutina Ctrol_NIVEL_JUGO_COLADO; área 100 (Molienda)";BASE_PROPIA_EXISTENTE;SIN_COINCIDENCIA;"ISA:NINGUNO; LITERAL_MUESTRA:inventario_plcs_20260806_085612-PLC_Trapiche.xlsx:Program:ARRANQUE_MOTORES.BNOT_34 | inventario_plcs_20260806_085612-PLC_Trapiche.xlsx:Program:ARRANQUE_MOTORES.SETD_34 | inventario_plcs_20260806_085612-PLC_Trapiche.xlsx:Program:ARRANQUE_MOTORES.BOR_34";NO_INSERTAR_REVISION;;;;;;;;;;;;;;;;;;;;;;;;;;;HOMOLOGADO;;;;
plan_migracion_p1_p2_y_mieles_280926.csv:62;C_COLADO;INSERT;;100_FXV_034B;;100;F;034;Slot_IS_JUGO_COLADO_OESTE;Slot_IS_JUGO_COLADO_OESTE;NO_INSERTAR_REVISION;;NO;6f8f9c349c992da112609613a05066d0d1964c843826b29ae8be27e0517fb0b8;dc4d9c212588bb91e17556e08dde263727545987868b45fb11da8fe7ebe80522;"196 registros e integridad OK; 119/119 filas del respaldo previo idénticas en ID/tag/área/descripción; faltan 77 filas de línea base 196 para acreditar identidad total";C_COLADO;36;B_Ctrl_JUGO_COLADO_2;TRAPICHE2022;INSERT;;;100_FXV_034B;;100;F;;034;XV;SALIDA;Slot_IS_JUGO_COLADO_OESTE;Slot_IS_JUGO_COLADO_OESTE;;NO_APLICA;SIN_COINCIDENCIA;"ISA:NINGUNO; LITERAL_MUESTRA:inventario_plcs_20260806_085612-PLC_Trapiche.xlsx:Program:ARRANQUE_MOTORES.BNOT_34 | inventario_plcs_20260806_085612-PLC_Trapiche.xlsx:Program:ARRANQUE_MOTORES.SETD_34 | inventario_plcs_20260806_085612-PLC_Trapiche.xlsx:Program:ARRANQUE_MOTORES.BOR_34";NO_INSERTAR_REVISION;;;;;;;;;;;;;;;;;;;;;;;;;;;HOMOLOGADO;;;;
plan_migracion_p1_p2_y_mieles_280926.csv:63;C_1A1;MANTENER;200_LT_096;200_LT_096;1220;200;L;096;;;MANTENER_HOMOLOGADO;"MOSTO usa L en producción; solicitud previa decía F. Se mantiene sin corrección automática.";NO;6f8f9c349c992da112609613a05066d0d1964c843826b29ae8be27e0517fb0b8;dc4d9c212588bb91e17556e08dde263727545987868b45fb11da8fe7ebe80522;"196 registros e integridad OK; 119/119 filas del respaldo previo idénticas en ID/tag/área/descripción; faltan 77 filas de línea base 196 para acreditar identidad total";C_1A1;2;B_CONTROL_BBA_MOSTO;DESTILERIA;MANTENER;1220;200_LT_096;200_LT_096;200;200;L;96;096;T;ENTRADA;;;"Transmisor — lazo B_CONTROL_BBA_MOSTO; Migrado de: FT_MOSTO_TOTALIZADOR; rutina PID_FERMENTACION; área 200 (Destilería)";BASE_PROPIA_EXISTENTE;SIN_COINCIDENCIA;NO_APLICA;MANTENER_HOMOLOGADO;"MOSTO usa L en producción; solicitud previa decía F. Se mantiene sin corrección automática.";;;;;;;;;;;;;;;;;;;;;;;;;;MANTENER_HOMOLOGADO;;;;
plan_migracion_p1_p2_y_mieles_280926.csv:64;C_1A1;MANTENER;200_LIC_096;200_LIC_096;1221;200;L;096;;;MANTENER_HOMOLOGADO;"MOSTO usa L en producción; solicitud previa decía F. Se mantiene sin corrección automática.";NO;6f8f9c349c992da112609613a05066d0d1964c843826b29ae8be27e0517fb0b8;dc4d9c212588bb91e17556e08dde263727545987868b45fb11da8fe7ebe80522;"196 registros e integridad OK; 119/119 filas del respaldo previo idénticas en ID/tag/área/descripción; faltan 77 filas de línea base 196 para acreditar identidad total";C_1A1;2;B_CONTROL_BBA_MOSTO;DESTILERIA;MANTENER;1221;200_LIC_096;200_LIC_096;200;200;L;96;096;IC;CONTROLADOR;;;"Controlador indicador — lazo B_CONTROL_BBA_MOSTO; Migrado de: B_CONTROL_BBA_MOSTO; rutina PID_FERMENTACION; área 200 (Destilería)";BASE_PROPIA_EXISTENTE;SIN_COINCIDENCIA;NO_APLICA;MANTENER_HOMOLOGADO;"MOSTO usa L en producción; solicitud previa decía F. Se mantiene sin corrección automática.";;;;;;;;;;;;;;;;;;;;;;;;;;MANTENER_HOMOLOGADO;;;;
plan_migracion_p1_p2_y_mieles_280926.csv:65;C_1A1;MANTENER;200_LV_096;200_LV_096;1222;200;L;096;;;MANTENER_HOMOLOGADO;"MOSTO usa L en producción; solicitud previa decía F. Se mantiene sin corrección automática.";NO;6f8f9c349c992da112609613a05066d0d1964c843826b29ae8be27e0517fb0b8;dc4d9c212588bb91e17556e08dde263727545987868b45fb11da8fe7ebe80522;"196 registros e integridad OK; 119/119 filas del respaldo previo idénticas en ID/tag/área/descripción; faltan 77 filas de línea base 196 para acreditar identidad total";C_1A1;2;B_CONTROL_BBA_MOSTO;DESTILERIA;MANTENER;1222;200_LV_096;200_LV_096;200;200;L;96;096;V;SALIDA;;;"Válvula de control — lazo B_CONTROL_BBA_MOSTO; Migrado de: VDF_ALIMENTACION_MOSTO_CUBA_OESTE:O.Reference (VDF_ALIMENTACION_MOSTO_CUBA_OESTE:O.PowerFlex 753-ENETR); rutina PID_FERMENTACION; área 200 (Destilería)";BASE_PROPIA_EXISTENTE;SIN_COINCIDENCIA;NO_APLICA;MANTENER_HOMOLOGADO;"MOSTO usa L en producción; solicitud previa decía F. Se mantiene sin corrección automática.";;;;;;;;;;;;;;;;;;;;;;;;;;MANTENER_HOMOLOGADO;;;;
plan_migracion_p1_p2_y_mieles_280926.csv:66;C_1A1;MANTENER;700_PT_021;700_PT_021;1254;700;P;021;;;MANTENER_HOMOLOGADO;;NO;6f8f9c349c992da112609613a05066d0d1964c843826b29ae8be27e0517fb0b8;dc4d9c212588bb91e17556e08dde263727545987868b45fb11da8fe7ebe80522;"196 registros e integridad OK; 119/119 filas del respaldo previo idénticas en ID/tag/área/descripción; faltan 77 filas de línea base 196 para acreditar identidad total";C_1A1;14;B_PC_VG1_TACHOS;FABRICA;MANTENER;1254;700_PT_021;700_PT_021;700;700;P;21;021;T;ENTRADA;;;"Transmisor de presión — lazo B_PC_VG1_TACHOS; Migrado de: CCV_PT_VAP_VG1; rutina CCV_PC_VG1_TACHOS; área 700 (Centrifugado / Purga)";BASE_PROPIA_EXISTENTE;SIN_COINCIDENCIA;"ISA:NINGUNO; LITERAL_MUESTRA:NINGUNO";MANTENER_HOMOLOGADO;;;;;;;;;;;;;;;;;;;;;;;;;;;MANTENER_HOMOLOGADO;;;;
plan_migracion_p1_p2_y_mieles_280926.csv:67;C_1A1;MANTENER;700_PIC_021;700_PIC_021;1255;700;P;021;;;MANTENER_HOMOLOGADO;;NO;6f8f9c349c992da112609613a05066d0d1964c843826b29ae8be27e0517fb0b8;dc4d9c212588bb91e17556e08dde263727545987868b45fb11da8fe7ebe80522;"196 registros e integridad OK; 119/119 filas del respaldo previo idénticas en ID/tag/área/descripción; faltan 77 filas de línea base 196 para acreditar identidad total";C_1A1;14;B_PC_VG1_TACHOS;FABRICA;MANTENER;1255;700_PIC_021;700_PIC_021;700;700;P;21;021;IC;CONTROLADOR;;;"Controlador indicador de presión — lazo B_PC_VG1_TACHOS; Migrado de: B_PC_VG1_TACHOS; rutina CCV_PC_VG1_TACHOS; área 700 (Centrifugado / Purga)";BASE_PROPIA_EXISTENTE;SIN_COINCIDENCIA;"ISA:NINGUNO; LITERAL_MUESTRA:NINGUNO";MANTENER_HOMOLOGADO;;;;;;;;;;;;;;;;;;;;;;;;;;;MANTENER_HOMOLOGADO;;;;
plan_migracion_p1_p2_y_mieles_280926.csv:68;C_1A1;MANTENER;700_PXV_021;700_PXV_021;1256;700;P;021;;;MANTENER_HOMOLOGADO;;NO;6f8f9c349c992da112609613a05066d0d1964c843826b29ae8be27e0517fb0b8;dc4d9c212588bb91e17556e08dde263727545987868b45fb11da8fe7ebe80522;"196 registros e integridad OK; 119/119 filas del respaldo previo idénticas en ID/tag/área/descripción; faltan 77 filas de línea base 196 para acreditar identidad total";C_1A1;14;B_PC_VG1_TACHOS;FABRICA;MANTENER;1256;700_PXV_021;700_PXV_021;700;700;P;21;021;XV;SALIDA;;;"Válvula todo/nada de presión — lazo B_PC_VG1_TACHOS; Migrado de: CCV_S15_PCV_VG1_TACHOS; rutina CCV_PC_VG1_TACHOS; área 700 (Centrifugado / Purga)";BASE_PROPIA_EXISTENTE;SIN_COINCIDENCIA;"ISA:NINGUNO; LITERAL_MUESTRA:NINGUNO";MANTENER_HOMOLOGADO;;;;;;;;;;;;;;;;;;;;;;;;;;;MANTENER_HOMOLOGADO;;;;
propuesta_expansion_masiva_290926.csv:2;LAZOS_NUEVOS_SULFO;INSERT;;400_LT_001;;400;L;1;Slot1_LT_TK_JUGO_ENCALADO;SULFO_ENCALADO:1:I.Ch[1].Data;NO_INSERTAR_REVISION;"Propuesta de numeración; no verifica ejecución runtime";NO;;;;;;;FABRICA;;;;;;;L;;;;Entrada;Slot1_LT_TK_JUGO_ENCALADO;;;;;;;;LAZOS_NUEVOS_SULFO;NO_INSERTAR_REVISION;INSERT;;400_LT_001;SULFO_ENCALADO;B_Ctrol_LT_TK_ENCALADO;400;1;;SULFO_ENCALADO:1:I.Ch[1].Data;"Ingeniería: área 400, identidad de entrada y salidas; LT_TK_JUGO_ENCALADO <- nodo 168 (pin in) en SULFO_ENCALADO/ESCALADO_AI <- bloque SCL (pin InEUMin) en SULFO_ENCALADO/ESCALADO_AI <- constante 0.0 <- bloque SCL (pin InEUMax) en SULFO_ENCALADO/ESCALADO_AI <- constante 100.0 <- bloque SCL (pin InRawMax) en SULFO_ENCALADO/ESCALADO_AI";"Propuesta de numeración; no verifica ejecución runtime";;;;;;;;;;;;;HOMOLOGADO;400_LT_001;1;;sin cambio
propuesta_expansion_masiva_290926.csv:3;LAZOS_NUEVOS_SULFO;INSERT;;400_LIC_001;;400;L;1;B_Ctrol_LT_TK_ENCALADO;;NO_INSERTAR_REVISION;"Propuesta de numeración; no verifica ejecución runtime";NO;;;;;;;FABRICA;;;;;;;L;;;;Controlador;B_Ctrol_LT_TK_ENCALADO;;;;;;;;LAZOS_NUEVOS_SULFO;NO_INSERTAR_REVISION;INSERT;;400_LIC_001;SULFO_ENCALADO;B_Ctrol_LT_TK_ENCALADO;400;1;;;"Ingeniería: área 400, identidad de entrada y salidas; instancia en frontera XML";"Propuesta de numeración; no verifica ejecución runtime";;;;;;;;;;;;;HOMOLOGADO;400_LIC_001;1;;sin cambio
propuesta_expansion_masiva_290926.csv:4;LAZOS_NUEVOS_SULFO;INSERT;;400_LXV_001A;;400;L;1;Slot3_SI_BB_JUGO_ENCALADO_NORTE;SULFO_ENCALADO:8:O.Ch2Data;NO_INSERTAR_REVISION;"Propuesta de numeración; no verifica ejecución runtime";NO;;;;;;;FABRICA;;;;;;;L;;;;Salida;Slot3_SI_BB_JUGO_ENCALADO_NORTE;;;;;;;;LAZOS_NUEVOS_SULFO;NO_INSERTAR_REVISION;INSERT;;400_LXV_001A;SULFO_ENCALADO;B_Ctrol_LT_TK_ENCALADO;400;1;;SULFO_ENCALADO:8:O.Ch2Data;"Ingeniería: área 400, identidad de entrada y salidas; ORef Slot3_SI_BB_JUGO_ENCALADO_NORTE (AliasFor SULFO_ENCALADO:8:O.Ch2Data) ; ORef Slot3_SI_BB_JUGO_ENCALADO_SUR (AliasFor SULFO_ENCALADO:8:O.Ch3Data)";"Propuesta de numeración; no verifica ejecución runtime";;;;;;;;;;;;;HOMOLOGADO;400_LXV_001A;1;;sin cambio
propuesta_expansion_masiva_290926.csv:5;LAZOS_NUEVOS_SULFO;INSERT;;400_LXV_001B;;400;L;1;Slot3_SI_BB_JUGO_ENCALADO_SUR;SULFO_ENCALADO:8:O.Ch3Data;NO_INSERTAR_REVISION;"Propuesta de numeración; no verifica ejecución runtime";NO;;;;;;;FABRICA;;;;;;;L;;;;Salida;Slot3_SI_BB_JUGO_ENCALADO_SUR;;;;;;;;LAZOS_NUEVOS_SULFO;NO_INSERTAR_REVISION;INSERT;;400_LXV_001B;SULFO_ENCALADO;B_Ctrol_LT_TK_ENCALADO;400;1;;SULFO_ENCALADO:8:O.Ch3Data;"Ingeniería: área 400, identidad de entrada y salidas; ORef Slot3_SI_BB_JUGO_ENCALADO_NORTE (AliasFor SULFO_ENCALADO:8:O.Ch2Data) ; ORef Slot3_SI_BB_JUGO_ENCALADO_SUR (AliasFor SULFO_ENCALADO:8:O.Ch3Data)";"Propuesta de numeración; no verifica ejecución runtime";;;;;;;;;;;;;HOMOLOGADO;400_LXV_001B;1;;sin cambio
propuesta_expansion_masiva_290926.csv:6;LAZOS_NUEVOS_SULFO;INSERT;;400_LT_002;;400;L;2;Slot1_LT_TK_JUGO_PESADO;SULFO_ENCALADO:1:I.Ch[0].Data;NO_INSERTAR_REVISION;"Propuesta de numeración; no verifica ejecución runtime";NO;;;;;;;FABRICA;;;;;;;L;;;;Entrada;Slot1_LT_TK_JUGO_PESADO;;;;;;;;LAZOS_NUEVOS_SULFO;NO_INSERTAR_REVISION;INSERT;;400_LT_002;SULFO_ENCALADO;B_Ctrol_LT_TK_PESADO;400;2;;SULFO_ENCALADO:1:I.Ch[0].Data;"Ingeniería: área 400, identidad de entrada y salidas; LT_TK_JUGO_PESADO <- nodo 169 (pin in) en SULFO_ENCALADO/ESCALADO_AI <- bloque SCL (pin InEUMin) en SULFO_ENCALADO/ESCALADO_AI <- constante 0.0 <- bloque SCL (pin InEUMax) en SULFO_ENCALADO/ESCALADO_AI <- constante 100.0 <- bloque SCL (pin InRawMax) en SULFO_ENCALADO/ESCALADO_AI";"Propuesta de numeración; no verifica ejecución runtime";;;;;;;;;;;;;HOMOLOGADO;400_LT_002;2;;sin cambio
propuesta_expansion_masiva_290926.csv:7;LAZOS_NUEVOS_SULFO;INSERT;;400_LIC_002;;400;L;2;B_Ctrol_LT_TK_PESADO;;NO_INSERTAR_REVISION;"Propuesta de numeración; no verifica ejecución runtime";NO;;;;;;;FABRICA;;;;;;;L;;;;Controlador;B_Ctrol_LT_TK_PESADO;;;;;;;;LAZOS_NUEVOS_SULFO;NO_INSERTAR_REVISION;INSERT;;400_LIC_002;SULFO_ENCALADO;B_Ctrol_LT_TK_PESADO;400;2;;;"Ingeniería: área 400, identidad de entrada y salidas; instancia en frontera XML";"Propuesta de numeración; no verifica ejecución runtime";;;;;;;;;;;;;HOMOLOGADO;400_LIC_002;2;;sin cambio
propuesta_expansion_masiva_290926.csv:8;LAZOS_NUEVOS_SULFO;INSERT;;400_LXV_002A;;400;L;2;Slot3_SI_BB_JUGO_PESADO_NORTE;SULFO_ENCALADO:8:O.Ch0Data;NO_INSERTAR_REVISION;"Propuesta de numeración; no verifica ejecución runtime";NO;;;;;;;FABRICA;;;;;;;L;;;;Salida;Slot3_SI_BB_JUGO_PESADO_NORTE;;;;;;;;LAZOS_NUEVOS_SULFO;NO_INSERTAR_REVISION;INSERT;;400_LXV_002A;SULFO_ENCALADO;B_Ctrol_LT_TK_PESADO;400;2;;SULFO_ENCALADO:8:O.Ch0Data;"Ingeniería: área 400, identidad de entrada y salidas; ORef Slot3_SI_BB_JUGO_PESADO_NORTE (AliasFor SULFO_ENCALADO:8:O.Ch0Data) ; ORef Slot3_SI_BB_JUGO_PESADO_SUR (AliasFor SULFO_ENCALADO:8:O.Ch1Data)";"Propuesta de numeración; no verifica ejecución runtime";;;;;;;;;;;;;HOMOLOGADO;400_LXV_002A;2;;sin cambio
propuesta_expansion_masiva_290926.csv:9;LAZOS_NUEVOS_SULFO;INSERT;;400_LXV_002B;;400;L;2;Slot3_SI_BB_JUGO_PESADO_SUR;SULFO_ENCALADO:8:O.Ch1Data;NO_INSERTAR_REVISION;"Propuesta de numeración; no verifica ejecución runtime";NO;;;;;;;FABRICA;;;;;;;L;;;;Salida;Slot3_SI_BB_JUGO_PESADO_SUR;;;;;;;;LAZOS_NUEVOS_SULFO;NO_INSERTAR_REVISION;INSERT;;400_LXV_002B;SULFO_ENCALADO;B_Ctrol_LT_TK_PESADO;400;2;;SULFO_ENCALADO:8:O.Ch1Data;"Ingeniería: área 400, identidad de entrada y salidas; ORef Slot3_SI_BB_JUGO_PESADO_NORTE (AliasFor SULFO_ENCALADO:8:O.Ch0Data) ; ORef Slot3_SI_BB_JUGO_PESADO_SUR (AliasFor SULFO_ENCALADO:8:O.Ch1Data)";"Propuesta de numeración; no verifica ejecución runtime";;;;;;;;;;;;;HOMOLOGADO;400_LXV_002B;2;;sin cambio
propuesta_expansion_masiva_290926.csv:10;FRONTERA_3_4;UPDATE;300_PT_045;300_PT_045;1235;300;P;45;BP_ANALOGICA:1:I.Ch[4].Data;BP_ANALOGICA:1:I.Ch[4].Data;UPDATE_METADATOS_NO_RENOMBRAR;"Anexar canal físico en trazabilidad; conservar nombre ISA y procedencia existente (no sustituir identidad PLC por canal).";NO;;;;;;;Calderas_8_9_10_Desaireador;;;;;;;P;;;;Entrada;BP_ANALOGICA:1:I.Ch[4].Data @ BP_ANALOGICA:1:I.Ch[4].Data;;;;;;;;FRONTERA_3_4;REVISION_TRAZABILIDAD_ENTRADA;;300_PT_045;;C8;B_C8_PC_VAPOR;300;45;;;;"Par cargado, pero la identidad/canal físico trazado no figura en la descripción, comentarios o alias_for; verificar antes de UPDATE";;;;;;;;;;;;;HOMOLOGADO;;;;
propuesta_expansion_masiva_290926.csv:11;FRONTERA_3_4;;300_PV_045;;1237;300;P;45;BP_ANALOGICA:1:I.Ch[4].Data @ BP_ANALOGICA:1:I.Ch[4].Data;;YA_TAGUEADO_REVISAR_TRAZABILIDAD;"Tres miembros ya presentes; no proponer INSERT por una discrepancia de procedencia";NO;;;;;;;Calderas_8_9_10_Desaireador;;;;;;;P;;;;;BP_ANALOGICA:1:I.Ch[4].Data @ BP_ANALOGICA:1:I.Ch[4].Data;;;;;;;;FRONTERA_3_4;YA_TAGUEADO_REVISAR_TRAZABILIDAD;;300_PV_045;;C8;B_C8_PC_VAPOR;300;45;;;;"Tres miembros ya presentes; no proponer INSERT por una discrepancia de procedencia";;;;;;;;;;;;;NO_APLICA;;;;
propuesta_expansion_masiva_290926.csv:12;FRONTERA_3_4;UPDATE;300_PT_043;300_PT_043;1229;300;P;43;BP_ANALOGICA:2:I.Ch[5].Data;BP_ANALOGICA:2:I.Ch[5].Data;UPDATE_METADATOS_NO_RENOMBRAR;"Anexar canal físico en trazabilidad; conservar nombre ISA y procedencia existente (no sustituir identidad PLC por canal).";NO;;;;;;;Calderas_8_9_10_Desaireador;;;;;;;P;;;;Entrada;BP_ANALOGICA:2:I.Ch[5].Data @ BP_ANALOGICA:2:I.Ch[5].Data;;;;;;;;FRONTERA_3_4;REVISION_TRAZABILIDAD_ENTRADA;;300_PT_043;;C9;B_C9_PC_HOGAR;300;43;;;;"Par cargado, pero la identidad/canal físico trazado no figura en la descripción, comentarios o alias_for; verificar antes de UPDATE";;;;;;;;;;;;;HOMOLOGADO;;;;
propuesta_expansion_masiva_290926.csv:13;FRONTERA_3_4;;300_PV_043;;1231;300;P;43;BP_ANALOGICA:2:I.Ch[5].Data @ BP_ANALOGICA:2:I.Ch[5].Data;;YA_TAGUEADO_REVISAR_TRAZABILIDAD;"Tres miembros ya presentes; no proponer INSERT por una discrepancia de procedencia";NO;;;;;;;Calderas_8_9_10_Desaireador;;;;;;;P;;;;;BP_ANALOGICA:2:I.Ch[5].Data @ BP_ANALOGICA:2:I.Ch[5].Data;;;;;;;;FRONTERA_3_4;YA_TAGUEADO_REVISAR_TRAZABILIDAD;;300_PV_043;;C9;B_C9_PC_HOGAR;300;43;;;;"Tres miembros ya presentes; no proponer INSERT por una discrepancia de procedencia";;;;;;;;;;;;;NO_APLICA;;;;
propuesta_expansion_masiva_290926.csv:14;FRONTERA_3_4;UPDATE;300_PT_046;300_PT_046;1238;300;P;46;BP_ANALOGICA:2:I.Ch[4].Data;BP_ANALOGICA:2:I.Ch[4].Data;UPDATE_METADATOS_NO_RENOMBRAR;"Anexar canal físico en trazabilidad; conservar nombre ISA y procedencia existente (no sustituir identidad PLC por canal).";NO;;;;;;;Calderas_8_9_10_Desaireador;;;;;;;P;;;;Entrada;BP_ANALOGICA:2:I.Ch[4].Data @ BP_ANALOGICA:2:I.Ch[4].Data;;;;;;;;FRONTERA_3_4;REVISION_TRAZABILIDAD_ENTRADA;;300_PT_046;;C9;B_C9_PC_VAPOR;300;46;;;;"Par cargado, pero la identidad/canal físico trazado no figura en la descripción, comentarios o alias_for; verificar antes de UPDATE";;;;;;;;;;;;;HOMOLOGADO;;;;
propuesta_expansion_masiva_290926.csv:15;FRONTERA_3_4;;300_PV_046;;1240;300;P;46;BP_ANALOGICA:2:I.Ch[4].Data @ BP_ANALOGICA:2:I.Ch[4].Data;;YA_TAGUEADO_REVISAR_TRAZABILIDAD;"Tres miembros ya presentes; no proponer INSERT por una discrepancia de procedencia";NO;;;;;;;Calderas_8_9_10_Desaireador;;;;;;;P;;;;;BP_ANALOGICA:2:I.Ch[4].Data @ BP_ANALOGICA:2:I.Ch[4].Data;;;;;;;;FRONTERA_3_4;YA_TAGUEADO_REVISAR_TRAZABILIDAD;;300_PV_046;;C9;B_C9_PC_VAPOR;300;46;;;;"Tres miembros ya presentes; no proponer INSERT por una discrepancia de procedencia";;;;;;;;;;;;;NO_APLICA;;;;
propuesta_expansion_masiva_290926.csv:16;FRONTERA_3_4;;300_PV_042;;1142;300;P;42;DES_S1_PT_VALVULA_10_0 @ Desaireador:2:I.Ch[6].Data;;YA_TAGUEADO_REVISAR_TRAZABILIDAD;"Tres miembros ya presentes; no proponer INSERT por una discrepancia de procedencia";NO;;;;;;;Calderas_8_9_10_Desaireador;;;;;;;P;;;;;DES_S1_PT_VALVULA_10_0 @ Desaireador:2:I.Ch[6].Data;;;;;;;;FRONTERA_3_4;YA_TAGUEADO_REVISAR_TRAZABILIDAD;;300_PV_042;;DES;CONTROL_PRESION_2_20_10;300;42;;;;"Tres miembros ya presentes; no proponer INSERT por una discrepancia de procedencia";;;;;;;;;;;;;NO_APLICA;;;;
propuesta_expansion_masiva_290926.csv:17;FRONTERA_3_4;;200_FT_085;;1104;200;F;85;;;REVISION_SIN_CANAL_UNICO;No se propone UPDATE sin canal de entrada inequívoco.;NO;;;;;;;DESTILERIA;;;;;;;F;;;;Entrada;;;;;;;;;FRONTERA_3_4;REVISION_TRAZABILIDAD_ENTRADA;;200_FT_085;;FERMENTACION;B_Ctrl_GRADO_BRIX_JUGO;200;85;;;;"Par cargado, pero la identidad/canal físico trazado no figura en la descripción, comentarios o alias_for; verificar antes de UPDATE";;;;;;;;;;;;;NO_APLICA;;;;
propuesta_expansion_masiva_290926.csv:18;FRONTERA_3_4;;200_FIC_085;;1105;200;F;85;B_Ctrl_GRADO_BRIX_JUGO;;REVISION_TRAZABILIDAD_CONTROLADOR;Identidad de instancia no acreditada en campos de procedencia productivos;NO;;;;;;;DESTILERIA;;;;;;;F;;;;Controlador;B_Ctrl_GRADO_BRIX_JUGO;;;;;;;;FRONTERA_3_4;REVISION_TRAZABILIDAD_CONTROLADOR;;200_FIC_085;;FERMENTACION;B_Ctrl_GRADO_BRIX_JUGO;200;85;;;;Identidad de instancia no acreditada en campos de procedencia productivos;;;;;;;;;;;;;NO_APLICA;;;;
propuesta_expansion_masiva_290926.csv:19;FRONTERA_3_4;;200_FV_085;;1106;200;F;85;;;REVISION_ENTRADA_NO_TRAZADA;Grupo productivo completo, pero entrada física no trazada por catálogo;NO;;;;;;;DESTILERIA;;;;;;;F;;;;;;;;;;;;;FRONTERA_3_4;REVISION_ENTRADA_NO_TRAZADA;;200_FV_085;;FERMENTACION;B_Ctrl_GRADO_BRIX_JUGO;200;85;;;;Grupo productivo completo, pero entrada física no trazada por catálogo;;;;;;;;;;;;;NO_APLICA;;;;
propuesta_expansion_masiva_290926.csv:20;FRONTERA_3_4;;;;;200;F;85;200_FV_085;;REVISION_CONTROLADORES_COMPARTEN_SALIDA;"Mismo tag de salida ya asociado a otra instancia; no atribuir entrada automáticamente";NO;;;;;;;DESTILERIA;;;;;;;F;;;;;200_FV_085;;;;;;;;FRONTERA_3_4;REVISION_CONTROLADORES_COMPARTEN_SALIDA;;;;FERMENTACION;B_Ctrl_VALV_CAUDAL_MELADO;200;85;;;;"Mismo tag de salida ya asociado a otra instancia; no atribuir entrada automáticamente";;;;;;;;;;;;;NO_APLICA;;;;
propuesta_expansion_masiva_290926.csv:21;FRONTERA_3_4;UPDATE;200_FT_086;200_FT_086;1107;200;F;86;Slot_FT_MELAZA;jw_fermerntacion_2022:6:I.Ch[3].Data;UPDATE_METADATOS_NO_RENOMBRAR;"Anexar canal físico en trazabilidad; conservar nombre ISA y procedencia existente (no sustituir identidad PLC por canal).";NO;;;;;;;DESTILERIA;;;;;;;F;;;;Entrada;Slot_FT_MELAZA @ jw_fermerntacion_2022:6:I.Ch[3].Data;;;;;;;;FRONTERA_3_4;REVISION_TRAZABILIDAD_ENTRADA;;200_FT_086;;FERMENTACION;B_Ctrol_FT_MELAZA;200;86;;;;"Par cargado, pero la identidad/canal físico trazado no figura en la descripción, comentarios o alias_for; verificar antes de UPDATE";;;;;;;;;;;;;HOMOLOGADO;;;;
propuesta_expansion_masiva_290926.csv:22;FRONTERA_3_4;;200_FV_086;;1109;200;F;86;Slot_FT_MELAZA @ jw_fermerntacion_2022:6:I.Ch[3].Data;;YA_TAGUEADO_REVISAR_TRAZABILIDAD;"Tres miembros ya presentes; no proponer INSERT por una discrepancia de procedencia";NO;;;;;;;DESTILERIA;;;;;;;F;;;;;Slot_FT_MELAZA @ jw_fermerntacion_2022:6:I.Ch[3].Data;;;;;;;;FRONTERA_3_4;YA_TAGUEADO_REVISAR_TRAZABILIDAD;;200_FV_086;;FERMENTACION;B_Ctrol_FT_MELAZA;200;86;;;;"Tres miembros ya presentes; no proponer INSERT por una discrepancia de procedencia";;;;;;;;;;;;;NO_APLICA;;;;
propuesta_expansion_masiva_290926.csv:23;FRONTERA_3_4;UPDATE;200_LT_088;200_LT_088;1113;200;L;88;fermerntacion2022_islas:3:I.Ch[0].Data;fermerntacion2022_islas:3:I.Ch[0].Data;UPDATE_METADATOS_NO_RENOMBRAR;"Anexar canal físico en trazabilidad; conservar nombre ISA y procedencia existente (no sustituir identidad PLC por canal).";NO;;;;;;;DESTILERIA;;;;;;;L;;;;Entrada;fermerntacion2022_islas:3:I.Ch[0].Data @ fermerntacion2022_islas:3:I.Ch[0].Data;;;;;;;;FRONTERA_3_4;REVISION_TRAZABILIDAD_ENTRADA;;200_LT_088;;JW;PID_CTROL_LIT_101;200;88;;;;"Par cargado, pero la identidad/canal físico trazado no figura en la descripción, comentarios o alias_for; verificar antes de UPDATE";;;;;;;;;;;;;HOMOLOGADO;;;;
propuesta_expansion_masiva_290926.csv:24;FRONTERA_3_4;;200_LXV_088;;1115;200;L;88;fermerntacion2022_islas:3:I.Ch[0].Data @ fermerntacion2022_islas:3:I.Ch[0].Data;;YA_TAGUEADO_REVISAR_TRAZABILIDAD;"Tres miembros ya presentes; no proponer INSERT por una discrepancia de procedencia";NO;;;;;;;DESTILERIA;;;;;;;L;;;;;fermerntacion2022_islas:3:I.Ch[0].Data @ fermerntacion2022_islas:3:I.Ch[0].Data;;;;;;;;FRONTERA_3_4;YA_TAGUEADO_REVISAR_TRAZABILIDAD;;200_LXV_088;;JW;PID_CTROL_LIT_101;200;88;;;;"Tres miembros ya presentes; no proponer INSERT por una discrepancia de procedencia";;;;;;;;;;;;;NO_APLICA;;;;
propuesta_expansion_masiva_290926.csv:25;FRONTERA_3_4;UPDATE;200_LT_089;200_LT_089;1116;200;L;89;fermerntacion2022_islas:3:I.Ch[4].Data;fermerntacion2022_islas:3:I.Ch[4].Data;UPDATE_METADATOS_NO_RENOMBRAR;"Anexar canal físico en trazabilidad; conservar nombre ISA y procedencia existente (no sustituir identidad PLC por canal).";NO;;;;;;;DESTILERIA;;;;;;;L;;;;Entrada;fermerntacion2022_islas:3:I.Ch[4].Data @ fermerntacion2022_islas:3:I.Ch[4].Data;;;;;;;;FRONTERA_3_4;REVISION_TRAZABILIDAD_ENTRADA;;200_LT_089;;JW;PID_CTROL_NIVEL_COLUMNA_RECTIFICADORA;200;89;;;;"Par cargado, pero la identidad/canal físico trazado no figura en la descripción, comentarios o alias_for; verificar antes de UPDATE";;;;;;;;;;;;;HOMOLOGADO;;;;
propuesta_expansion_masiva_290926.csv:26;FRONTERA_3_4;;200_LXV_089;;1118;200;L;89;fermerntacion2022_islas:3:I.Ch[4].Data @ fermerntacion2022_islas:3:I.Ch[4].Data;;YA_TAGUEADO_REVISAR_TRAZABILIDAD;"Tres miembros ya presentes; no proponer INSERT por una discrepancia de procedencia";NO;;;;;;;DESTILERIA;;;;;;;L;;;;;fermerntacion2022_islas:3:I.Ch[4].Data @ fermerntacion2022_islas:3:I.Ch[4].Data;;;;;;;;FRONTERA_3_4;YA_TAGUEADO_REVISAR_TRAZABILIDAD;;200_LXV_089;;JW;PID_CTROL_NIVEL_COLUMNA_RECTIFICADORA;200;89;;;;"Tres miembros ya presentes; no proponer INSERT por una discrepancia de procedencia";;;;;;;;;;;;;NO_APLICA;;;;
propuesta_expansion_masiva_290926.csv:27;FRONTERA_3_4;UPDATE;200_LT_090;200_LT_090;1119;200;L;90;fermerntacion2022_islas:3:I.Ch[3].Data;fermerntacion2022_islas:3:I.Ch[3].Data;UPDATE_METADATOS_NO_RENOMBRAR;"Anexar canal físico en trazabilidad; conservar nombre ISA y procedencia existente (no sustituir identidad PLC por canal).";NO;;;;;;;DESTILERIA;;;;;;;L;;;;Entrada;fermerntacion2022_islas:3:I.Ch[3].Data @ fermerntacion2022_islas:3:I.Ch[3].Data;;;;;;;;FRONTERA_3_4;REVISION_TRAZABILIDAD_ENTRADA;;200_LT_090;;JW;PID_CTROL_NIVEL_REFLUJO;200;90;;;;"Par cargado, pero la identidad/canal físico trazado no figura en la descripción, comentarios o alias_for; verificar antes de UPDATE";;;;;;;;;;;;;HOMOLOGADO;;;;
propuesta_expansion_masiva_290926.csv:28;FRONTERA_3_4;;200_LXV_090;;1121;200;L;90;fermerntacion2022_islas:3:I.Ch[3].Data @ fermerntacion2022_islas:3:I.Ch[3].Data;;YA_TAGUEADO_REVISAR_TRAZABILIDAD;"Tres miembros ya presentes; no proponer INSERT por una discrepancia de procedencia";NO;;;;;;;DESTILERIA;;;;;;;L;;;;;fermerntacion2022_islas:3:I.Ch[3].Data @ fermerntacion2022_islas:3:I.Ch[3].Data;;;;;;;;FRONTERA_3_4;YA_TAGUEADO_REVISAR_TRAZABILIDAD;;200_LXV_090;;JW;PID_CTROL_NIVEL_REFLUJO;200;90;;;;"Tres miembros ya presentes; no proponer INSERT por una discrepancia de procedencia";;;;;;;;;;;;;NO_APLICA;;;;
propuesta_expansion_masiva_290926.csv:29;FRONTERA_3_4;UPDATE;200_PT_098;200_PT_098;1226;200;P;98;fermerntacion2022_islas:2:I.Ch0Data;fermerntacion2022_islas:2:I.Ch0Data;UPDATE_METADATOS_NO_RENOMBRAR;"Anexar canal físico en trazabilidad; conservar nombre ISA y procedencia existente (no sustituir identidad PLC por canal).";NO;;;;;;;DESTILERIA;;;;;;;P;;;;Entrada;fermerntacion2022_islas:2:I.Ch0Data @ fermerntacion2022_islas:2:I.Ch0Data;;;;;;;;FRONTERA_3_4;REVISION_TRAZABILIDAD_ENTRADA;;200_PT_098;;JW;PID_CTROL_PRESION_COLUMNA_DESTILADORA;200;98;;;;"Par cargado, pero la identidad/canal físico trazado no figura en la descripción, comentarios o alias_for; verificar antes de UPDATE";;;;;;;;;;;;;HOMOLOGADO;;;;
propuesta_expansion_masiva_290926.csv:30;FRONTERA_3_4;UPDATE;200_PXV_098;200_PXV_098A;1228;200;P;98;fermerntacion2022_islas:7:O.Ch1Data;fermerntacion2022_islas:7:O.Ch1Data;NO_INSERTAR_REVISION;"Desglose planificado; UPDATE/INSERT sujeto a validación de ingeniería";NO;;;;;;;DESTILERIA;;;;;;;P;;;;Salida;fermerntacion2022_islas:7:O.Ch1Data;;;;;;;;FRONTERA_3_4;NO_INSERTAR_REVISION;UPDATE;200_PXV_098;200_PXV_098A;JW;PID_CTROL_PRESION_COLUMNA_DESTILADORA;200;98;;fermerntacion2022_islas:7:O.Ch1Data;"bloque SCL (pin Out -> SourceA) ; bloque SUB (pin Dest -> In1) ; bloque SEL (pin Out -> VALOR_ENTRADA) ; envoltorio LIMITADOR: MOV -> VALOR_SALIDA <- VALOR_ENTRADA = pin de entrada ; bloque LIMITADOR (pin VALOR_SALIDA -> in) ; ORef MV_CTROL_PT_DESTILADORA_VALV2_GLOBAL_IA no es alias ni modulo fisico ; envoltorio LIMITADOR: MOV -> VALOR_SALIDA <- VALOR_ENTRADA = pin de entrada ; bloque LIMITADOR (pin VALOR_SALIDA -> in) ; ORef fermerntacion2022_islas:7:O.Ch5Data (direccion fisica) ; bloque SCL (pin Out -> in) ; ORef VALVULA_PRUEBA_1 no es alias ni modulo fisico ; bloque SCL (pin Out -> in) ; ORef VALVULA_PRUEBA_2 no es alias ni modulo fisico ; bloque SEL (pin Out -> VALOR_ENTRADA) ; envoltorio LIMITADOR: MOV -> VALOR_SALIDA <- VALOR_ENTRADA = pin de entrada ; bloque LIMITADOR (pin VALOR_SALIDA -> in) ; ORef MV_CTROL_PT_DESTILADORA_VALV1_GLOBAL_IA no es alias ni modulo fisico ; envoltorio LIMITADOR: MOV -> VALOR_SALIDA <- VALOR_ENTRADA = pin de entrada ; bloque LIMITADOR (pin VALOR_SALIDA -> in) ; ORef fermerntacion2022_islas:7:O.Ch1Data (direccion fisica)";"Desglose planificado; UPDATE/INSERT sujeto a validación de ingeniería";;;;;;;;;;;;;HOMOLOGADO;;;;
propuesta_expansion_masiva_290926.csv:31;FRONTERA_3_4;INSERT;;200_PXV_098B;;200;P;98;fermerntacion2022_islas:7:O.Ch5Data;fermerntacion2022_islas:7:O.Ch5Data;NO_INSERTAR_REVISION;"Desglose planificado; UPDATE/INSERT sujeto a validación de ingeniería";NO;;;;;;;DESTILERIA;;;;;;;P;;;;Salida;fermerntacion2022_islas:7:O.Ch5Data;;;;;;;;FRONTERA_3_4;NO_INSERTAR_REVISION;INSERT;;200_PXV_098B;JW;PID_CTROL_PRESION_COLUMNA_DESTILADORA;200;98;;fermerntacion2022_islas:7:O.Ch5Data;"bloque SCL (pin Out -> SourceA) ; bloque SUB (pin Dest -> In1) ; bloque SEL (pin Out -> VALOR_ENTRADA) ; envoltorio LIMITADOR: MOV -> VALOR_SALIDA <- VALOR_ENTRADA = pin de entrada ; bloque LIMITADOR (pin VALOR_SALIDA -> in) ; ORef MV_CTROL_PT_DESTILADORA_VALV2_GLOBAL_IA no es alias ni modulo fisico ; envoltorio LIMITADOR: MOV -> VALOR_SALIDA <- VALOR_ENTRADA = pin de entrada ; bloque LIMITADOR (pin VALOR_SALIDA -> in) ; ORef fermerntacion2022_islas:7:O.Ch5Data (direccion fisica) ; bloque SCL (pin Out -> in) ; ORef VALVULA_PRUEBA_1 no es alias ni modulo fisico ; bloque SCL (pin Out -> in) ; ORef VALVULA_PRUEBA_2 no es alias ni modulo fisico ; bloque SEL (pin Out -> VALOR_ENTRADA) ; envoltorio LIMITADOR: MOV -> VALOR_SALIDA <- VALOR_ENTRADA = pin de entrada ; bloque LIMITADOR (pin VALOR_SALIDA -> in) ; ORef MV_CTROL_PT_DESTILADORA_VALV1_GLOBAL_IA no es alias ni modulo fisico ; envoltorio LIMITADOR: MOV -> VALOR_SALIDA <- VALOR_ENTRADA = pin de entrada ; bloque LIMITADOR (pin VALOR_SALIDA -> in) ; ORef fermerntacion2022_islas:7:O.Ch1Data (direccion fisica)";"Desglose planificado; UPDATE/INSERT sujeto a validación de ingeniería";;;;;;;;;;;;;HOMOLOGADO;;;;
propuesta_expansion_masiva_290926.csv:32;FRONTERA_3_4;UPDATE;200_PT_092;200_PT_092;1125;200;P;92;fermerntacion2022_islas:2:I.Ch2Data;fermerntacion2022_islas:2:I.Ch2Data;UPDATE_METADATOS_NO_RENOMBRAR;"Anexar canal físico en trazabilidad; conservar nombre ISA y procedencia existente (no sustituir identidad PLC por canal).";NO;;;;;;;DESTILERIA;;;;;;;P;;;;Entrada;fermerntacion2022_islas:2:I.Ch2Data @ fermerntacion2022_islas:2:I.Ch2Data;;;;;;;;FRONTERA_3_4;REVISION_TRAZABILIDAD_ENTRADA;;200_PT_092;;JW;PID_CTROL_PRESION_COLUMNA_RECTIFICADORA;200;92;;;;"Par cargado, pero la identidad/canal físico trazado no figura en la descripción, comentarios o alias_for; verificar antes de UPDATE";;;;;;;;;;;;;HOMOLOGADO;;;;
propuesta_expansion_masiva_290926.csv:33;FRONTERA_3_4;;200_PXV_092;;1127;200;P;92;fermerntacion2022_islas:2:I.Ch2Data @ fermerntacion2022_islas:2:I.Ch2Data;;YA_TAGUEADO_REVISAR_TRAZABILIDAD;"Tres miembros ya presentes; no proponer INSERT por una discrepancia de procedencia";NO;;;;;;;DESTILERIA;;;;;;;P;;;;;fermerntacion2022_islas:2:I.Ch2Data @ fermerntacion2022_islas:2:I.Ch2Data;;;;;;;;FRONTERA_3_4;YA_TAGUEADO_REVISAR_TRAZABILIDAD;;200_PXV_092;;JW;PID_CTROL_PRESION_COLUMNA_RECTIFICADORA;200;92;;;;"Tres miembros ya presentes; no proponer INSERT por una discrepancia de procedencia";;;;;;;;;;;;;NO_APLICA;;;;
propuesta_expansion_masiva_290926.csv:34;FRONTERA_3_4;UPDATE;200_TT_094;200_TT_094;1131;200;T;94;fermerntacion2022_islas:4:I.Ch5Data;fermerntacion2022_islas:4:I.Ch5Data;UPDATE_METADATOS_NO_RENOMBRAR;"Anexar canal físico en trazabilidad; conservar nombre ISA y procedencia existente (no sustituir identidad PLC por canal).";NO;;;;;;;DESTILERIA;;;;;;;T;;;;Entrada;fermerntacion2022_islas:4:I.Ch5Data @ fermerntacion2022_islas:4:I.Ch5Data;;;;;;;;FRONTERA_3_4;REVISION_TRAZABILIDAD_ENTRADA;;200_TT_094;;JW;PID_Ctrl_Temp_TC102;200;94;;;;"Par cargado, pero la identidad/canal físico trazado no figura en la descripción, comentarios o alias_for; verificar antes de UPDATE";;;;;;;;;;;;;HOMOLOGADO;;;;
propuesta_expansion_masiva_290926.csv:35;FRONTERA_3_4;;200_TXV_094;;1133;200;T;94;fermerntacion2022_islas:4:I.Ch5Data @ fermerntacion2022_islas:4:I.Ch5Data;;YA_TAGUEADO_REVISAR_TRAZABILIDAD;"Tres miembros ya presentes; no proponer INSERT por una discrepancia de procedencia";NO;;;;;;;DESTILERIA;;;;;;;T;;;;;fermerntacion2022_islas:4:I.Ch5Data @ fermerntacion2022_islas:4:I.Ch5Data;;;;;;;;FRONTERA_3_4;YA_TAGUEADO_REVISAR_TRAZABILIDAD;;200_TXV_094;;JW;PID_Ctrl_Temp_TC102;200;94;;;;"Tres miembros ya presentes; no proponer INSERT por una discrepancia de procedencia";;;;;;;;;;;;;NO_APLICA;;;;
propuesta_expansion_masiva_290926.csv:36;FRONTERA_3_4;UPDATE;200_TT_095;200_TT_095;1134;200;T;95;fermerntacion2022_islas:6:I.Ch3Data;fermerntacion2022_islas:6:I.Ch3Data;UPDATE_METADATOS_NO_RENOMBRAR;"Anexar canal físico en trazabilidad; conservar nombre ISA y procedencia existente (no sustituir identidad PLC por canal).";NO;;;;;;;DESTILERIA;;;;;;;T;;;;Entrada;fermerntacion2022_islas:6:I.Ch3Data @ fermerntacion2022_islas:6:I.Ch3Data;;;;;;;;FRONTERA_3_4;REVISION_TRAZABILIDAD_ENTRADA;;200_TT_095;;JW;PID_Ctrl_Temp_TC204;200;95;;;;"Par cargado, pero la identidad/canal físico trazado no figura en la descripción, comentarios o alias_for; verificar antes de UPDATE";;;;;;;;;;;;;HOMOLOGADO;;;;
propuesta_expansion_masiva_290926.csv:37;FRONTERA_3_4;;200_TXV_095;;1136;200;T;95;fermerntacion2022_islas:6:I.Ch3Data @ fermerntacion2022_islas:6:I.Ch3Data;;YA_TAGUEADO_REVISAR_TRAZABILIDAD;"Tres miembros ya presentes; no proponer INSERT por una discrepancia de procedencia";NO;;;;;;;DESTILERIA;;;;;;;T;;;;;fermerntacion2022_islas:6:I.Ch3Data @ fermerntacion2022_islas:6:I.Ch3Data;;;;;;;;FRONTERA_3_4;YA_TAGUEADO_REVISAR_TRAZABILIDAD;;200_TXV_095;;JW;PID_Ctrl_Temp_TC204;200;95;;;;"Tres miembros ya presentes; no proponer INSERT por una discrepancia de procedencia";;;;;;;;;;;;;NO_APLICA;;;;
propuesta_expansion_masiva_290926.csv:38;FRONTERA_3_4;UPDATE;200_FT_087;200_FT_087;1110;200;F;87;fermerntacion2022_islas:2:I.Ch3Data;fermerntacion2022_islas:2:I.Ch3Data;UPDATE_METADATOS_NO_RENOMBRAR;"Anexar canal físico en trazabilidad; conservar nombre ISA y procedencia existente (no sustituir identidad PLC por canal).";NO;;;;;;;DESTILERIA;;;;;;;F;;;;Entrada;fermerntacion2022_islas:2:I.Ch3Data @ fermerntacion2022_islas:2:I.Ch3Data;;;;;;;;FRONTERA_3_4;REVISION_TRAZABILIDAD_ENTRADA;;200_FT_087;;JW;PID_Ctrol_CAUDAL_Vino;200;87;;;;"Par cargado, pero la identidad/canal físico trazado no figura en la descripción, comentarios o alias_for; verificar antes de UPDATE";;;;;;;;;;;;;HOMOLOGADO;;;;
propuesta_expansion_masiva_290926.csv:39;FRONTERA_3_4;;200_FXV_087;;1112;200;F;87;fermerntacion2022_islas:2:I.Ch3Data @ fermerntacion2022_islas:2:I.Ch3Data;;YA_TAGUEADO_REVISAR_TRAZABILIDAD;"Tres miembros ya presentes; no proponer INSERT por una discrepancia de procedencia";NO;;;;;;;DESTILERIA;;;;;;;F;;;;;fermerntacion2022_islas:2:I.Ch3Data @ fermerntacion2022_islas:2:I.Ch3Data;;;;;;;;FRONTERA_3_4;YA_TAGUEADO_REVISAR_TRAZABILIDAD;;200_FXV_087;;JW;PID_Ctrol_CAUDAL_Vino;200;87;;;;"Tres miembros ya presentes; no proponer INSERT por una discrepancia de procedencia";;;;;;;;;;;;;NO_APLICA;;;;
propuesta_expansion_masiva_290926.csv:40;FRONTERA_3_4;UPDATE;200_LT_091;200_LT_091;1122;200;L;91;fermerntacion2022_islas:3:I.Ch[1].Data;fermerntacion2022_islas:3:I.Ch[1].Data;UPDATE_METADATOS_NO_RENOMBRAR;"Anexar canal físico en trazabilidad; conservar nombre ISA y procedencia existente (no sustituir identidad PLC por canal).";NO;;;;;;;DESTILERIA;;;;;;;L;;;;Entrada;fermerntacion2022_islas:3:I.Ch[1].Data @ fermerntacion2022_islas:3:I.Ch[1].Data;;;;;;;;FRONTERA_3_4;REVISION_TRAZABILIDAD_ENTRADA;;200_LT_091;;JW;PID_Ctrol_NIVEL_Destiladora;200;91;;;;"Par cargado, pero la identidad/canal físico trazado no figura en la descripción, comentarios o alias_for; verificar antes de UPDATE";;;;;;;;;;;;;HOMOLOGADO;;;;
propuesta_expansion_masiva_290926.csv:41;FRONTERA_3_4;;200_LXV_091;;1124;200;L;91;fermerntacion2022_islas:3:I.Ch[1].Data @ fermerntacion2022_islas:3:I.Ch[1].Data;;YA_TAGUEADO_REVISAR_TRAZABILIDAD;"Tres miembros ya presentes; no proponer INSERT por una discrepancia de procedencia";NO;;;;;;;DESTILERIA;;;;;;;L;;;;;fermerntacion2022_islas:3:I.Ch[1].Data @ fermerntacion2022_islas:3:I.Ch[1].Data;;;;;;;;FRONTERA_3_4;YA_TAGUEADO_REVISAR_TRAZABILIDAD;;200_LXV_091;;JW;PID_Ctrol_NIVEL_Destiladora;200;91;;;;"Tres miembros ya presentes; no proponer INSERT por una discrepancia de procedencia";;;;;;;;;;;;;NO_APLICA;;;;
propuesta_expansion_masiva_290926.csv:42;FRONTERA_3_4;;200_PXV_093;;1130;200;P;93;jw_fermerntacion_2022:12:I.Ch0Data @ jw_fermerntacion_2022:12:I.Ch0Data;;YA_TAGUEADO_REVISAR_TRAZABILIDAD;"Tres miembros ya presentes; no proponer INSERT por una discrepancia de procedencia";NO;;;;;;;DESTILERIA;;;;;;;P;;;;;jw_fermerntacion_2022:12:I.Ch0Data @ jw_fermerntacion_2022:12:I.Ch0Data;;;;;;;;FRONTERA_3_4;YA_TAGUEADO_REVISAR_TRAZABILIDAD;;200_PXV_093;;JW;PID_Ctrol_VAPOR_CALIENTA_VINO;200;93;;;;"Tres miembros ya presentes; no proponer INSERT por una discrepancia de procedencia";;;;;;;;;;;;;NO_APLICA;;;;
propuesta_expansion_masiva_290926.csv:43;FRONTERA_3_4;UPDATE;700_TT_018;700_TT_018;1197;700;T;18;ISLA_FAB_AI:2:I.Ch[2].Data;ISLA_FAB_AI:2:I.Ch[2].Data;UPDATE_METADATOS_NO_RENOMBRAR;"Anexar canal físico en trazabilidad; conservar nombre ISA y procedencia existente (no sustituir identidad PLC por canal).";NO;;;;;;;FABRICA;;;;;;;T;;;;Entrada;ISLA_FAB_AI:2:I.Ch[2].Data @ ISLA_FAB_AI:2:I.Ch[2].Data;;;;;;;;FRONTERA_3_4;REVISION_TRAZABILIDAD_ENTRADA;;700_TT_018;;FAB_CCV;ATEMPERADOR_PID;700;18;;;;"Par cargado, pero la identidad/canal físico trazado no figura en la descripción, comentarios o alias_for; verificar antes de UPDATE";;;;;;;;;;;;;HOMOLOGADO;;;;
propuesta_expansion_masiva_290926.csv:44;FRONTERA_3_4;;700_TXV_018;;1199;700;T;18;ISLA_FAB_AI:2:I.Ch[2].Data @ ISLA_FAB_AI:2:I.Ch[2].Data;;YA_TAGUEADO_REVISAR_TRAZABILIDAD;"Tres miembros ya presentes; no proponer INSERT por una discrepancia de procedencia";NO;;;;;;;FABRICA;;;;;;;T;;;;;ISLA_FAB_AI:2:I.Ch[2].Data @ ISLA_FAB_AI:2:I.Ch[2].Data;;;;;;;;FRONTERA_3_4;YA_TAGUEADO_REVISAR_TRAZABILIDAD;;700_TXV_018;;FAB_CCV;ATEMPERADOR_PID;700;18;;;;"Tres miembros ya presentes; no proponer INSERT por una discrepancia de procedencia";;;;;;;;;;;;;NO_APLICA;;;;
propuesta_expansion_masiva_290926.csv:45;FRONTERA_3_4;UPDATE;700_TT_019;700_TT_019;1200;700;T;19;BP_3_RECALENTADORES:1:I.Ch6Data;BP_3_RECALENTADORES:1:I.Ch6Data;UPDATE_METADATOS_NO_RENOMBRAR;"Anexar canal físico en trazabilidad; conservar nombre ISA y procedencia existente (no sustituir identidad PLC por canal).";NO;;;;;;;FABRICA;;;;;;;T;;;;Entrada;BP_3_RECALENTADORES:1:I.Ch6Data @ BP_3_RECALENTADORES:1:I.Ch6Data;;;;;;;;FRONTERA_3_4;REVISION_TRAZABILIDAD_ENTRADA;;700_TT_019;;FAB_CCV;ATEMPERADOR_PID_1;700;19;;;;"Par cargado, pero la identidad/canal físico trazado no figura en la descripción, comentarios o alias_for; verificar antes de UPDATE";;;;;;;;;;;;;HOMOLOGADO;;;;
propuesta_expansion_masiva_290926.csv:46;FRONTERA_3_4;;700_TXV_019;;1202;700;T;19;BP_3_RECALENTADORES:1:I.Ch6Data @ BP_3_RECALENTADORES:1:I.Ch6Data;;YA_TAGUEADO_REVISAR_TRAZABILIDAD;"Tres miembros ya presentes; no proponer INSERT por una discrepancia de procedencia";NO;;;;;;;FABRICA;;;;;;;T;;;;;BP_3_RECALENTADORES:1:I.Ch6Data @ BP_3_RECALENTADORES:1:I.Ch6Data;;;;;;;;FRONTERA_3_4;YA_TAGUEADO_REVISAR_TRAZABILIDAD;;700_TXV_019;;FAB_CCV;ATEMPERADOR_PID_1;700;19;;;;"Tres miembros ya presentes; no proponer INSERT por una discrepancia de procedencia";;;;;;;;;;;;;NO_APLICA;;;;
propuesta_expansion_masiva_290926.csv:47;FRONTERA_3_4;;700_PT_027;;1268;700;P;27;CCV_S7_PT_VAP_ESCAPE @ ISLA_FAB_AI:7:I.Ch4Data;;SUPERADO_POR_RAMA_E;"Par cargado, pero la identidad/canal físico trazado no figura en la descripción, comentarios o alias_for; verificar antes de UPDATE; ver operaciones Rama E";NO;;;;;;;FABRICA;;;;;;;P;;;;Entrada;CCV_S7_PT_VAP_ESCAPE @ ISLA_FAB_AI:7:I.Ch4Data;;;;;;;;FRONTERA_3_4;REVISION_TRAZABILIDAD_ENTRADA;;700_PT_027;;FAB_CCV;B_PC_ESC_CAMPO_AUX;700;27;;;;"Par cargado, pero la identidad/canal físico trazado no figura en la descripción, comentarios o alias_for; verificar antes de UPDATE";;;;;;;;;;;;;NO_APLICA;;;;
propuesta_expansion_masiva_290926.csv:48;FRONTERA_3_4;;700_PXV_027;;1270;700;P;27;CCV_S7_PT_VAP_ESCAPE @ ISLA_FAB_AI:7:I.Ch4Data;;SUPERADO_POR_RAMA_E;"Tres miembros ya presentes; no proponer INSERT por una discrepancia de procedencia; ver operaciones Rama E";NO;;;;;;;FABRICA;;;;;;;P;;;;;CCV_S7_PT_VAP_ESCAPE @ ISLA_FAB_AI:7:I.Ch4Data;;;;;;;;FRONTERA_3_4;YA_TAGUEADO_REVISAR_TRAZABILIDAD;;700_PXV_027;;FAB_CCV;B_PC_ESC_CAMPO_AUX;700;27;;;;"Tres miembros ya presentes; no proponer INSERT por una discrepancia de procedencia";;;;;;;;;;;;;NO_APLICA;;;;
propuesta_expansion_masiva_290926.csv:49;FRONTERA_3_4;UPDATE;100_FT_033;100_FT_033;1214;100;F;33;Slot_FT_AGUA_INMIBICION;Local:7:I.Ch[7].Data;UPDATE_METADATOS_NO_RENOMBRAR;"Anexar canal físico en trazabilidad; conservar nombre ISA y procedencia existente (no sustituir identidad PLC por canal).";NO;;;;;;;TRAPICHE2022;;;;;;;F;;;;Entrada;Slot_FT_AGUA_INMIBICION @ Local:7:I.Ch[7].Data;;;;;;;;FRONTERA_3_4;REVISION_TRAZABILIDAD_ENTRADA;;100_FT_033;;PID;B_FT_AGUA_INMIBICION;100;33;;;;"Par cargado, pero la identidad/canal físico trazado no figura en la descripción, comentarios o alias_for; verificar antes de UPDATE";;;;;;;;;;;;;HOMOLOGADO;;;;
propuesta_expansion_masiva_290926.csv:50;FRONTERA_3_4;UPDATE;100_FXV_033;100_FXV_033A;1216;100;F;33;Local:11:O.Ch7Data;Local:11:O.Ch7Data;NO_INSERTAR_REVISION;"Desglose planificado; UPDATE/INSERT sujeto a validación de ingeniería";NO;;;;;;;TRAPICHE2022;;;;;;;F;;;;Salida;Local:11:O.Ch7Data;;;;;;;;FRONTERA_3_4;NO_INSERTAR_REVISION;UPDATE;100_FXV_033;100_FXV_033A;PID;B_FT_AGUA_INMIBICION;100;33;;Local:11:O.Ch7Data;"ORef Local:11:O.Ch7Data (direccion fisica) ; ORef Local:12:O.Ch7Data (direccion fisica)";"Desglose planificado; UPDATE/INSERT sujeto a validación de ingeniería";;;;;;;;;;;;;HOMOLOGADO;;;;
propuesta_expansion_masiva_290926.csv:51;FRONTERA_3_4;INSERT;;100_FXV_033B;;100;F;33;Local:12:O.Ch7Data;Local:12:O.Ch7Data;NO_INSERTAR_REVISION;"Desglose planificado; UPDATE/INSERT sujeto a validación de ingeniería";NO;;;;;;;TRAPICHE2022;;;;;;;F;;;;Salida;Local:12:O.Ch7Data;;;;;;;;FRONTERA_3_4;NO_INSERTAR_REVISION;INSERT;;100_FXV_033B;PID;B_FT_AGUA_INMIBICION;100;33;;Local:12:O.Ch7Data;"ORef Local:11:O.Ch7Data (direccion fisica) ; ORef Local:12:O.Ch7Data (direccion fisica)";"Desglose planificado; UPDATE/INSERT sujeto a validación de ingeniería";;;;;;;;;;;;;HOMOLOGADO;;;;
propuesta_expansion_masiva_290926.csv:52;FRONTERA_3_4;UPDATE;300_LT_047;300_LT_047;1241;300;L;47;Local:9:I.Ch[2].Data;Local:9:I.Ch[2].Data;UPDATE_METADATOS_NO_RENOMBRAR;"Anexar canal físico en trazabilidad; conservar nombre ISA y procedencia existente (no sustituir identidad PLC por canal).";NO;;;;;;;cenizas2020;;;;;;;L;;;;Entrada;Local:9:I.Ch[2].Data @ Local:9:I.Ch[2].Data;;;;;;;;FRONTERA_3_4;REVISION_TRAZABILIDAD_ENTRADA;;300_LT_047;;PID_Control;PID_LAVADO_DE_GRILLA;300;47;;;;"Par cargado, pero la identidad/canal físico trazado no figura en la descripción, comentarios o alias_for; verificar antes de UPDATE";;;;;;;;;;;;;HOMOLOGADO;;;;
propuesta_expansion_masiva_290926.csv:53;FRONTERA_3_4;UPDATE;300_LXV_047;300_LXV_047A;1243;300;L;47;Local:6:O.Ch4Data;Local:6:O.Ch4Data;NO_INSERTAR_REVISION;"Desglose planificado; UPDATE/INSERT sujeto a validación de ingeniería";NO;;;;;;;cenizas2020;;;;;;;L;;;;Salida;Local:6:O.Ch4Data;;;;;;;;FRONTERA_3_4;NO_INSERTAR_REVISION;UPDATE;300_LXV_047;300_LXV_047A;PID_Control;PID_LAVADO_DE_GRILLA;300;47;;Local:6:O.Ch4Data;"ORef Local:6:O.Ch4Data (direccion fisica) ; ORef Local:6:O.Ch5Data (direccion fisica)";"Desglose planificado; UPDATE/INSERT sujeto a validación de ingeniería";;;;;;;;;;;;;HOMOLOGADO;;;;
propuesta_expansion_masiva_290926.csv:54;FRONTERA_3_4;INSERT;;300_LXV_047B;;300;L;47;Local:6:O.Ch5Data;Local:6:O.Ch5Data;NO_INSERTAR_REVISION;"Desglose planificado; UPDATE/INSERT sujeto a validación de ingeniería";NO;;;;;;;cenizas2020;;;;;;;L;;;;Salida;Local:6:O.Ch5Data;;;;;;;;FRONTERA_3_4;NO_INSERTAR_REVISION;INSERT;;300_LXV_047B;PID_Control;PID_LAVADO_DE_GRILLA;300;47;;Local:6:O.Ch5Data;"ORef Local:6:O.Ch4Data (direccion fisica) ; ORef Local:6:O.Ch5Data (direccion fisica)";"Desglose planificado; UPDATE/INSERT sujeto a validación de ingeniería";;;;;;;;;;;;;HOMOLOGADO;;;;
propuesta_expansion_masiva_290926.csv:77;MONITOREO_SIN_LAZO;;;;;300;;;S3_SI_CIN_CAREN_1;RASTRAS_CIRCUITO_VIEJO:3:I.Ch1Data;REVISION_NO_NUMERAR;Área, variable o tipo sin prueba consistente;NO;;;;;;;CALD_LA_FLORIDA;;;;;;;;;;;;S3_SI_CIN_CAREN_1;;;;;;;;MONITOREO_SIN_LAZO;REVISION_NO_NUMERAR;;;;;;300;;S3_SI_CIN_CAREN_1;RASTRAS_CIRCUITO_VIEJO:3:I.Ch1Data;AliasFor en declaración exacta;Área, variable o tipo sin prueba consistente;;;;;;;;;;;;;NO_APLICA;;;;
propuesta_expansion_masiva_290926.csv:78;MONITOREO_SIN_LAZO;;;;;300;;;S3_SI_CIN_PRINCIPAL;RASTRAS_CIRCUITO_VIEJO:3:O.Ch0Data;REVISION_NO_NUMERAR;Área, variable o tipo sin prueba consistente;NO;;;;;;;CALD_LA_FLORIDA;;;;;;;;;;;;S3_SI_CIN_PRINCIPAL;;;;;;;;MONITOREO_SIN_LAZO;REVISION_NO_NUMERAR;;;;;;300;;S3_SI_CIN_PRINCIPAL;RASTRAS_CIRCUITO_VIEJO:3:O.Ch0Data;AliasFor en declaración exacta;Área, variable o tipo sin prueba consistente;;;;;;;;;;;;;NO_APLICA;;;;
propuesta_expansion_masiva_290926.csv:79;MONITOREO_SIN_LAZO;;;;;300;;;S3_SI_RAS_INCLINADA;RASTRAS_CIRCUITO_VIEJO:3:O.Ch1Data;REVISION_NO_NUMERAR;Área, variable o tipo sin prueba consistente;NO;;;;;;;CALD_LA_FLORIDA;;;;;;;;;;;;S3_SI_RAS_INCLINADA;;;;;;;;MONITOREO_SIN_LAZO;REVISION_NO_NUMERAR;;;;;;300;;S3_SI_RAS_INCLINADA;RASTRAS_CIRCUITO_VIEJO:3:O.Ch1Data;AliasFor en declaración exacta;Área, variable o tipo sin prueba consistente;;;;;;;;;;;;;NO_APLICA;;;;
propuesta_expansion_masiva_290926.csv:80;MONITOREO_SIN_LAZO;;;;;300;;;S3_SI_RAS_STIRLING_1;RASTRAS_CIRCUITO_VIEJO:3:O.Ch2Data;REVISION_NO_NUMERAR;Área, variable o tipo sin prueba consistente;NO;;;;;;;CALD_LA_FLORIDA;;;;;;;;;;;;S3_SI_RAS_STIRLING_1;;;;;;;;MONITOREO_SIN_LAZO;REVISION_NO_NUMERAR;;;;;;300;;S3_SI_RAS_STIRLING_1;RASTRAS_CIRCUITO_VIEJO:3:O.Ch2Data;AliasFor en declaración exacta;Área, variable o tipo sin prueba consistente;;;;;;;;;;;;;NO_APLICA;;;;
propuesta_expansion_masiva_290926.csv:81;MONITOREO_SIN_LAZO;;;;;300;;;S3_SI_RAS_STIRLING_2;RASTRAS_CIRCUITO_VIEJO:3:O.Ch4Data;REVISION_NO_NUMERAR;Área, variable o tipo sin prueba consistente;NO;;;;;;;CALD_LA_FLORIDA;;;;;;;;;;;;S3_SI_RAS_STIRLING_2;;;;;;;;MONITOREO_SIN_LAZO;REVISION_NO_NUMERAR;;;;;;300;;S3_SI_RAS_STIRLING_2;RASTRAS_CIRCUITO_VIEJO:3:O.Ch4Data;AliasFor en declaración exacta;Área, variable o tipo sin prueba consistente;;;;;;;;;;;;;NO_APLICA;;;;
propuesta_expansion_masiva_290926.csv:82;MONITOREO_SIN_LAZO;;;;;300;;;S3_SI_RAS_CAREN_2;RASTRAS_CIRCUITO_VIEJO:3:O.Ch5Data;REVISION_NO_NUMERAR;Área, variable o tipo sin prueba consistente;NO;;;;;;;CALD_LA_FLORIDA;;;;;;;;;;;;S3_SI_RAS_CAREN_2;;;;;;;;MONITOREO_SIN_LAZO;REVISION_NO_NUMERAR;;;;;;300;;S3_SI_RAS_CAREN_2;RASTRAS_CIRCUITO_VIEJO:3:O.Ch5Data;AliasFor en declaración exacta;Área, variable o tipo sin prueba consistente;;;;;;;;;;;;;NO_APLICA;;;;
propuesta_expansion_masiva_290926.csv:83;MONITOREO_SIN_LAZO;;;;;300;;;S3_SI_CIN_CORTA;RASTRAS_CIRCUITO_VIEJO:3:O.Ch6Data;REVISION_NO_NUMERAR;Área, variable o tipo sin prueba consistente;NO;;;;;;;CALD_LA_FLORIDA;;;;;;;;;;;;S3_SI_CIN_CORTA;;;;;;;;MONITOREO_SIN_LAZO;REVISION_NO_NUMERAR;;;;;;300;;S3_SI_CIN_CORTA;RASTRAS_CIRCUITO_VIEJO:3:O.Ch6Data;AliasFor en declaración exacta;Área, variable o tipo sin prueba consistente;;;;;;;;;;;;;NO_APLICA;;;;
propuesta_expansion_masiva_290926.csv:84;MONITOREO_SIN_LAZO;;;;;300;;;S3_SI_RASTRIN;RASTRAS_CIRCUITO_VIEJO:3:O.Ch7Data;REVISION_NO_NUMERAR;Área, variable o tipo sin prueba consistente;NO;;;;;;;CALD_LA_FLORIDA;;;;;;;;;;;;S3_SI_RASTRIN;;;;;;;;MONITOREO_SIN_LAZO;REVISION_NO_NUMERAR;;;;;;300;;S3_SI_RASTRIN;RASTRAS_CIRCUITO_VIEJO:3:O.Ch7Data;AliasFor en declaración exacta;Área, variable o tipo sin prueba consistente;;;;;;;;;;;;;NO_APLICA;;;;
propuesta_expansion_masiva_290926.csv:85;MONITOREO_SIN_LAZO;INSERT;;300_LT_001;;300;L;1;LT_PILETA_USINA_NUEVA;REMOTA_2_CINTAS_103_104:1:I.Ch6Data;NO_INSERTAR_REVISION;"Número libre contra DB+plan; instrumento independiente por canal; validar en campo";NO;;;;;;;CALD_LA_FLORIDA;;;;;;;L;;;;Transmisor;LT_PILETA_USINA_NUEVA;;;;;;;;MONITOREO_SIN_LAZO;NO_INSERTAR_REVISION;INSERT;;300_LT_023;MainProgram;;300;23;LT_PILETA_USINA_NUEVA;REMOTA_2_CINTAS_103_104:1:I.Ch6Data;LT_PILETA_USINA_NUEVA <- nodo 257 (pin in) en MainProgram/Entradas_Analogicas <- bloque SCL (pin InEUMin) en MainProgram/Entradas_Analogicas <- constante 0.0 <- bloque SCL (pin InEUMax) en MainProgram/Entradas_Analogicas <- constante 100.0 <- bloque SCL (pin InRawMax) en MainProgram/Entradas_Analogicas <- constante 20.0 <- bloque SCL (pin InRawMin) en MainProgram/Entradas_Analogicas;"Número libre contra DB+plan; instrumento independiente por canal; validar en campo";;;;;;;;;;;;;HOMOLOGADO;300_LT_023;23;;lazo nuevo del área 300: 23 → 1
propuesta_expansion_masiva_290926.csv:86;MONITOREO_SIN_LAZO;INSERT;;300_TT_002;;300;T;2;TT_CHIMENEA;REMOTA_2_CINTAS_103_104:1:I.Ch7Data;NO_INSERTAR_REVISION;"Número libre contra DB+plan; instrumento independiente por canal; validar en campo";NO;;;;;;;CALD_LA_FLORIDA;;;;;;;T;;;;Transmisor;TT_CHIMENEA;;;;;;;;MONITOREO_SIN_LAZO;NO_INSERTAR_REVISION;INSERT;;300_TT_024;MainProgram;;300;24;TT_CHIMENEA;REMOTA_2_CINTAS_103_104:1:I.Ch7Data;TT_CHIMENEA <- nodo 260 (pin in) en MainProgram/Entradas_Analogicas <- bloque SCL (pin InEUMin) en MainProgram/Entradas_Analogicas <- constante 0.0 <- bloque SCL (pin InRawMax) en MainProgram/Entradas_Analogicas <- constante 20.0 <- bloque SCL (pin InRawMin) en MainProgram/Entradas_Analogicas <- constante 4.0 <- bloque SCL (pin InEUMax) en MainProgram/Entradas_Analogicas;"Número libre contra DB+plan; instrumento independiente por canal; validar en campo";;;;;;;;;;;;;HOMOLOGADO;300_TT_024;24;;lazo nuevo del área 300: 24 → 2
propuesta_expansion_masiva_290926.csv:87;MONITOREO_SIN_LAZO;;;;;200;F;;FT_VINO_A_JW_ACUM_HR_ACT;fermerntacion2022_islas:2:I.Ch3Data;REVISION_NO_NUMERAR;Canal usado por PID o representado en producción: no es monitoreo independiente;NO;;;;;;;DESTILERIA;;;;;;;F;;;;;FT_VINO_A_JW_ACUM_HR_ACT;;;;;;;;MONITOREO_SIN_LAZO;REVISION_NO_NUMERAR;;;;JW;;200;;FT_VINO_A_JW_ACUM_HR_ACT | FT_VINO_A_JW_ACUM_HR_ANT | FT_VINO_A_JW_ACUM_TOTAL;fermerntacion2022_islas:2:I.Ch3Data;FT_VINO_A_JW_ACUM_HR_ACT <- nodo 461 (pin in) en JW/ACUMULADOS_DESTILERIA <- bloque TOTALIZADOR (pin MODO_TOTALIZADOR) en JW/ACUMULADOS_DESTILERIA <- constante 1 <- bloque TOTALIZADOR (pin STAR_STOP) en JW/ACUMULADOS_DESTILERIA <- constante 1 <- bloque TOTALIZADOR (pin TIME_BASE) en JW/ACUMULADOS_DESTILERIA <- constante 2 <- bloque TOTALIZADOR (pin PV) en JW/ACUMULADOS_DESTILERIA | FT_VINO_A_JW_ACUM_HR_ANT <- nodo 461 (pin in) en JW/ACUMULADOS_DESTILERIA <- bloque TOTALIZADOR (pin MODO_TOTALIZADOR) en JW/ACUMULADOS_DESTILERIA <- constante 1 <- bloque TOTALIZADOR (pin STAR_STOP) en JW/ACUMULADOS_DESTILERIA <- constante 1 <- bloque TOTALIZADOR (pin TIME_BASE) en JW/ACUMULADOS_DESTILERIA <- constante 2 <- bloque TOTALIZADOR (pin PV) en JW/ACUMULADOS_DESTILERIA | FT_VINO_A_JW_ACUM_TOTAL <- nodo 461 (pin in) en JW/ACUMULADOS_DESTILERIA <- bloque TOTALIZADOR (pin MODO_TOTALIZADOR) en JW/ACUMULADOS_DESTILERIA <- constante 1 <- bloque TOTALIZADOR (pin STAR_STOP) en JW/ACUMULADOS_DESTILERIA <- constante 1 <- bloque TOTALIZADOR (pin TIME_BASE) en JW/ACUMULADOS_DESTILERIA <- constante 2 <- bloque TOTALIZADOR (pin PV) en JW/ACUMULADOS_DESTILERIA;Canal usado por PID o representado en producción: no es monitoreo independiente;;;;;;;;;;;;;NO_APLICA;;;;
propuesta_expansion_masiva_290926.csv:88;MONITOREO_SIN_LAZO;;;;;200;L;;LT_CUBA_2;jw_fermerntacion_2022:5:I.Ch[1].Data;REVISION_NO_NUMERAR;Canal usado por PID o representado en producción: no es monitoreo independiente;NO;;;;;;;DESTILERIA;;;;;;;L;;;;;LT_CUBA_2;;;;;;;;MONITOREO_SIN_LAZO;REVISION_NO_NUMERAR;;;;;;200;;LT_CUBA_2;jw_fermerntacion_2022:5:I.Ch[1].Data;LT_CUBA_2 <- nodo 664 (pin in) en FERMENTACION/ESCALADOS_PT_FT_LT_TT <- bloque SCL (pin InEUMin) en FERMENTACION/ESCALADOS_PT_FT_LT_TT <- constante 0.0 <- bloque SCL (pin InEUMax) en FERMENTACION/ESCALADOS_PT_FT_LT_TT <- constante 100.0 <- bloque SCL (pin InRawMax) en FERMENTACION/ESCALADOS_PT_FT_LT_TT <- constante 20.0 <- bloque SCL (pin InRawMin) en FERMENTACION/ESCALADOS_PT_FT_LT_TT;Canal usado por PID o representado en producción: no es monitoreo independiente;;;;;;;;;;;;;NO_APLICA;;;;
propuesta_expansion_masiva_290926.csv:89;MONITOREO_SIN_LAZO;INSERT;;200_LT_001;;200;L;1;LT_CUBA_4;jw_fermerntacion_2022:5:I.Ch[3].Data;NO_INSERTAR_REVISION;"Número libre contra DB+plan; instrumento independiente por canal; validar en campo";NO;;;;;;;DESTILERIA;;;;;;;L;;;;Transmisor;LT_CUBA_4;;;;;;;;MONITOREO_SIN_LAZO;NO_INSERTAR_REVISION;INSERT;;200_LT_001;;;200;1;LT_CUBA_4;jw_fermerntacion_2022:5:I.Ch[3].Data;LT_CUBA_4 <- nodo 666 (pin in) en FERMENTACION/ESCALADOS_PT_FT_LT_TT <- bloque SCL (pin InEUMin) en FERMENTACION/ESCALADOS_PT_FT_LT_TT <- constante 0.0 <- bloque SCL (pin InEUMax) en FERMENTACION/ESCALADOS_PT_FT_LT_TT <- constante 100.0 <- bloque SCL (pin InRawMax) en FERMENTACION/ESCALADOS_PT_FT_LT_TT <- constante 20.0 <- bloque SCL (pin InRawMin) en FERMENTACION/ESCALADOS_PT_FT_LT_TT;"Número libre contra DB+plan; instrumento independiente por canal; validar en campo";;;;;;;;;;;;;HOMOLOGADO;200_LT_001;1;;sin cambio
propuesta_expansion_masiva_290926.csv:90;MONITOREO_SIN_LAZO;INSERT;;200_LT_002;;200;L;2;LT_CUBA_5;jw_fermerntacion_2022:5:I.Ch[4].Data;NO_INSERTAR_REVISION;"Número libre contra DB+plan; instrumento independiente por canal; validar en campo";NO;;;;;;;DESTILERIA;;;;;;;L;;;;Transmisor;LT_CUBA_5;;;;;;;;MONITOREO_SIN_LAZO;NO_INSERTAR_REVISION;INSERT;;200_LT_002;;;200;2;LT_CUBA_5;jw_fermerntacion_2022:5:I.Ch[4].Data;LT_CUBA_5 <- nodo 667 (pin in) en FERMENTACION/ESCALADOS_PT_FT_LT_TT <- bloque SCL (pin InEUMin) en FERMENTACION/ESCALADOS_PT_FT_LT_TT <- constante 0.0 <- bloque SCL (pin InEUMax) en FERMENTACION/ESCALADOS_PT_FT_LT_TT <- constante 100.0 <- bloque SCL (pin InRawMax) en FERMENTACION/ESCALADOS_PT_FT_LT_TT <- constante 20.0 <- bloque SCL (pin InRawMin) en FERMENTACION/ESCALADOS_PT_FT_LT_TT;"Número libre contra DB+plan; instrumento independiente por canal; validar en campo";;;;;;;;;;;;;HOMOLOGADO;200_LT_002;2;;sin cambio
propuesta_expansion_masiva_290926.csv:91;MONITOREO_SIN_LAZO;INSERT;;200_LT_003;;200;L;3;LT_CUBA_6;jw_fermerntacion_2022:5:I.Ch[5].Data;NO_INSERTAR_REVISION;"Número libre contra DB+plan; instrumento independiente por canal; validar en campo";NO;;;;;;;DESTILERIA;;;;;;;L;;;;Transmisor;LT_CUBA_6;;;;;;;;MONITOREO_SIN_LAZO;NO_INSERTAR_REVISION;INSERT;;200_LT_003;;;200;3;LT_CUBA_6;jw_fermerntacion_2022:5:I.Ch[5].Data;LT_CUBA_6 <- nodo 668 (pin in) en FERMENTACION/ESCALADOS_PT_FT_LT_TT <- bloque SCL (pin InEUMin) en FERMENTACION/ESCALADOS_PT_FT_LT_TT <- constante 0.0 <- bloque SCL (pin InEUMax) en FERMENTACION/ESCALADOS_PT_FT_LT_TT <- constante 1701 <- bloque SCL (pin InRawMax) en FERMENTACION/ESCALADOS_PT_FT_LT_TT <- constante 20.0 <- bloque SCL (pin InRawMin) en FERMENTACION/ESCALADOS_PT_FT_LT_TT;"Número libre contra DB+plan; instrumento independiente por canal; validar en campo";;;;;;;;;;;;;HOMOLOGADO;200_LT_003;3;;sin cambio
propuesta_expansion_masiva_290926.csv:92;MONITOREO_SIN_LAZO;;;;;250;;;nivel_pileta;Local:13:I.Ch7Data;REVISION_NO_NUMERAR;Área, variable o tipo sin prueba consistente;NO;;;;;;;DIBACCO;;;;;;;;;;;;nivel_pileta;;;;;;;;MONITOREO_SIN_LAZO;REVISION_NO_NUMERAR;;;;;;250;;nivel_pileta;Local:13:I.Ch7Data;pileta_torre (REAL interno sin escritor trazable: ni ORef, ni escalera, ni ST) <- Local:13:I.Ch7Data (direccion fisica de modulo) <- nivel_pileta <- SCP(pileta_torre,Local:13:I.Ch7Data,4,20,0,100,n) -> nivel_pileta en MainProgram/MainRoutine;Área, variable o tipo sin prueba consistente;;;;;;;;;;;;;NO_APLICA;;;;
propuesta_expansion_masiva_290926.csv:93;MONITOREO_SIN_LAZO;;;;;250;;;salida_presion306;Local:6:I.Ch4Data;REVISION_NO_NUMERAR;Área, variable o tipo sin prueba consistente;NO;;;;;;;DIBACCO;;;;;;;;;;;;salida_presion306;;;;;;;;MONITOREO_SIN_LAZO;REVISION_NO_NUMERAR;;;;;;250;;salida_presion306;Local:6:I.Ch4Data;presion_306 (REAL interno sin escritor trazable: ni ORef, ni escalera, ni ST) <- Local:6:I.Ch4Data (direccion fisica de modulo) <- salida_presion306 <- SCP(presion_306,Local:6:I.Ch4Data,4,20,0,1500,sa) -> salida_presion306 en PIDs/Main;Área, variable o tipo sin prueba consistente;;;;;;;;;;;;;NO_APLICA;;;;
propuesta_expansion_masiva_290926.csv:94;MONITOREO_SIN_LAZO;;;;;250;;;salida_presion307;Local:6:I.Ch5Data;REVISION_NO_NUMERAR;Área, variable o tipo sin prueba consistente;NO;;;;;;;DIBACCO;;;;;;;;;;;;salida_presion307;;;;;;;;MONITOREO_SIN_LAZO;REVISION_NO_NUMERAR;;;;;;250;;salida_presion307;Local:6:I.Ch5Data;presion_307 (REAL interno sin escritor trazable: ni ORef, ni escalera, ni ST) <- Local:6:I.Ch5Data (direccion fisica de modulo) <- salida_presion307 <- SCP(presion_307,Local:6:I.Ch5Data,4,20,0,1500,sa) -> salida_presion307 en PIDs/Main;Área, variable o tipo sin prueba consistente;;;;;;;;;;;;;NO_APLICA;;;;
propuesta_expansion_masiva_290926.csv:95;MONITOREO_SIN_LAZO;INSERT;;100_PT_001;;100;P;1;PT_VAP_CARGA_1ER_MOL;BP_EXTENCION_FLOTACION:1:I.Ch[5].Data;NO_INSERTAR_REVISION;"Número libre contra DB+plan; instrumento independiente por canal; validar en campo";NO;;;;;;;TRAPICHE2022;;;;;;;P;;;;Transmisor;PT_VAP_CARGA_1ER_MOL;;;;;;;;MONITOREO_SIN_LAZO;NO_INSERTAR_REVISION;INSERT;;100_PT_001;ESCALADOS;;100;1;PT_VAP_CARGA_1ER_MOL;BP_EXTENCION_FLOTACION:1:I.Ch[5].Data;PT_VAP_CARGA_1ER_MOL <- nodo 54 (pin in) en ESCALADOS/FLOTACION <- bloque SCL (pin InEUMin) en ESCALADOS/FLOTACION <- constante 0 <- bloque SCL (pin InRawMax) en ESCALADOS/FLOTACION <- constante 20.0 <- bloque SCL (pin InEUMax) en ESCALADOS/FLOTACION <- constante 25.0 <- bloque SCL (pin InRawMin) en ESCALADOS/FLOTACION;"Número libre contra DB+plan; instrumento independiente por canal; validar en campo";;;;;;;;;;;;;HOMOLOGADO;100_PT_001;1;;sin cambio
propuesta_expansion_masiva_290926.csv:96;MONITOREO_SIN_LAZO;INSERT;;100_PV_002;;100;P;2;Slot_PV_VAVULA_AGUA_INMIBICION;Local:10:O.Ch0Data;NO_INSERTAR_REVISION;"Número libre contra DB+plan; instrumento independiente por canal; validar en campo";NO;;;;;;;TRAPICHE2022;;;;;;;P;;;;Válvula;Slot_PV_VAVULA_AGUA_INMIBICION;;;;;;;;MONITOREO_SIN_LAZO;NO_INSERTAR_REVISION;INSERT;;100_PV_002;;;100;2;Slot_PV_VAVULA_AGUA_INMIBICION;Local:10:O.Ch0Data;AliasFor en declaración exacta;"Número libre contra DB+plan; instrumento independiente por canal; validar en campo";;;;;;;;;;;;;HOMOLOGADO;100_PV_002;2;;sin cambio
propuesta_expansion_masiva_290926.csv:102;MONITOREO_SIN_LAZO;;;;;100;S;;IT_BBA_AGUA_INMIBICION_OESTE;Local:2:I.Ch5Data;REVISION_NO_NUMERAR;Área, variable o tipo sin prueba consistente;NO;;;;;;;TRAPICHE2022;;;;;;;S;;;;;IT_BBA_AGUA_INMIBICION_OESTE;;;;;;;;MONITOREO_SIN_LAZO;REVISION_NO_NUMERAR;;;;;;100;;IT_BBA_AGUA_INMIBICION_OESTE | Slot_ST_TURBINA_2DO_MOL;Local:2:I.Ch5Data;AliasFor en declaración exacta | IT_BBA_AGUA_INMIBICION_OESTE <- nodo 430 (pin in) en ESCALADOS/CORRIENTE <- bloque SCL (pin InEUMin) en ESCALADOS/CORRIENTE <- constante 0 <- bloque SCL (pin Limiting) en ESCALADOS/CORRIENTE <- constante 1 <- bloque SCL (pin InEUMax) en ESCALADOS/CORRIENTE <- constante 1500 <- bloque SCL (pin InRawMax) en ESCALADOS/CORRIENTE;Área, variable o tipo sin prueba consistente;;;;;;;;;;;;;NO_APLICA;;;;
propuesta_expansion_masiva_290926.csv:107;MONITOREO_SIN_LAZO;;;;;100;I;;FT_VAPOR_DESFIBRADOR;Local:3:I.Ch2Data;REVISION_NO_NUMERAR;Área, variable o tipo sin prueba consistente;NO;;;;;;;TRAPICHE2022;;;;;;;I;;;;;FT_VAPOR_DESFIBRADOR;;;;;;;;MONITOREO_SIN_LAZO;REVISION_NO_NUMERAR;;;;;;100;;FT_VAPOR_DESFIBRADOR | Slot_IT_BBA_MACERACION_3ER;Local:3:I.Ch2Data;AliasFor en declaración exacta | FT_VAPOR_DESFIBRADOR <- nodo 90 (pin in) en ESCALADOS/CAUDAL <- bloque CUADRATICA (pin InEUMin) en ESCALADOS/CAUDAL <- constante 0.0 <- bloque CUADRATICA (pin InRawMax) en ESCALADOS/CAUDAL <- constante 20.0 <- bloque CUADRATICA (pin InEUMax) en ESCALADOS/CAUDAL <- constante 31.0 <- bloque CUADRATICA (pin InRawMin) en ESCALADOS/CAUDAL;Área, variable o tipo sin prueba consistente;;;;;;;;;;;;;NO_APLICA;;;;
propuesta_expansion_masiva_290926.csv:109;MONITOREO_SIN_LAZO;;;;;100;F;;FT_AGUA_LAVADO_TAMIS;Local:3:I.Ch4Data;REVISION_NO_NUMERAR;Área, variable o tipo sin prueba consistente;NO;;;;;;;TRAPICHE2022;;;;;;;F;;;;;FT_AGUA_LAVADO_TAMIS;;;;;;;;MONITOREO_SIN_LAZO;REVISION_NO_NUMERAR;;;;;;100;;FT_AGUA_LAVADO_TAMIS | Slot_IT_BBA_MACERACION_4TO;Local:3:I.Ch4Data;AliasFor en declaración exacta | FT_AGUA_LAVADO_TAMIS <- nodo 81 (pin in) en ESCALADOS/CAUDAL <- bloque SCL (pin InEUMin) en ESCALADOS/CAUDAL <- constante 0.0 <- bloque SCL (pin InRawMax) en ESCALADOS/CAUDAL <- constante 20.0 <- bloque SCL (pin InRawMin) en ESCALADOS/CAUDAL <- constante 4.0 <- bloque SCL (pin InEUMax) en ESCALADOS/CAUDAL;Área, variable o tipo sin prueba consistente;;;;;;;;;;;;;NO_APLICA;;;;
propuesta_expansion_masiva_290926.csv:136;MONITOREO_SIN_LAZO;INSERT;;100_LT_004;;100;L;4;LT_JUGO_COLADO;Local:7:I.Ch[2].Data;NO_INSERTAR_REVISION;"Número libre contra DB+plan; instrumento independiente por canal; validar en campo";NO;;;;;;;TRAPICHE2022;;;;;;;L;;;;Transmisor;LT_JUGO_COLADO;;;;;;;;MONITOREO_SIN_LAZO;NO_INSERTAR_REVISION;INSERT;;100_LT_046;ESCALADOS;;100;46;LT_JUGO_COLADO | LT_JUGO_COLADO_2;Local:7:I.Ch[2].Data;LT_JUGO_COLADO <- nodo 75 (pin in) en ESCALADOS/NIVELES <- bloque SCL (pin InEUMin) en ESCALADOS/NIVELES <- constante 0 <- bloque SCL (pin Limiting) en ESCALADOS/NIVELES <- constante 1 <- bloque SCL (pin InEUMax) en ESCALADOS/NIVELES <- constante 100 <- bloque SCL (pin InRawMax) en ESCALADOS/NIVELES | LT_JUGO_COLADO_2 <- nodo 78 (pin in) en ESCALADOS/NIVELES <- bloque SCL (pin InEUMin) en ESCALADOS/NIVELES <- constante 0 <- bloque SCL (pin Limiting) en ESCALADOS/NIVELES <- constante 0 <- bloque SCL (pin InRawMax) en ESCALADOS/NIVELES <- constante 20 <- bloque SCL (pin InRawMin) en ESCALADOS/NIVELES;"Número libre contra DB+plan; instrumento independiente por canal; validar en campo";;;;;;;;;;;;;HOMOLOGADO;100_LT_046;46;;lazo nuevo del área 100: 46 → 4
propuesta_expansion_masiva_290926.csv:138;MONITOREO_SIN_LAZO;;;;;100;L;;Slot_LT_JUGO_COLADO;Local:7:I.Ch[5].Data;REVISION_NO_NUMERAR;Canal usado por PID o representado en producción: no es monitoreo independiente;NO;;;;;;;TRAPICHE2022;;;;;;;L;;;;;Slot_LT_JUGO_COLADO;;;;;;;;MONITOREO_SIN_LAZO;REVISION_NO_NUMERAR;;;;;;100;;Slot_LT_JUGO_COLADO;Local:7:I.Ch[5].Data;AliasFor en declaración exacta;Canal usado por PID o representado en producción: no es monitoreo independiente;;;;;;;;;;;;;NO_APLICA;;;;
propuesta_expansion_masiva_290926.csv:141;MONITOREO_SIN_LAZO;INSERT;;100_TT_005;;100;T;5;Slot_TT_AGUA_INMIBICION;Local:9:I.Ch[0].Data;NO_INSERTAR_REVISION;"Número libre contra DB+plan; instrumento independiente por canal; validar en campo";NO;;;;;;;TRAPICHE2022;;;;;;;T;;;;Transmisor;Slot_TT_AGUA_INMIBICION;;;;;;;;MONITOREO_SIN_LAZO;NO_INSERTAR_REVISION;INSERT;;100_TT_050;;;100;50;Slot_TT_AGUA_INMIBICION;Local:9:I.Ch[0].Data;AliasFor en declaración exacta;"Número libre contra DB+plan; instrumento independiente por canal; validar en campo";;;;;;;;;;;;;HOMOLOGADO;100_TT_050;50;;lazo nuevo del área 100: 50 → 5
propuesta_expansion_masiva_290926.csv:143;MONITOREO_SIN_LAZO;;;;;100;T;;Slot_TT_BOBINA_MOTOR_ROLO_NORTE_1_MOL;Local:9:I.Ch[1].Data;REVISION_NO_NUMERAR;"Identidades contradictorias sobre un mismo canal; no consolidar por canal solamente";NO;;;;;;;TRAPICHE2022;;;;;;;T;;;;;Slot_TT_BOBINA_MOTOR_ROLO_NORTE_1_MOL;;;;;;;;MONITOREO_SIN_LAZO;REVISION_NO_NUMERAR;;;;;;100;;Slot_TT_BOBINA_MOTOR_ROLO_NORTE_1_MOL | TT_BOBINA_MOTOR_ROLO_1_MOL;Local:9:I.Ch[1].Data;AliasFor en declaración exacta | TT_BOBINA_MOTOR_ROLO_1_MOL <- nodo 25 (pin in) en ESCALADOS/TEMPERATURA <- bloque SCL (pin In) en ESCALADOS/TEMPERATURA <- Slot_TT_BOBINA_MOTOR_ROLO_NORTE_1_MOL (AliasFor Local:9:I.Ch[1].Data);"Identidades contradictorias sobre un mismo canal; no consolidar por canal solamente";;;;;;;;;;;;;NO_APLICA;;;;
propuesta_expansion_masiva_290926.csv:149;MONITOREO_SIN_LAZO;;;;;300;;;nivel_agua_filtrada;Local:2:I.Ch[1].Data;REVISION_NO_NUMERAR;Área, variable o tipo sin prueba consistente;NO;;;;;;;cenizas2020;;;;;;;;;;;;nivel_agua_filtrada;;;;;;;;MONITOREO_SIN_LAZO;REVISION_NO_NUMERAR;;;;MainProgram;;300;;nivel_agua_filtrada;Local:2:I.Ch[1].Data;lt_01 (REAL interno sin escritor trazable: ni ORef, ni escalera, ni ST) <- Local:2:I.Ch[1].Data (direccion fisica de modulo) <- nivel_agua_filtrada <- SCP(lt_01,Local:2:I.Ch[1].Data,4,20,0,171,nivel_) -> nivel_agua_filtrada en MainProgram/MainRoutine;Área, variable o tipo sin prueba consistente;;;;;;;;;;;;;NO_APLICA;;;;
propuesta_expansion_masiva_290926.csv:150;MONITOREO_SIN_LAZO;;;;;300;L;;LT_PULMON_LAVADO;Local:2:I.Ch[2].Data;REVISION_NO_NUMERAR;Canal usado por PID o representado en producción: no es monitoreo independiente;NO;;;;;;;cenizas2020;;;;;;;L;;;;;LT_PULMON_LAVADO;;;;;;;;MONITOREO_SIN_LAZO;REVISION_NO_NUMERAR;;;;;;300;;LT_PULMON_LAVADO | nivel_pulmon;Local:2:I.Ch[2].Data;LT_PULMON_LAVADO <- nodo 28 (pin in) en AI_Planta/NIVEL <- bloque SCL (pin InEUMin) en AI_Planta/NIVEL <- constante 0 <- bloque SCL (pin Limiting) en AI_Planta/NIVEL <- constante 1 <- bloque SCL (pin InEUMax) en AI_Planta/NIVEL <- constante 1084.8 <- bloque SCL (pin InRawMax) en AI_Planta/NIVEL | lt_02 (REAL interno sin escritor trazable: ni ORef, ni escalera, ni ST) <- Local:2:I.Ch[2].Data (direccion fisica de modulo) <- nivel_pulmon <- SCP(lt_02,Local:2:I.Ch[2].Data,4,20,0,929,nivel_) -> nivel_pulmon en MainProgram/MainRoutine;Canal usado por PID o representado en producción: no es monitoreo independiente;;;;;;;;;;;;;NO_APLICA;;;;
propuesta_expansion_masiva_290926.csv:151;MONITOREO_SIN_LAZO;;;;;300;;;nivel_agua_clarificada;Local:2:I.Ch[3].Data;REVISION_NO_NUMERAR;Área, variable o tipo sin prueba consistente;NO;;;;;;;cenizas2020;;;;;;;;;;;;nivel_agua_clarificada;;;;;;;;MONITOREO_SIN_LAZO;REVISION_NO_NUMERAR;;;;MainProgram;;300;;nivel_agua_clarificada;Local:2:I.Ch[3].Data;lt_03 (REAL interno sin escritor trazable: ni ORef, ni escalera, ni ST) <- Local:2:I.Ch[3].Data (direccion fisica de modulo) <- nivel_agua_clarificada <- SCP(lt_03,Local:2:I.Ch[3].Data,4,20,0,1405,nivel) -> nivel_agua_clarificada en MainProgram/MainRoutine;Área, variable o tipo sin prueba consistente;;;;;;;;;;;;;NO_APLICA;;;;
propuesta_expansion_masiva_290926.csv:152;MONITOREO_SIN_LAZO;;;;;300;;;nivel_nivel_cenizas;Local:2:I.Ch[4].Data;REVISION_NO_NUMERAR;Área, variable o tipo sin prueba consistente;NO;;;;;;;cenizas2020;;;;;;;;;;;;nivel_nivel_cenizas;;;;;;;;MONITOREO_SIN_LAZO;REVISION_NO_NUMERAR;;;;MainProgram;;300;;nivel_nivel_cenizas;Local:2:I.Ch[4].Data;lt_04 (REAL interno sin escritor trazable: ni ORef, ni escalera, ni ST) <- Local:2:I.Ch[4].Data (direccion fisica de modulo) <- nivel_nivel_cenizas <- SCP(lt_04,Local:2:I.Ch[4].Data,4,20,0,1330,nivel) -> nivel_nivel_cenizas en MainProgram/MainRoutine;Área, variable o tipo sin prueba consistente;;;;;;;;;;;;;NO_APLICA;;;;
propuesta_expansion_masiva_290926.csv:153;MONITOREO_SIN_LAZO;;;;;300;P;;F_010_PV_Escalado;Local:2:I.Ch[5].Data;REVISION_NO_NUMERAR;Área, variable o tipo sin prueba consistente;NO;;;;;;;cenizas2020;;;;;;;P;;;;;F_010_PV_Escalado;;;;;;;;MONITOREO_SIN_LAZO;REVISION_NO_NUMERAR;;;;;;300;;F_010_PV_Escalado;Local:2:I.Ch[5].Data;F_010_PV_Escalado <- nodo 10 (pin in) en AI_Planta/F_010 <- bloque Analogica (pin AckAlarma) en AI_Planta/F_010 <- AckAlarma_ETALG (REAL interno sin escritor trazable: ni ORef, ni escalera, ni ST) <- bloque Analogica (pin EUMax) en AI_Planta/F_010 <- F_010_EUMax <- nodo 1 (pin in) en AI_Planta/F_010 <- constante 1000 <- bloque Analogica (pin EUMin) en AI_Planta/F_010 <- F_010_EUMin <- nodo 0 (pin in) en AI_Planta/F_010;Área, variable o tipo sin prueba consistente;;;;;;;;;;;;;NO_APLICA;;;;
propuesta_expansion_masiva_290926.csv:154;MONITOREO_SIN_LAZO;;;;;300;P;;F_020_PV_Escalado;Local:2:I.Ch[6].Data;REVISION_NO_NUMERAR;Área, variable o tipo sin prueba consistente;NO;;;;;;;cenizas2020;;;;;;;P;;;;;F_020_PV_Escalado;;;;;;;;MONITOREO_SIN_LAZO;REVISION_NO_NUMERAR;;;;;;300;;F_020_PV_Escalado;Local:2:I.Ch[6].Data;F_020_PV_Escalado <- nodo 9 (pin in) en AI_Planta/F_020 <- bloque Analogica (pin AckAlarma) en AI_Planta/F_020 <- AckAlarma_ETALG (REAL interno sin escritor trazable: ni ORef, ni escalera, ni ST) <- bloque Analogica (pin EUMax) en AI_Planta/F_020 <- F_020_EUMax <- nodo 1 (pin in) en AI_Planta/F_020 <- constante 1000 <- bloque Analogica (pin EUMin) en AI_Planta/F_020 <- F_020_EUMin <- nodo 0 (pin in) en AI_Planta/F_020;Área, variable o tipo sin prueba consistente;;;;;;;;;;;;;NO_APLICA;;;;
propuesta_expansion_masiva_290926.csv:155;MONITOREO_SIN_LAZO;;;;;300;P;;AT_010_PV_Escalado;Local:2:I.Ch[7].Data;REVISION_NO_NUMERAR;Área, variable o tipo sin prueba consistente;NO;;;;;;;cenizas2020;;;;;;;P;;;;;AT_010_PV_Escalado;;;;;;;;MONITOREO_SIN_LAZO;REVISION_NO_NUMERAR;;;;;;300;;AT_010_PV_Escalado;Local:2:I.Ch[7].Data;AT_010_PV_Escalado <- nodo 9 (pin in) en AI_Planta/A_010 <- bloque Analogica (pin EUMax) en AI_Planta/A_010 <- AT_010_EUMax <- nodo 1 (pin in) en AI_Planta/A_010 <- constante 14 <- bloque Analogica (pin EUMin) en AI_Planta/A_010 <- AT_010_EUMin <- nodo 0 (pin in) en AI_Planta/A_010 <- constante 0 <- bloque Analogica (pin AckAlarma) en AI_Planta/A_010;Área, variable o tipo sin prueba consistente;;;;;;;;;;;;;NO_APLICA;;;;
propuesta_expansion_masiva_290926.csv:156;MONITOREO_SIN_LAZO;INSERT;;300_FSL_003;;300;F;3;FSL_010;Local:3:I.Data.5;NO_INSERTAR_REVISION;"Número libre contra DB+plan; instrumento independiente por canal; validar en campo";NO;;;;;;;cenizas2020;;;;;;;F;;;;Switch;FSL_010;;;;;;;;MONITOREO_SIN_LAZO;NO_INSERTAR_REVISION;INSERT;;300_FSL_025;;;300;25;FSL_010;Local:3:I.Data.5;FSL_010 <- nodo 82 (pin in) en Logicas_Motores/M01_FiltroBanda <- bloque JKFF (pin Clear) en Logicas_Motores/M01_FiltroBanda <- FSL_010_RESET (REAL interno sin escritor trazable: ni ORef, ni escalera, ni ST) <- bloque JKFF (pin Clock) en Logicas_Motores/M01_FiltroBanda <- Local:3:I.Data.5 (direccion fisica de modulo);"Número libre contra DB+plan; instrumento independiente por canal; validar en campo";;;;;;;;;;;;;HOMOLOGADO;300_FSL_025;25;;lazo nuevo del área 300: 25 → 3
propuesta_expansion_masiva_290926.csv:157;MONITOREO_SIN_LAZO;;;;;300;;;WSH_010;Local:3:I.Data.6;REVISION_NO_NUMERAR;Área, variable o tipo sin prueba consistente;NO;;;;;;;cenizas2020;;;;;;;;;;;;WSH_010;;;;;;;;MONITOREO_SIN_LAZO;REVISION_NO_NUMERAR;;;;;;300;;WSH_010;Local:3:I.Data.6;WSH_010 <- nodo 13 (pin in) en AI_Planta/W_010 <- Local:3:I.Data.6 (direccion fisica de modulo);Área, variable o tipo sin prueba consistente;;;;;;;;;;;;;NO_APLICA;;;;
propuesta_expansion_masiva_290926.csv:158;MONITOREO_SIN_LAZO;;;;;300;;;WSHH_010;Local:3:I.Data.7;REVISION_NO_NUMERAR;Área, variable o tipo sin prueba consistente;NO;;;;;;;cenizas2020;;;;;;;;;;;;WSHH_010;;;;;;;;MONITOREO_SIN_LAZO;REVISION_NO_NUMERAR;;;;;;300;;WSHH_010;Local:3:I.Data.7;WSHH_010 <- nodo 14 (pin in) en AI_Planta/W_010 <- Local:3:I.Data.7 (direccion fisica de modulo);Área, variable o tipo sin prueba consistente;;;;;;;;;;;;;NO_APLICA;;;;
propuesta_expansion_masiva_290926.csv:159;MONITOREO_SIN_LAZO;;;;;300;P;;L_040_PV_Escalado;Local:9:I.Ch[0].Data;REVISION_NO_NUMERAR;Área, variable o tipo sin prueba consistente;NO;;;;;;;cenizas2020;;;;;;;P;;;;;L_040_PV_Escalado;;;;;;;;MONITOREO_SIN_LAZO;REVISION_NO_NUMERAR;;;;;;300;;L_040_PV_Escalado;Local:9:I.Ch[0].Data;L_040_PV_Escalado <- nodo 11 (pin in) en AI_Planta/L_040 <- bloque Analogica (pin AckAlarma) en AI_Planta/L_040 <- AckAlarma_ETALG (REAL interno sin escritor trazable: ni ORef, ni escalera, ni ST) <- bloque Analogica (pin RawMax) en AI_Planta/L_040 <- LT_040_EUMax <- nodo 1 (pin in) en AI_Planta/L_040 <- constante 1330 <- bloque Analogica (pin RawMin) en AI_Planta/L_040 <- LT_040_EUMin <- nodo 0 (pin in) en AI_Planta/L_040;Área, variable o tipo sin prueba consistente;;;;;;;;;;;;;NO_APLICA;;;;
propuesta_expansion_masiva_290926.csv:160;MONITOREO_SIN_LAZO;;;;;300;;;LT_030_PV_Escalado;Local:9:I.Ch[1].Data;REVISION_NO_NUMERAR;Canal usado por PID o representado en producción: no es monitoreo independiente;NO;;;;;;;cenizas2020;;;;;;;;;;;;LT_030_PV_Escalado;;;;;;;;MONITOREO_SIN_LAZO;REVISION_NO_NUMERAR;;;;;;300;;LT_030_PV_Escalado | LT_TK_AGUA_LIMPIA;Local:9:I.Ch[1].Data;LT_030_PV_Escalado <- nodo 11 (pin in) en AI_Planta/L_030 <- bloque Analogica (pin AckAlarma) en AI_Planta/L_030 <- AckAlarma_ETALG (REAL interno sin escritor trazable: ni ORef, ni escalera, ni ST) <- bloque Analogica (pin RawMax) en AI_Planta/L_030 <- LT_030_EUMax <- nodo 1 (pin in) en AI_Planta/L_030 <- constante 100 <- bloque Analogica (pin RawMin) en AI_Planta/L_030 <- LT_030_EUMin <- nodo 0 (pin in) en AI_Planta/L_030 | LT_TK_AGUA_LIMPIA <- nodo 26 (pin in) en AI_Planta/NIVEL <- bloque SCL (pin InEUMin) en AI_Planta/NIVEL <- constante 0 <- bloque SCL (pin Limiting) en AI_Planta/NIVEL <- constante 1 <- bloque SCL (pin InEUMax) en AI_Planta/NIVEL <- constante 100 <- bloque SCL (pin InRawMax) en AI_Planta/NIVEL;Canal usado por PID o representado en producción: no es monitoreo independiente;;;;;;;;;;;;;NO_APLICA;;;;
INGENIERIA_USUARIO_290926;LAZOS_COMPLETOS_3_4;INSERT;;700_LT_001;;700;L;1;FLEX5000_MIELES:1:I.Ch05.Data;FLEX5000_MIELES:1:I.Ch05.Data;NO_INSERTAR_REVISION;"FABRICA/FAB_ESCALADOS/CONTROL_NIVEL_TK_MIEL1; función final LT tentativa: dirección sola no demuestra tipo de actuador";NO;;;;;;;;;;;;;;;;;;;;;;;;;;;;;;;;;;;;;;;;;;;;;;;;;;;;HOMOLOGADO;700_LT_001;1;;sin cambio
INGENIERIA_USUARIO_290926;LAZOS_COMPLETOS_3_4;INSERT;;700_LIC_001;;700;L;1;CONTROL_NIVEL_TK_MIEL1;;NO_INSERTAR_REVISION;"FABRICA/FAB_ESCALADOS/CONTROL_NIVEL_TK_MIEL1; función final LIC tentativa: dirección sola no demuestra tipo de actuador";NO;;;;;;;;;;;;;;;;;;;;;;;;;;;;;;;;;;;;;;;;;;;;;;;;;;;;HOMOLOGADO;700_LIC_001;1;;sin cambio
INGENIERIA_USUARIO_290926;LAZOS_COMPLETOS_3_4;INSERT;;700_LY_001;;700;L;1;FLEX5000_MIELES:2:O.Ch00.Data;FLEX5000_MIELES:2:O.Ch00.Data;NO_INSERTAR_REVISION;"FABRICA/FAB_ESCALADOS/CONTROL_NIVEL_TK_MIEL1; función final LXV tentativa: dirección sola no demuestra tipo de actuador; no cambiar función sin evidencia del elemento; pin MV_VALV_NC no resuelve válvula vs agitador/motor WEG; no promover función; Homologado con 700_LY_012 (CONTROL_NIVEL_TK_MIEL_2, salidas a variadores WEG_MIEL): la salida de TK_MIEL1 se trata como mando de motor/accionamiento";NO;;;;;;;;;;;;;;;;;;;;;;;;;;;;;;;;;;;;;;;;"FABRICA.L5X FAB_ESCALADOS/AGITADORES_JUGO_DESTIL_PID ORef ID 37; salida sin alias exacto; actuador indeterminado";L5X_Produccion/FABRICA.L5X;FABRICA;PENDIENTE;"FABRICA.L5X FAB_ESCALADOS/AGITADORES_JUGO_DESTIL_PID: CONTROL_NIVEL_TK_MIEL1 ID49 MV_VALV_NC -> ORef ID37 FLEX5000_MIELES:2:O.Ch00.Data; el mismo AOI deriva también a WEG_MIEL; no hay alias que identifique actuador";PENDIENTE_TIPO_CAMPO;;;;"FABRICA.L5X FAB_ESCALADOS/AGITADORES_JUGO_DESTIL_PID: CONTROL_NIVEL_TK_MIEL1 ID49 MV_VALV_NC -> ORef ID37 FLEX5000_MIELES:2:O.Ch00.Data; homologación por Ingeniería con 700_LY_012";NO_INSERTAR_REVISION;item4_homologacion;HOMOLOGADO;700_LY_001;1;;sin cambio
INGENIERIA_USUARIO_290926;LAZOS_COMPLETOS_3_4;INSERT;;300_PT_004;;300;P;4;BP_ANALOGICA:1:I.Ch[5].Data;BP_ANALOGICA:1:I.Ch[5].Data;NO_INSERTAR_REVISION;"Calderas_8_9_10_Desaireador/C8/B_C8_PC_HOGAR; función final PT tentativa: dirección sola no demuestra tipo de actuador";NO;;;;;;;;;;;;;;;;;;;;;;;;;;;;;;;;;;;;;;;;;;;;;;;;;;;;HOMOLOGADO;300_PT_026;26;;lazo nuevo del área 300: 26 → 4
INGENIERIA_USUARIO_290926;LAZOS_COMPLETOS_3_4;INSERT;;300_PIC_004;;300;P;4;B_C8_PC_HOGAR;;NO_INSERTAR_REVISION;"Calderas_8_9_10_Desaireador/C8/B_C8_PC_HOGAR; función final PIC tentativa: dirección sola no demuestra tipo de actuador";NO;;;;;;;;;;;;;;;;;;;;;;;;;;;;;;;;;;;;;;;;;;;;;;;;;;;;HOMOLOGADO;300_PIC_026;26;;lazo nuevo del área 300: 26 → 4
INGENIERIA_USUARIO_290926;LAZOS_COMPLETOS_3_4;INSERT;;300_PY_004A;;300;P;4;BP_ANALOGICA:10:O.Ch6Data;BP_ANALOGICA:10:O.Ch6Data;NO_INSERTAR_REVISION;"Calderas_8_9_10_Desaireador/C8/B_C8_PC_HOGAR; función final PV tentativa: dirección sola no demuestra tipo de actuador; tipo final confirmado por alias/uso FBD (sin prueba runtime)";NO;;;;;;;;;;;;;;;;;;;;;;;;;;;;;;;;;;;;;;;;"Calderas_8_9_10_Desaireador.L5X C8/C8_PC_HOGAR: MV de B_C8_PC_HOGAR -> PROPORCION_AM B_C8_RELACION_VTI_NORTE -> BP_ANALOGICA:10:O.Ch6Data; VTI = ventilador de tiro inducido, no válvula";L5X_Produccion/Calderas_8_9_10_Desaireador.L5X;Calderas_8_9_10_Desaireador;Y;;;;;;;;;HOMOLOGADO;300_PY_026A;26;;lazo nuevo del área 300: 26 → 4
INGENIERIA_USUARIO_290926;LAZOS_COMPLETOS_3_4;INSERT;;300_PY_004B;;300;P;4;BP_ANALOGICA:10:O.Ch7Data;BP_ANALOGICA:10:O.Ch7Data;NO_INSERTAR_REVISION;"Calderas_8_9_10_Desaireador/C8/B_C8_PC_HOGAR; función final PV tentativa: dirección sola no demuestra tipo de actuador; tipo final confirmado por alias/uso FBD (sin prueba runtime)";NO;;;;;;;;;;;;;;;;;;;;;;;;;;;;;;;;;;;;;;;;"Calderas_8_9_10_Desaireador.L5X C8/C8_PC_HOGAR: MV -> PROPORCION_AM B_C8_RELACION_VTI_SUR -> BP_ANALOGICA:10:O.Ch7Data; VTI motor";L5X_Produccion/Calderas_8_9_10_Desaireador.L5X;Calderas_8_9_10_Desaireador;Y;;;;;;;;;HOMOLOGADO;300_PY_026B;26;;lazo nuevo del área 300: 26 → 4
INGENIERIA_USUARIO_290926;LAZOS_COMPLETOS_3_4;INSERT;;300_PT_005;;300;P;5;BP_ANALOGICA:3:I.Ch[5].Data;BP_ANALOGICA:3:I.Ch[5].Data;NO_INSERTAR_REVISION;"Calderas_8_9_10_Desaireador/C10/B_C10_PC_HOGAR; función final PT tentativa: dirección sola no demuestra tipo de actuador";NO;;;;;;;;;;;;;;;;;;;;;;;;;;;;;;;;;;;;;;;;;;;;;;;;;;;;HOMOLOGADO;300_PT_027;27;;lazo nuevo del área 300: 27 → 5
INGENIERIA_USUARIO_290926;LAZOS_COMPLETOS_3_4;INSERT;;300_PIC_005;;300;P;5;B_C10_PC_HOGAR;;NO_INSERTAR_REVISION;"Calderas_8_9_10_Desaireador/C10/B_C10_PC_HOGAR; función final PIC tentativa: dirección sola no demuestra tipo de actuador";NO;;;;;;;;;;;;;;;;;;;;;;;;;;;;;;;;;;;;;;;;;;;;;;;;;;;;HOMOLOGADO;300_PIC_027;27;;lazo nuevo del área 300: 27 → 5
INGENIERIA_USUARIO_290926;LAZOS_COMPLETOS_3_4;INSERT;;300_PY_005A;;300;P;5;BP_ANALOGICA:12:O.Ch3Data;BP_ANALOGICA:12:O.Ch3Data;NO_INSERTAR_REVISION;"Calderas_8_9_10_Desaireador/C10/B_C10_PC_HOGAR; función final PV tentativa: dirección sola no demuestra tipo de actuador; tipo final confirmado por alias/uso FBD (sin prueba runtime)";NO;;;;;;;;;;;;;;;;;;;;;;;;;;;;;;;;;;;;;;;;"Calderas_8_9_10_Desaireador.L5X C10/C10_PC_HOGAR: MV -> PROPORCION_AM B_C10_RELACION_VTI_ESTE -> BP_ANALOGICA:12:O.Ch3Data; VTI motor";L5X_Produccion/Calderas_8_9_10_Desaireador.L5X;Calderas_8_9_10_Desaireador;Y;;;;;;;;;HOMOLOGADO;300_PY_027A;27;;lazo nuevo del área 300: 27 → 5
INGENIERIA_USUARIO_290926;LAZOS_COMPLETOS_3_4;INSERT;;300_PY_005B;;300;P;5;BP_ANALOGICA:12:O.Ch4Data;BP_ANALOGICA:12:O.Ch4Data;NO_INSERTAR_REVISION;"Calderas_8_9_10_Desaireador/C10/B_C10_PC_HOGAR; función final PV tentativa: dirección sola no demuestra tipo de actuador; tipo final confirmado por alias/uso FBD (sin prueba runtime)";NO;;;;;;;;;;;;;;;;;;;;;;;;;;;;;;;;;;;;;;;;"Calderas_8_9_10_Desaireador.L5X C10/C10_PC_HOGAR: MV -> PROPORCION_AM B_C10_RELACION_VTI_OESTE -> BP_ANALOGICA:12:O.Ch4Data; VTI motor";L5X_Produccion/Calderas_8_9_10_Desaireador.L5X;Calderas_8_9_10_Desaireador;Y;;;;;;;;;HOMOLOGADO;300_PY_027B;27;;lazo nuevo del área 300: 27 → 5
INGENIERIA_USUARIO_290926;LAZOS_COMPLETOS_3_4;INSERT;;300_LT_006;;300;L;6;BP_ANALOGICA:6:I.Ch[6].Data;BP_ANALOGICA:6:I.Ch[6].Data;NO_INSERTAR_REVISION;"Calderas_8_9_10_Desaireador/MainProgram/PID_CONTROL_NIVEL_BBA_AGUA_CENIZA; función final LT tentativa: dirección sola no demuestra tipo de actuador";NO;;;;;;;;;;;;;;;;;;;;;;;;;;;;;;;;;;;;;;;;;;;;;;;;;;;;HOMOLOGADO;300_LT_028;28;;lazo nuevo del área 300: 28 → 6
INGENIERIA_USUARIO_290926;LAZOS_COMPLETOS_3_4;INSERT;;300_LIC_006;;300;L;6;PID_CONTROL_NIVEL_BBA_AGUA_CENIZA;;NO_INSERTAR_REVISION;"Calderas_8_9_10_Desaireador/MainProgram/PID_CONTROL_NIVEL_BBA_AGUA_CENIZA; función final LIC tentativa: dirección sola no demuestra tipo de actuador";NO;;;;;;;;;;;;;;;;;;;;;;;;;;;;;;;;;;;;;;;;;;;;;;;;;;;;HOMOLOGADO;300_LIC_028;28;;lazo nuevo del área 300: 28 → 6
INGENIERIA_USUARIO_290926;LAZOS_COMPLETOS_3_4;INSERT;;300_LY_006A;;300;L;6;BP_DIGITALES:1:O.Ch6Data;BP_DIGITALES:1:O.Ch6Data;NO_INSERTAR_REVISION;"Calderas_8_9_10_Desaireador/MainProgram/PID_CONTROL_NIVEL_BBA_AGUA_CENIZA; función final LY tentativa: dirección sola no demuestra tipo de actuador; tipo final confirmado por alias/uso FBD (sin prueba runtime)";NO;;;;;;;;;;;;;;;;;;;;;;;;;;;;;;;;;;;;;;;;"Calderas_8_9_10_Desaireador.L5X MainProgram/PID_NIVEL: CONTROL_NIVEL PID_CONTROL_NIVEL_BBA_AGUA_CENIZA MV -> BP_DIGITALES:1:O.Ch6Data; BBA/motor, no válvula";L5X_Produccion/Calderas_8_9_10_Desaireador.L5X;Calderas_8_9_10_Desaireador;Y;;;;;;;;;HOMOLOGADO;300_LY_028A;28;;lazo nuevo del área 300: 28 → 6
INGENIERIA_USUARIO_290926;LAZOS_COMPLETOS_3_4;INSERT;;300_LY_006B;;300;L;6;BP_DIGITALES:1:O.Ch7Data;BP_DIGITALES:1:O.Ch7Data;NO_INSERTAR_REVISION;"Calderas_8_9_10_Desaireador/MainProgram/PID_CONTROL_NIVEL_BBA_AGUA_CENIZA; función final LY tentativa: dirección sola no demuestra tipo de actuador; tipo final confirmado por alias/uso FBD (sin prueba runtime)";NO;;;;;;;;;;;;;;;;;;;;;;;;;;;;;;;;;;;;;;;;"Calderas_8_9_10_Desaireador.L5X MainProgram/PID_NIVEL: CONTROL_NIVEL PID_CONTROL_NIVEL_BBA_AGUA_CENIZA MV -> BP_DIGITALES:1:O.Ch7Data; BBA/motor, no válvula";L5X_Produccion/Calderas_8_9_10_Desaireador.L5X;Calderas_8_9_10_Desaireador;Y;;;;;;;;;HOMOLOGADO;300_LY_028B;28;;lazo nuevo del área 300: 28 → 6
INGENIERIA_USUARIO_290926;LAZOS_COMPLETOS_3_4;INSERT;;250_PT_004;;250;P;4;Local:6:I.Ch0Data;Local:6:I.Ch0Data;NO_INSERTAR_REVISION;"DIBACCO/MainProgram/Ctrol_Presion_Escape_Tamiz; función final PT tentativa: dirección sola no demuestra tipo de actuador";NO;;;;;;;;;;;;;;;;;;;;;;;;;;;;;;;;;;;;;;;;;;;;;;;;;;;;HOMOLOGADO;250_PT_004;4;;sin cambio
INGENIERIA_USUARIO_290926;LAZOS_COMPLETOS_3_4;INSERT;;250_PIC_004;;250;P;4;Ctrol_Presion_Escape_Tamiz;;NO_INSERTAR_REVISION;"DIBACCO/MainProgram/Ctrol_Presion_Escape_Tamiz; función final PIC tentativa: dirección sola no demuestra tipo de actuador";NO;;;;;;;;;;;;;;;;;;;;;;;;;;;;;;;;;;;;;;;;;;;;;;;;;;;;HOMOLOGADO;250_PIC_004;4;;sin cambio
INGENIERIA_USUARIO_290926;LAZOS_COMPLETOS_3_4;INSERT;;250_PV_004;;250;P;4;Local:14:O.Ch6Data;Local:14:O.Ch6Data;NO_INSERTAR_REVISION;"DIBACCO/MainProgram/Ctrol_Presion_Escape_Tamiz; función final PV tentativa: dirección sola no demuestra tipo de actuador; no cambiar función sin evidencia del elemento; válvula PV adoptada por definición de ingeniería 29/09; MV_VALV_NC es pin lógico, no prueba de campo";NO;;;;;;;;;;;;;;;;;;;;;;;;;;;;;;;;;;;;;;;;"DIBACCO.L5X MainProgram/PID ORef 11 Local:14:O.Ch6Data; MV_VALV_NC sin alias exacto de válvula";L5X_Produccion/DIBACCO.L5X;DIBACCO;PENDIENTE;"DIBACCO.L5X: AOI MV_VALV_NC -> Local:14:O.Ch6Data; función V confirmada por ingeniería, no por alias físico";INGENIERIA_FUNCION_V;;;;;;;HOMOLOGADO;250_PV_004;4;;sin cambio
INGENIERIA_USUARIO_290926;LAZOS_COMPLETOS_3_4;INSERT;;400_PT_003;;400;P;3;SULFO_ENCALADO:1:I.Ch[7].Data;SULFO_ENCALADO:1:I.Ch[7].Data;NO_INSERTAR_REVISION;"FABRICA/SULFO_ENCALADO/CONTROL_PRESION_BIO; función final PT tentativa: dirección sola no demuestra tipo de actuador";NO;;;;;;;;;;;;;;;;;;;;;;;;;;;;;;;;;;;;;;;;;;;;;;;;;;;;HOMOLOGADO;400_PT_003;3;;sin cambio
INGENIERIA_USUARIO_290926;LAZOS_COMPLETOS_3_4;INSERT;;400_PIC_003;;400;P;3;CONTROL_PRESION_BIO;;NO_INSERTAR_REVISION;"FABRICA/SULFO_ENCALADO/CONTROL_PRESION_BIO; función final PIC tentativa: dirección sola no demuestra tipo de actuador";NO;;;;;;;;;;;;;;;;;;;;;;;;;;;;;;;;;;;;;;;;;;;;;;;;;;;;HOMOLOGADO;400_PIC_003;3;;sin cambio
INGENIERIA_USUARIO_290926;LAZOS_COMPLETOS_3_4;INSERT;;400_PV_003;;400;P;3;SULFO_ENCALADO:7:O.Ch[0].Data;SULFO_ENCALADO:7:O.Ch[0].Data;NO_INSERTAR_REVISION;"FABRICA/SULFO_ENCALADO/CONTROL_PRESION_BIO; función final PV tentativa: dirección sola no demuestra tipo de actuador; no cambiar función sin evidencia del elemento; válvula PV adoptada por definición de ingeniería 29/09; MV_VALV_NC es pin lógico, no prueba de campo";NO;;;;;;;;;;;;;;;;;;;;;;;;;;;;;;;;;;;;;;;;"FABRICA.L5X SULFO_ENCALADO/PID ORef 51 SULFO_ENCALADO:7:O.Ch[0].Data; MV_VALV_NC sin alias exacto";L5X_Produccion/FABRICA.L5X;FABRICA;PENDIENTE;"FABRICA.L5X: AOI MV_VALV_NC -> SULFO_ENCALADO:7:O.Ch[0].Data; función V confirmada por ingeniería, no por alias físico";INGENIERIA_FUNCION_V;;;;;;;HOMOLOGADO;400_PV_003;3;;sin cambio
INGENIERIA_USUARIO_290926;LAZOS_COMPLETOS_3_4;INSERT;;700_PT_002;;700;P;2;ISLA_FAB_AI:2:I.Ch[3].Data;ISLA_FAB_AI:2:I.Ch[3].Data;NO_INSERTAR_REVISION;"FABRICA/FAB_CCV/B_PID_VAL_20_10_AUX_1; función final PT tentativa: dirección sola no demuestra tipo de actuador";NO;;;;;;;;;;;;;;;;;;;;;;;;;;;;;;;;;;;;;;;;;;;;;;;;;;;;HOMOLOGADO;700_PT_002;2;;sin cambio
INGENIERIA_USUARIO_290926;LAZOS_COMPLETOS_3_4;INSERT;;700_PIC_002;;700;P;2;B_PID_VAL_20_10_AUX_1;;NO_INSERTAR_REVISION;"FABRICA/FAB_CCV/B_PID_VAL_20_10_AUX_1; función final PIC tentativa: dirección sola no demuestra tipo de actuador";NO;;;;;;;;;;;;;;;;;;;;;;;;;;;;;;;;;;;;;;;;;;;;;;;;;;;;HOMOLOGADO;700_PIC_002;2;;sin cambio
INGENIERIA_USUARIO_290926;LAZOS_COMPLETOS_3_4;INSERT;;700_PV_002;;700;P;2;ISLA_FAB_AI:13:O.Ch[6].Data;ISLA_FAB_AI:13:O.Ch[6].Data;NO_INSERTAR_REVISION;"FABRICA/FAB_CCV/B_PID_VAL_20_10_AUX_1; función final PV tentativa: dirección sola no demuestra tipo de actuador; no cambiar función sin evidencia del elemento; Discrepancia de alias conservada: EVAP_S13_LCD_MELADO_5TO_EFE (el alias apunta a melado de 5º efecto, no a presión de vapor de escape); verificar el dispositivo en campo";NO;;;;;;;;;;;;;;;;;;;;;;;;;;;;;;;;;;;;;;;;"FABRICA.L5X FAB_CCV/CCV_PC_ALTA_ESCAPE ORef 22 ISLA_FAB_AI:13:O.Ch[6].Data; alias exacto EVAP_S13_LCD_MELADO_5TO_EFE contradice función/área propuesta";L5X_Produccion/FABRICA.L5X;FABRICA;PENDIENTE;;;;;;FABRICA.L5X FAB_CCV/CCV_PC_ALTA_ESCAPE ORef 22 ISLA_FAB_AI:13:O.Ch[6].Data con alias exacto EVAP_S13_LCD_MELADO_5TO_EFE;NO_INSERTAR_REVISION;item4_homologacion;HOMOLOGADO;700_PV_002;2;;sin cambio
INGENIERIA_USUARIO_290926;LAZOS_COMPLETOS_3_4;INSERT;;400_PT_004;;400;P;4;SULFO_ENCALADO:4:I.Ch0Data;SULFO_ENCALADO:4:I.Ch0Data;NO_INSERTAR_REVISION;"FABRICA/FAB_CCV/B_PID_VAL_20_10_AUX_2; función final PT tentativa: dirección sola no demuestra tipo de actuador";NO;;;;;;;;;;;;;;;;;;;;;;;;;;;;;;;;;;;;;;;;;;;;;;;;;;;;HOMOLOGADO;400_PT_004;4;;sin cambio
INGENIERIA_USUARIO_290926;LAZOS_COMPLETOS_3_4;INSERT;;400_PIC_004;;400;P;4;B_PID_VAL_20_10_AUX_2;;NO_INSERTAR_REVISION;"FABRICA/FAB_CCV/B_PID_VAL_20_10_AUX_2; función final PIC tentativa: dirección sola no demuestra tipo de actuador";NO;;;;;;;;;;;;;;;;;;;;;;;;;;;;;;;;;;;;;;;;;;;;;;;;;;;;HOMOLOGADO;400_PIC_004;4;;sin cambio
INGENIERIA_USUARIO_290926;LAZOS_COMPLETOS_3_4;INSERT;;400_PV_004;;400;P;4;SULFO_ENCALADO:8:O.Ch7Data;SULFO_ENCALADO:8:O.Ch7Data;NO_INSERTAR_REVISION;"FABRICA/FAB_CCV/B_PID_VAL_20_10_AUX_2; función final PV tentativa: dirección sola no demuestra tipo de actuador; tipo final confirmado por alias/uso FBD (sin prueba runtime); Discrepancia de alias conservada: Slot3_PV_VAL_CTROL_LT_J_ENCALADO (el alias apunta a una válvula de nivel de jugo encalado, variable L, no a presión); verificar el dispositivo en campo";NO;;;;;;;;;;;;;;;;;;;;;;;;;;;;;;;;;;;;;;;;"FABRICA.L5X FAB_CCV/CCV_PC_ALTA_ESCAPE ORef 23 SULFO_ENCALADO:8:O.Ch7Data; alias exacto Slot3_PV_VAL_CTROL_LT_J_ENCALADO; válvula PV; variable P vs referencia LT requiere revisión separada";L5X_Produccion/FABRICA.L5X;FABRICA;V;;;;;;FABRICA.L5X FAB_CCV/CCV_PC_ALTA_ESCAPE ORef 23 SULFO_ENCALADO:8:O.Ch7Data con alias exacto Slot3_PV_VAL_CTROL_LT_J_ENCALADO;NO_INSERTAR_REVISION;item4_homologacion;HOMOLOGADO;400_PV_004;4;;sin cambio
INGENIERIA_USUARIO_290926;SENSORES_SIN_LAZO;INSERT;;250_LT_005;;250;L;5;nivel_pileta;Local:13:I.Ch7Data;NO_INSERTAR_REVISION;"Identidad/canal único en catálogo; variable y función definidas por ingeniería";NO;;;;;;;;;;;;;;;;;;;;;;;;;;;;;;;;;;;;;;;;;;;;;;;;;;;;HOMOLOGADO;250_LT_005;5;;sin cambio
INGENIERIA_USUARIO_290926;SENSORES_SIN_LAZO;INSERT;;250_PT_006;;250;P;6;salida_presion306;Local:6:I.Ch4Data;NO_INSERTAR_REVISION;"Identidad/canal único en catálogo; variable y función definidas por ingeniería";NO;;;;;;;;;;;;;;;;;;;;;;;;;;;;;;;;;;;;;;;;;;;;;;;;;;;;HOMOLOGADO;250_PT_006;6;;sin cambio
INGENIERIA_USUARIO_290926;SENSORES_SIN_LAZO;INSERT;;250_PT_007;;250;P;7;salida_presion307;Local:6:I.Ch5Data;NO_INSERTAR_REVISION;"Identidad/canal único en catálogo; variable y función definidas por ingeniería";NO;;;;;;;;;;;;;;;;;;;;;;;;;;;;;;;;;;;;;;;;;;;;;;;;;;;;HOMOLOGADO;250_PT_007;7;;sin cambio
INGENIERIA_USUARIO_290926;SENSORES_SIN_LAZO;INSERT;;300_LT_007;;300;L;7;nivel_agua_filtrada;Local:2:I.Ch[1].Data;NO_INSERTAR_REVISION;"Identidad/canal único en catálogo; variable y función definidas por ingeniería";NO;;;;;;;;;;;;;;;;;;;;;;;;;;;;;;;;;;;;;;;;;;;;;;;;;;;;HOMOLOGADO;300_LT_029;29;;lazo nuevo del área 300: 29 → 7
INGENIERIA_USUARIO_290926;SENSORES_SIN_LAZO;INSERT;;300_LT_008;;300;L;8;nivel_agua_clarificada;Local:2:I.Ch[3].Data;NO_INSERTAR_REVISION;"Identidad/canal único en catálogo; variable y función definidas por ingeniería";NO;;;;;;;;;;;;;;;;;;;;;;;;;;;;;;;;;;;;;;;;;;;;;;;;;;;;HOMOLOGADO;300_LT_030;30;;lazo nuevo del área 300: 30 → 8
INGENIERIA_USUARIO_290926;SENSORES_SIN_LAZO;INSERT;;300_LT_009;;300;L;9;nivel_nivel_cenizas;Local:2:I.Ch[4].Data;NO_INSERTAR_REVISION;"Identidad/canal único en catálogo; variable y función definidas por ingeniería";NO;;;;;;;;;;;;;;;;;;;;;;;;;;;;;;;;;;;;;;;;;;;;;;;;;;;;HOMOLOGADO;300_LT_031;31;;lazo nuevo del área 300: 31 → 9
INGENIERIA_USUARIO_290926;SENSORES_SIN_LAZO;INSERT;;300_LT_010;;300;L;10;L_040_PV_Escalado;Local:9:I.Ch[0].Data;NO_INSERTAR_REVISION;"Identidad/canal único en catálogo; variable y función definidas por ingeniería";NO;;;;;;;;;;;;;;;;;;;;;;;;;;;;;;;;;;;;;;;;;;;;;;;;;;;;HOMOLOGADO;300_LT_032;32;;lazo nuevo del área 300: 32 → 10
INGENIERIA_USUARIO_290926;SENSORES_SIN_LAZO;INSERT;;300_FT_011;;300;F;11;F_010_PV_Escalado;Local:2:I.Ch[5].Data;NO_INSERTAR_REVISION;"Identidad/canal único en catálogo; variable y función definidas por ingeniería";NO;;;;;;;;;;;;;;;;;;;;;;;;;;;;;;;;;;;;;;;;;;;;;;;;;;;;HOMOLOGADO;300_FT_033;33;;lazo nuevo del área 300: 33 → 11
INGENIERIA_USUARIO_290926;SENSORES_SIN_LAZO;INSERT;;300_FT_012;;300;F;12;F_020_PV_Escalado;Local:2:I.Ch[6].Data;NO_INSERTAR_REVISION;"Identidad/canal único en catálogo; variable y función definidas por ingeniería";NO;;;;;;;;;;;;;;;;;;;;;;;;;;;;;;;;;;;;;;;;;;;;;;;;;;;;HOMOLOGADO;300_FT_034;34;;lazo nuevo del área 300: 34 → 12
INGENIERIA_USUARIO_290926;SENSORES_SIN_LAZO;INSERT;;300_AT_013;;300;A;13;AT_010_PV_Escalado;Local:2:I.Ch[7].Data;NO_INSERTAR_REVISION;"Identidad/canal único en catálogo; variable y función definidas por ingeniería";NO;;;;;;;;;;;;;;;;;;;;;;;;;;;;;;;;;;;;;;;;;;;;;;;;;;;;HOMOLOGADO;300_AT_035;35;;lazo nuevo del área 300: 35 → 13
INGENIERIA_USUARIO_290926;SENSORES_SIN_LAZO;INSERT;;300_WSH_014;;300;W;14;WSH_010;Local:3:I.Data.6;NO_INSERTAR_REVISION;"Identidad/canal único en catálogo; variable y función definidas por ingeniería";NO;;;;;;;;;;;;;;;;;;;;;;;;;;;;;;;;;;;;;;;;;;;;;;;;;;;;HOMOLOGADO;300_WSH_036;36;;lazo nuevo del área 300: 36 → 14
INGENIERIA_USUARIO_290926;SENSORES_SIN_LAZO;INSERT;;300_WSHH_015;;300;W;15;WSHH_010;Local:3:I.Data.7;NO_INSERTAR_REVISION;"Identidad/canal único en catálogo; variable y función definidas por ingeniería";NO;;;;;;;;;;;;;;;;;;;;;;;;;;;;;;;;;;;;;;;;;;;;;;;;;;;;HOMOLOGADO;300_WSHH_037;37;;lazo nuevo del área 300: 37 → 15
INGENIERIA_USUARIO_290926;COLECTOR_ESCAPE_RAMA_E;UPDATE;700_PIC_027;700_PIC_024E;1269;700;P;024;B_PC_ESC_CAMPO_AUX;ISLA_FAB_AI:7:I.Ch4Data;NO_INSERTAR_REVISION;"PT_024 conservado; 700_PT_027 duplicado por misma identidad de transmisor; Rama E";NO;;;;;;;;;;;;;;;;;;;;;;;;;;;;;;;;;;;;;;;;;;;;;;;;;;;;HOMOLOGADO;;;;
INGENIERIA_USUARIO_290926;COLECTOR_ESCAPE_RAMA_E;UPDATE;700_PXV_027;700_PXV_024E;1270;700;P;024;B_PC_ESC_CAMPO_AUX;ISLA_FAB_AI:7:I.Ch4Data;NO_INSERTAR_REVISION;"PT_024 conservado; 700_PT_027 duplicado por misma identidad de transmisor; Rama E";NO;;;;;;;;;;;;;;;;;;;;;;;;;;;;;;;;;;;;;;;;;;;;;;;;;;;;HOMOLOGADO;;;;
INGENIERIA_USUARIO_290926;COLECTOR_ESCAPE_RAMA_E;DELETE;700_PT_027;;1268;700;P;027;B_PC_ESC_CAMPO_AUX;ISLA_FAB_AI:7:I.Ch4Data;NO_INSERTAR_REVISION;"PT_024 conservado; 700_PT_027 duplicado por misma identidad de transmisor; Rama E";NO;;;;;;;;;;;;;;;;;;;;;;;;;;;;;;;;;;;;;;;;;;;;;;;;;;;;HOMOLOGADO;;;;
RESCATE_XML_241;MONITOREO_SIN_LAZO;INSERT;;200_LT_005;;200;L;5;DES_2_S1_LT_TK_ALCOHOL_1;Desaireador_2:1:I.Ch[0].Data;NO_INSERTAR_REVISION;"Sensor físico propuesto; Desaireador_2 y TK_ALCOHOL; área Destilería 200; verificar en campo";NO;;;;;;;;;;;;;;;;;;;;;;;;;;;;;;;;;;;;;;;;"Controller Name=Calderas_8_9_10_Desaireador; AliasFor de declaración exacta; Alias/identidad DES_2_S1_LT_TK_ALCOHOL_1 -> Desaireador_2:1:I.Ch[0].Data";L5X_Produccion/Calderas_8_9_10_Desaireador.L5X;Calderas_8_9_10_Des;CANAL_UNICO;;;;;;;;;HOMOLOGADO;200_LT_005;5;;sin cambio
RESCATE_XML_241;MONITOREO_SIN_LAZO;INSERT;;200_LT_006;;200;L;6;DES_2_S1_LT_TK_ALCOHOL_2;Desaireador_2:1:I.Ch[1].Data;NO_INSERTAR_REVISION;"Sensor físico propuesto; Desaireador_2 y TK_ALCOHOL; área Destilería 200; verificar en campo";NO;;;;;;;;;;;;;;;;;;;;;;;;;;;;;;;;;;;;;;;;"Controller Name=Calderas_8_9_10_Desaireador; AliasFor de declaración exacta; Alias/identidad DES_2_S1_LT_TK_ALCOHOL_2 -> Desaireador_2:1:I.Ch[1].Data";L5X_Produccion/Calderas_8_9_10_Desaireador.L5X;Calderas_8_9_10_Des;CANAL_UNICO;;;;;;;;;HOMOLOGADO;200_LT_006;6;;sin cambio
RESCATE_XML_241;MONITOREO_SIN_LAZO;INSERT;;200_LT_007;;200;L;7;DES_2_S1_LT_TK_ALCOHOL_3;Desaireador_2:1:I.Ch[2].Data;NO_INSERTAR_REVISION;"Sensor físico propuesto; Desaireador_2 y TK_ALCOHOL; área Destilería 200; verificar en campo";NO;;;;;;;;;;;;;;;;;;;;;;;;;;;;;;;;;;;;;;;;"Controller Name=Calderas_8_9_10_Desaireador; AliasFor de declaración exacta; Alias/identidad DES_2_S1_LT_TK_ALCOHOL_3 -> Desaireador_2:1:I.Ch[2].Data";L5X_Produccion/Calderas_8_9_10_Desaireador.L5X;Calderas_8_9_10_Des;CANAL_UNICO;;;;;;;;;HOMOLOGADO;200_LT_007;7;;sin cambio
RESCATE_XML_241;MONITOREO_SIN_LAZO;INSERT;;200_LT_008;;200;L;8;DES_2_S1_LT_TK_ALCOHOL_4;Desaireador_2:1:I.Ch[3].Data;NO_INSERTAR_REVISION;"Sensor físico propuesto; Desaireador_2 y TK_ALCOHOL; área Destilería 200; verificar en campo";NO;;;;;;;;;;;;;;;;;;;;;;;;;;;;;;;;;;;;;;;;"Controller Name=Calderas_8_9_10_Desaireador; AliasFor de declaración exacta; Alias/identidad DES_2_S1_LT_TK_ALCOHOL_4 -> Desaireador_2:1:I.Ch[3].Data";L5X_Produccion/Calderas_8_9_10_Desaireador.L5X;Calderas_8_9_10_Des;CANAL_UNICO;;;;;;;;;HOMOLOGADO;200_LT_008;8;;sin cambio
RESCATE_XML_241;MONITOREO_SIN_LAZO;INSERT;;200_LT_009;;200;L;9;DES_2_S1_LT_TK_ALCOHOL_5;Desaireador_2:1:I.Ch[4].Data;NO_INSERTAR_REVISION;"Sensor físico propuesto; Desaireador_2 y TK_ALCOHOL; área Destilería 200; verificar en campo";NO;;;;;;;;;;;;;;;;;;;;;;;;;;;;;;;;;;;;;;;;"Controller Name=Calderas_8_9_10_Desaireador; AliasFor de declaración exacta; Alias/identidad DES_2_S1_LT_TK_ALCOHOL_5 -> Desaireador_2:1:I.Ch[4].Data";L5X_Produccion/Calderas_8_9_10_Desaireador.L5X;Calderas_8_9_10_Des;CANAL_UNICO;;;;;;;;;HOMOLOGADO;200_LT_009;9;;sin cambio
RESCATE_XML_241;MONITOREO_SIN_LAZO;INSERT;;200_LT_010;;200;L;10;DES_2_S1_LT_TK_ALCOHOL_6;Desaireador_2:1:I.Ch[5].Data;NO_INSERTAR_REVISION;"Sensor físico propuesto; Desaireador_2 y TK_ALCOHOL; área Destilería 200; verificar en campo";NO;;;;;;;;;;;;;;;;;;;;;;;;;;;;;;;;;;;;;;;;"Controller Name=Calderas_8_9_10_Desaireador; AliasFor de declaración exacta; Alias/identidad DES_2_S1_LT_TK_ALCOHOL_6 -> Desaireador_2:1:I.Ch[5].Data";L5X_Produccion/Calderas_8_9_10_Desaireador.L5X;Calderas_8_9_10_Des;CANAL_UNICO;;;;;;;;;HOMOLOGADO;200_LT_010;10;;sin cambio
RESCATE_XML_241;MONITOREO_SIN_LAZO;INSERT;;200_LT_011;;200;L;11;DES_2_S1_LT_TK_ALCOHOL_7;Desaireador_2:1:I.Ch[6].Data;NO_INSERTAR_REVISION;"Sensor físico propuesto; Desaireador_2 y TK_ALCOHOL; área Destilería 200; verificar en campo";NO;;;;;;;;;;;;;;;;;;;;;;;;;;;;;;;;;;;;;;;;"Controller Name=Calderas_8_9_10_Desaireador; AliasFor de declaración exacta; Alias/identidad DES_2_S1_LT_TK_ALCOHOL_7 -> Desaireador_2:1:I.Ch[6].Data";L5X_Produccion/Calderas_8_9_10_Desaireador.L5X;Calderas_8_9_10_Des;CANAL_UNICO;;;;;;;;;HOMOLOGADO;200_LT_011;11;;sin cambio
RESCATE_XML_241;MONITOREO_SIN_LAZO;INSERT;;200_LT_012;;200;L;12;DES_2_S1_LT_TK_ALCOHOL_8;Desaireador_2:1:I.Ch[7].Data;NO_INSERTAR_REVISION;"Sensor físico propuesto; Desaireador_2 y TK_ALCOHOL; área Destilería 200; verificar en campo";NO;;;;;;;;;;;;;;;;;;;;;;;;;;;;;;;;;;;;;;;;"Controller Name=Calderas_8_9_10_Desaireador; AliasFor de declaración exacta; Alias/identidad DES_2_S1_LT_TK_ALCOHOL_8 -> Desaireador_2:1:I.Ch[7].Data";L5X_Produccion/Calderas_8_9_10_Desaireador.L5X;Calderas_8_9_10_Des;CANAL_UNICO;;;;;;;;;HOMOLOGADO;200_LT_012;12;;sin cambio
RESCATE_XML_241;MONITOREO_SIN_LAZO;INSERT;;200_FT_013;;200;F;13;Slot_FT_LECHADA;jw_fermerntacion_2022:6:I.Ch[2].Data;NO_INSERTAR_REVISION;"Sensor físico propuesto; PLC DESTILERIA, alias Slot_FT de fermentación; verificar en campo";NO;;;;;;;;;;;;;;;;;;;;;;;;;;;;;;;;;;;;;;;;"Controller Name=DESTILERIA; AliasFor de declaración exacta; Alias/identidad Slot_FT_LECHADA -> jw_fermerntacion_2022:6:I.Ch[2].Data";L5X_Produccion/DESTILERIA.L5X;DESTILERIA_16062026;CANAL_UNICO;;;;;;;;;HOMOLOGADO;200_FT_017;17;;lazo nuevo del área 200: 17 → 13
RESCATE_XML_241;MONITOREO_SIN_LAZO;INSERT;;200_FT_014;;200;F;14;Slot_FT_REFUNDIDO;jw_fermerntacion_2022:6:I.Ch[5].Data;NO_INSERTAR_REVISION;"Sensor físico propuesto; PLC DESTILERIA, alias Slot_FT de fermentación; verificar en campo";NO;;;;;;;;;;;;;;;;;;;;;;;;;;;;;;;;;;;;;;;;"Controller Name=DESTILERIA; AliasFor de declaración exacta; Alias/identidad Slot_FT_REFUNDIDO -> jw_fermerntacion_2022:6:I.Ch[5].Data";L5X_Produccion/DESTILERIA.L5X;DESTILERIA_16062026;CANAL_UNICO;;;;;;;;;HOMOLOGADO;200_FT_018;18;;lazo nuevo del área 200: 18 → 14
RESCATE_XML_241;MONITOREO_SIN_LAZO;INSERT;;200_TT_015;;200;T;15;TT_CUBA_2;jw_fermerntacion_2022:7:I.Ch[1].Data;NO_INSERTAR_REVISION;"Sensor físico propuesto; PLC DESTILERIA, identidad TT_CUBA; verificar en campo";NO;;;;;;;;;;;;;;;;;;;;;;;;;;;;;;;;;;;;;;;;"Controller Name=DESTILERIA; writer a terminal: TT_CUBA_2 <- nodo 847 (pin in) en FERMENTACION/ESCALADOS_PT_FT_LT_TT <- bloque SCL (pin InRawMin) en FERMENTACION/ESCALADOS_PT_FT_LT_TT <- constante -200 <- bloque SCL (pin InEUMin) en FERMENTACION/ESCALADOS_PT_FT_LT_TT <- constante -200; Alias/identidad TT_CUBA_2 -> jw_fermerntacion_2022:7:I.Ch[1].Data";L5X_Produccion/DESTILERIA.L5X;DESTILERIA_16062026;CANAL_UNICO;;;;;;;;;HOMOLOGADO;200_TT_019;19;;lazo nuevo del área 200: 19 → 15
RESCATE_XML_241;MONITOREO_SIN_LAZO;INSERT;;200_TT_016;;200;T;16;TT_CUBA_3;jw_fermerntacion_2022:7:I.Ch[2].Data;NO_INSERTAR_REVISION;"Sensor físico propuesto; PLC DESTILERIA, identidad TT_CUBA; verificar en campo";NO;;;;;;;;;;;;;;;;;;;;;;;;;;;;;;;;;;;;;;;;"Controller Name=DESTILERIA; writer a terminal: TT_CUBA_3 <- nodo 848 (pin in) en FERMENTACION/ESCALADOS_PT_FT_LT_TT <- bloque SCL (pin InRawMin) en FERMENTACION/ESCALADOS_PT_FT_LT_TT <- constante -200 <- bloque SCL (pin InEUMin) en FERMENTACION/ESCALADOS_PT_FT_LT_TT <- constante -200; Alias/identidad TT_CUBA_3 -> jw_fermerntacion_2022:7:I.Ch[2].Data";L5X_Produccion/DESTILERIA.L5X;DESTILERIA_16062026;CANAL_UNICO;;;;;;;;;HOMOLOGADO;200_TT_020;20;;lazo nuevo del área 200: 20 → 16
RESCATE_XML_241;MONITOREO_SIN_LAZO;INSERT;;200_TT_017;;200;T;17;TT_CUBA_4;jw_fermerntacion_2022:7:I.Ch[3].Data;NO_INSERTAR_REVISION;"Sensor físico propuesto; PLC DESTILERIA, identidad TT_CUBA; verificar en campo";NO;;;;;;;;;;;;;;;;;;;;;;;;;;;;;;;;;;;;;;;;"Controller Name=DESTILERIA; writer a terminal: TT_CUBA_4 <- nodo 849 (pin in) en FERMENTACION/ESCALADOS_PT_FT_LT_TT <- bloque SCL (pin InRawMin) en FERMENTACION/ESCALADOS_PT_FT_LT_TT <- constante -200 <- bloque SCL (pin InEUMin) en FERMENTACION/ESCALADOS_PT_FT_LT_TT <- constante -200; Alias/identidad TT_CUBA_4 -> jw_fermerntacion_2022:7:I.Ch[3].Data";L5X_Produccion/DESTILERIA.L5X;DESTILERIA_16062026;CANAL_UNICO;;;;;;;;;HOMOLOGADO;200_TT_021;21;;lazo nuevo del área 200: 21 → 17
RESCATE_XML_241;MONITOREO_SIN_LAZO;INSERT;;200_TT_018;;200;T;18;TT_CUBA_5;jw_fermerntacion_2022:7:I.Ch[4].Data;NO_INSERTAR_REVISION;"Sensor físico propuesto; PLC DESTILERIA, identidad TT_CUBA; verificar en campo";NO;;;;;;;;;;;;;;;;;;;;;;;;;;;;;;;;;;;;;;;;"Controller Name=DESTILERIA; writer a terminal: TT_CUBA_5 <- nodo 850 (pin in) en FERMENTACION/ESCALADOS_PT_FT_LT_TT <- bloque SCL (pin InRawMin) en FERMENTACION/ESCALADOS_PT_FT_LT_TT <- constante -200 <- bloque SCL (pin InEUMin) en FERMENTACION/ESCALADOS_PT_FT_LT_TT <- constante -200; Alias/identidad TT_CUBA_5 -> jw_fermerntacion_2022:7:I.Ch[4].Data";L5X_Produccion/DESTILERIA.L5X;DESTILERIA_16062026;CANAL_UNICO;;;;;;;;;HOMOLOGADO;200_TT_022;22;;lazo nuevo del área 200: 22 → 18
RESCATE_XML_241;MONITOREO_SIN_LAZO;INSERT;;200_TT_019;;200;T;19;TT_CUBA_6;jw_fermerntacion_2022:7:I.Ch[5].Data;NO_INSERTAR_REVISION;"Sensor físico propuesto; PLC DESTILERIA, identidad TT_CUBA; verificar en campo";NO;;;;;;;;;;;;;;;;;;;;;;;;;;;;;;;;;;;;;;;;"Controller Name=DESTILERIA; writer a terminal: TT_CUBA_6 <- nodo 851 (pin in) en FERMENTACION/ESCALADOS_PT_FT_LT_TT <- bloque SCL (pin InRawMin) en FERMENTACION/ESCALADOS_PT_FT_LT_TT <- constante -200 <- bloque SCL (pin InEUMin) en FERMENTACION/ESCALADOS_PT_FT_LT_TT <- constante -200; Alias/identidad TT_CUBA_6 -> jw_fermerntacion_2022:7:I.Ch[5].Data";L5X_Produccion/DESTILERIA.L5X;DESTILERIA_16062026;CANAL_UNICO;;;;;;;;;HOMOLOGADO;200_TT_023;23;;lazo nuevo del área 200: 23 → 19
AUDITORIA_FRONTERA_22;FRONTERA_3_4_AUDITORIA;;;;;;;;B_C10_LC_DOMO;;REVISION_SIN_LAZO_NUEVO;"Sin extremo único/variable inequívoca o ya catalogado; no crear familia nueva";NO;;;;;;;;;;;;;;;;;;;;;;;;;;;;;;;;;;;;;;;;"PV SEL_01 -> ; MV -> BP_ANALOGICA:12:O.Ch2Data (BP_ANALOGICA:12:O.Ch2Data); la entrada es un tag REAL interno sin escritor en el XML; ORef BP_ANALOGICA:12:O.Ch2Data (direccion fisica)";L5X_Produccion/Calderas_8_9_10_Desaireador.L5X;Calderas_8_9_10_Desaireador;;;;;;;;;;NO_APLICA;;;;
TRAZADO_XML_FRONTERA_22;DESGLOSE_FINAL_FRONTERA;UPDATE;300_PV_044;300_PY_044A;1234;300;P;44;B_C10_PC_VAPOR;Cal_10_Dosificador_1:O.PF525_A_FreqCommand;NO_INSERTAR_REVISION;"Desglose candidato de seis dosificadores PowerFlex 525 en A-F; entrada PT_044 y controlador PIC_044 existentes. Verificar campo antes de aplicar.";NO;;;;;;;;;;;;;;;;;;;;;;;;;;;;;;;;;;;;;;;;"C10_PT_DOMO_CALDERA <- nodo 52 (pin in) en C10/C10_S1_ESCALADO_AI <- bloque SCL (pin InEUMin) en C10/C10_S1_ESCALADO_AI <- constante 0 <- bloque SCL (pin InRawMax) en C10/C10_S1_ESCALADO_AI <- constante 20.0 <- bloque SCL (pin InRawMin) en C10/C10_S1_ESCALADO_AI; envoltorio ALIMENTADOR_BAGAZO: MUL -> SALIDA_MV <- ENTRADA_MV = pin de entrada ; bloque ALIMENTADOR_BAGAZO (pin SALIDA_MV -> SourceA) ; bloque MUL (pin Dest -> in) ; ORef Cal_10_Dosificador_1:O.PF525_A_FreqCommand (modulo Cal_10_Dosificador_1:O.PowerFlex 525-EENET-Multi) ; envoltorio ALIMENTADOR_BAGAZO: MUL -> SALIDA_MV <- ENTRADA_MV = pin de entrada ; bloque ALIMENTADOR_BAGAZO (pin SALIDA_MV -> SourceA) ; bloque MUL (pin Dest -> in) ; ORef Cal_10_Dosificador_2:O.FreqCommand (modulo Cal_10_Dosificador_2:O.PowerFlex 525-EENET) ; envoltorio ALIMENTADOR_BAGAZO: MUL -> SALIDA_MV <- ENTRADA_MV = pin de entrada ; bloque ALIMENTADOR_BAGAZO (pin SALIDA_MV -> SourceA) ; bloque MUL (pin Dest -> in) ; ORef Cal_10_Dosificador_3:O.FreqCommand (modulo Cal_10_Dosificador_3:O.PowerFlex 525-EENET) ; envoltorio ALIMENTADOR_BAGAZO: MUL -> SALIDA_MV <- ENTRADA_MV = pin de entrada ; bloque ALIMENTADOR_BAGAZO (pin SALIDA_MV -> SourceA) ; bloque MUL (pin Dest -> in) ; ORef Cal_10_Dosificador_4:O.FreqCommand (modulo Cal_10_Dosificador_4:O.PowerFlex 525-EENET) ; envoltorio ALIMENTADOR_BAGAZO: MUL -> SALIDA_MV <- ENTRADA_MV = pin de entrada ; bloque ALIMENTADOR_BAGAZO (pin SALIDA_MV -> SourceA) ; bloque MUL (pin Dest -> in) ; ORef Cal_10_Dosificador_5:O.PF525_A_FreqCommand (modulo Cal_10_Dosificador_5:O.PowerFlex 525-EENET-Multi) ; envoltorio ALIMENTADOR_BAGAZO: MUL -> SALIDA_MV <- ENTRADA_MV = pin de entrada ; bloque ALIMENTADOR_BAGAZO (pin SALIDA_MV -> SourceA) ; bloque MUL (pin Dest -> in) ; ORef Cal_10_Dosificador_6:O.FreqCommand (modulo Cal_10_Dosificador_6:O.PowerFlex 525-EENET)";L5X_Produccion/Calderas_8_9_10_Desaireador.L5X;Calderas_8_9_10_Desaireador;CERRADO_YA_PRODUCCION_RAMAS_MULTIPLES;;;;;;;;;HOMOLOGADO;;;;
TRAZADO_XML_FRONTERA_22;DESGLOSE_FINAL_FRONTERA;INSERT;;300_PY_044B;;300;P;44;B_C10_PC_VAPOR;Cal_10_Dosificador_2:O.FreqCommand;NO_INSERTAR_REVISION;"Desglose candidato de seis dosificadores PowerFlex 525 en A-F; entrada PT_044 y controlador PIC_044 existentes. Verificar campo antes de aplicar.";NO;;;;;;;;;;;;;;;;;;;;;;;;;;;;;;;;;;;;;;;;"C10_PT_DOMO_CALDERA <- nodo 52 (pin in) en C10/C10_S1_ESCALADO_AI <- bloque SCL (pin InEUMin) en C10/C10_S1_ESCALADO_AI <- constante 0 <- bloque SCL (pin InRawMax) en C10/C10_S1_ESCALADO_AI <- constante 20.0 <- bloque SCL (pin InRawMin) en C10/C10_S1_ESCALADO_AI; envoltorio ALIMENTADOR_BAGAZO: MUL -> SALIDA_MV <- ENTRADA_MV = pin de entrada ; bloque ALIMENTADOR_BAGAZO (pin SALIDA_MV -> SourceA) ; bloque MUL (pin Dest -> in) ; ORef Cal_10_Dosificador_1:O.PF525_A_FreqCommand (modulo Cal_10_Dosificador_1:O.PowerFlex 525-EENET-Multi) ; envoltorio ALIMENTADOR_BAGAZO: MUL -> SALIDA_MV <- ENTRADA_MV = pin de entrada ; bloque ALIMENTADOR_BAGAZO (pin SALIDA_MV -> SourceA) ; bloque MUL (pin Dest -> in) ; ORef Cal_10_Dosificador_2:O.FreqCommand (modulo Cal_10_Dosificador_2:O.PowerFlex 525-EENET) ; envoltorio ALIMENTADOR_BAGAZO: MUL -> SALIDA_MV <- ENTRADA_MV = pin de entrada ; bloque ALIMENTADOR_BAGAZO (pin SALIDA_MV -> SourceA) ; bloque MUL (pin Dest -> in) ; ORef Cal_10_Dosificador_3:O.FreqCommand (modulo Cal_10_Dosificador_3:O.PowerFlex 525-EENET) ; envoltorio ALIMENTADOR_BAGAZO: MUL -> SALIDA_MV <- ENTRADA_MV = pin de entrada ; bloque ALIMENTADOR_BAGAZO (pin SALIDA_MV -> SourceA) ; bloque MUL (pin Dest -> in) ; ORef Cal_10_Dosificador_4:O.FreqCommand (modulo Cal_10_Dosificador_4:O.PowerFlex 525-EENET) ; envoltorio ALIMENTADOR_BAGAZO: MUL -> SALIDA_MV <- ENTRADA_MV = pin de entrada ; bloque ALIMENTADOR_BAGAZO (pin SALIDA_MV -> SourceA) ; bloque MUL (pin Dest -> in) ; ORef Cal_10_Dosificador_5:O.PF525_A_FreqCommand (modulo Cal_10_Dosificador_5:O.PowerFlex 525-EENET-Multi) ; envoltorio ALIMENTADOR_BAGAZO: MUL -> SALIDA_MV <- ENTRADA_MV = pin de entrada ; bloque ALIMENTADOR_BAGAZO (pin SALIDA_MV -> SourceA) ; bloque MUL (pin Dest -> in) ; ORef Cal_10_Dosificador_6:O.FreqCommand (modulo Cal_10_Dosificador_6:O.PowerFlex 525-EENET)";L5X_Produccion/Calderas_8_9_10_Desaireador.L5X;Calderas_8_9_10_Desaireador;CERRADO_YA_PRODUCCION_RAMAS_MULTIPLES;;;;;;;;;HOMOLOGADO;;;;
TRAZADO_XML_FRONTERA_22;DESGLOSE_FINAL_FRONTERA;INSERT;;300_PY_044C;;300;P;44;B_C10_PC_VAPOR;Cal_10_Dosificador_3:O.FreqCommand;NO_INSERTAR_REVISION;"Desglose candidato de seis dosificadores PowerFlex 525 en A-F; entrada PT_044 y controlador PIC_044 existentes. Verificar campo antes de aplicar.";NO;;;;;;;;;;;;;;;;;;;;;;;;;;;;;;;;;;;;;;;;"C10_PT_DOMO_CALDERA <- nodo 52 (pin in) en C10/C10_S1_ESCALADO_AI <- bloque SCL (pin InEUMin) en C10/C10_S1_ESCALADO_AI <- constante 0 <- bloque SCL (pin InRawMax) en C10/C10_S1_ESCALADO_AI <- constante 20.0 <- bloque SCL (pin InRawMin) en C10/C10_S1_ESCALADO_AI; envoltorio ALIMENTADOR_BAGAZO: MUL -> SALIDA_MV <- ENTRADA_MV = pin de entrada ; bloque ALIMENTADOR_BAGAZO (pin SALIDA_MV -> SourceA) ; bloque MUL (pin Dest -> in) ; ORef Cal_10_Dosificador_1:O.PF525_A_FreqCommand (modulo Cal_10_Dosificador_1:O.PowerFlex 525-EENET-Multi) ; envoltorio ALIMENTADOR_BAGAZO: MUL -> SALIDA_MV <- ENTRADA_MV = pin de entrada ; bloque ALIMENTADOR_BAGAZO (pin SALIDA_MV -> SourceA) ; bloque MUL (pin Dest -> in) ; ORef Cal_10_Dosificador_2:O.FreqCommand (modulo Cal_10_Dosificador_2:O.PowerFlex 525-EENET) ; envoltorio ALIMENTADOR_BAGAZO: MUL -> SALIDA_MV <- ENTRADA_MV = pin de entrada ; bloque ALIMENTADOR_BAGAZO (pin SALIDA_MV -> SourceA) ; bloque MUL (pin Dest -> in) ; ORef Cal_10_Dosificador_3:O.FreqCommand (modulo Cal_10_Dosificador_3:O.PowerFlex 525-EENET) ; envoltorio ALIMENTADOR_BAGAZO: MUL -> SALIDA_MV <- ENTRADA_MV = pin de entrada ; bloque ALIMENTADOR_BAGAZO (pin SALIDA_MV -> SourceA) ; bloque MUL (pin Dest -> in) ; ORef Cal_10_Dosificador_4:O.FreqCommand (modulo Cal_10_Dosificador_4:O.PowerFlex 525-EENET) ; envoltorio ALIMENTADOR_BAGAZO: MUL -> SALIDA_MV <- ENTRADA_MV = pin de entrada ; bloque ALIMENTADOR_BAGAZO (pin SALIDA_MV -> SourceA) ; bloque MUL (pin Dest -> in) ; ORef Cal_10_Dosificador_5:O.PF525_A_FreqCommand (modulo Cal_10_Dosificador_5:O.PowerFlex 525-EENET-Multi) ; envoltorio ALIMENTADOR_BAGAZO: MUL -> SALIDA_MV <- ENTRADA_MV = pin de entrada ; bloque ALIMENTADOR_BAGAZO (pin SALIDA_MV -> SourceA) ; bloque MUL (pin Dest -> in) ; ORef Cal_10_Dosificador_6:O.FreqCommand (modulo Cal_10_Dosificador_6:O.PowerFlex 525-EENET)";L5X_Produccion/Calderas_8_9_10_Desaireador.L5X;Calderas_8_9_10_Desaireador;CERRADO_YA_PRODUCCION_RAMAS_MULTIPLES;;;;;;;;;HOMOLOGADO;;;;
TRAZADO_XML_FRONTERA_22;DESGLOSE_FINAL_FRONTERA;INSERT;;300_PY_044D;;300;P;44;B_C10_PC_VAPOR;Cal_10_Dosificador_4:O.FreqCommand;NO_INSERTAR_REVISION;"Desglose candidato de seis dosificadores PowerFlex 525 en A-F; entrada PT_044 y controlador PIC_044 existentes. Verificar campo antes de aplicar.";NO;;;;;;;;;;;;;;;;;;;;;;;;;;;;;;;;;;;;;;;;"C10_PT_DOMO_CALDERA <- nodo 52 (pin in) en C10/C10_S1_ESCALADO_AI <- bloque SCL (pin InEUMin) en C10/C10_S1_ESCALADO_AI <- constante 0 <- bloque SCL (pin InRawMax) en C10/C10_S1_ESCALADO_AI <- constante 20.0 <- bloque SCL (pin InRawMin) en C10/C10_S1_ESCALADO_AI; envoltorio ALIMENTADOR_BAGAZO: MUL -> SALIDA_MV <- ENTRADA_MV = pin de entrada ; bloque ALIMENTADOR_BAGAZO (pin SALIDA_MV -> SourceA) ; bloque MUL (pin Dest -> in) ; ORef Cal_10_Dosificador_1:O.PF525_A_FreqCommand (modulo Cal_10_Dosificador_1:O.PowerFlex 525-EENET-Multi) ; envoltorio ALIMENTADOR_BAGAZO: MUL -> SALIDA_MV <- ENTRADA_MV = pin de entrada ; bloque ALIMENTADOR_BAGAZO (pin SALIDA_MV -> SourceA) ; bloque MUL (pin Dest -> in) ; ORef Cal_10_Dosificador_2:O.FreqCommand (modulo Cal_10_Dosificador_2:O.PowerFlex 525-EENET) ; envoltorio ALIMENTADOR_BAGAZO: MUL -> SALIDA_MV <- ENTRADA_MV = pin de entrada ; bloque ALIMENTADOR_BAGAZO (pin SALIDA_MV -> SourceA) ; bloque MUL (pin Dest -> in) ; ORef Cal_10_Dosificador_3:O.FreqCommand (modulo Cal_10_Dosificador_3:O.PowerFlex 525-EENET) ; envoltorio ALIMENTADOR_BAGAZO: MUL -> SALIDA_MV <- ENTRADA_MV = pin de entrada ; bloque ALIMENTADOR_BAGAZO (pin SALIDA_MV -> SourceA) ; bloque MUL (pin Dest -> in) ; ORef Cal_10_Dosificador_4:O.FreqCommand (modulo Cal_10_Dosificador_4:O.PowerFlex 525-EENET) ; envoltorio ALIMENTADOR_BAGAZO: MUL -> SALIDA_MV <- ENTRADA_MV = pin de entrada ; bloque ALIMENTADOR_BAGAZO (pin SALIDA_MV -> SourceA) ; bloque MUL (pin Dest -> in) ; ORef Cal_10_Dosificador_5:O.PF525_A_FreqCommand (modulo Cal_10_Dosificador_5:O.PowerFlex 525-EENET-Multi) ; envoltorio ALIMENTADOR_BAGAZO: MUL -> SALIDA_MV <- ENTRADA_MV = pin de entrada ; bloque ALIMENTADOR_BAGAZO (pin SALIDA_MV -> SourceA) ; bloque MUL (pin Dest -> in) ; ORef Cal_10_Dosificador_6:O.FreqCommand (modulo Cal_10_Dosificador_6:O.PowerFlex 525-EENET)";L5X_Produccion/Calderas_8_9_10_Desaireador.L5X;Calderas_8_9_10_Desaireador;CERRADO_YA_PRODUCCION_RAMAS_MULTIPLES;;;;;;;;;HOMOLOGADO;;;;
TRAZADO_XML_FRONTERA_22;DESGLOSE_FINAL_FRONTERA;INSERT;;300_PY_044E;;300;P;44;B_C10_PC_VAPOR;Cal_10_Dosificador_5:O.PF525_A_FreqCommand;NO_INSERTAR_REVISION;"Desglose candidato de seis dosificadores PowerFlex 525 en A-F; entrada PT_044 y controlador PIC_044 existentes. Verificar campo antes de aplicar.";NO;;;;;;;;;;;;;;;;;;;;;;;;;;;;;;;;;;;;;;;;"C10_PT_DOMO_CALDERA <- nodo 52 (pin in) en C10/C10_S1_ESCALADO_AI <- bloque SCL (pin InEUMin) en C10/C10_S1_ESCALADO_AI <- constante 0 <- bloque SCL (pin InRawMax) en C10/C10_S1_ESCALADO_AI <- constante 20.0 <- bloque SCL (pin InRawMin) en C10/C10_S1_ESCALADO_AI; envoltorio ALIMENTADOR_BAGAZO: MUL -> SALIDA_MV <- ENTRADA_MV = pin de entrada ; bloque ALIMENTADOR_BAGAZO (pin SALIDA_MV -> SourceA) ; bloque MUL (pin Dest -> in) ; ORef Cal_10_Dosificador_1:O.PF525_A_FreqCommand (modulo Cal_10_Dosificador_1:O.PowerFlex 525-EENET-Multi) ; envoltorio ALIMENTADOR_BAGAZO: MUL -> SALIDA_MV <- ENTRADA_MV = pin de entrada ; bloque ALIMENTADOR_BAGAZO (pin SALIDA_MV -> SourceA) ; bloque MUL (pin Dest -> in) ; ORef Cal_10_Dosificador_2:O.FreqCommand (modulo Cal_10_Dosificador_2:O.PowerFlex 525-EENET) ; envoltorio ALIMENTADOR_BAGAZO: MUL -> SALIDA_MV <- ENTRADA_MV = pin de entrada ; bloque ALIMENTADOR_BAGAZO (pin SALIDA_MV -> SourceA) ; bloque MUL (pin Dest -> in) ; ORef Cal_10_Dosificador_3:O.FreqCommand (modulo Cal_10_Dosificador_3:O.PowerFlex 525-EENET) ; envoltorio ALIMENTADOR_BAGAZO: MUL -> SALIDA_MV <- ENTRADA_MV = pin de entrada ; bloque ALIMENTADOR_BAGAZO (pin SALIDA_MV -> SourceA) ; bloque MUL (pin Dest -> in) ; ORef Cal_10_Dosificador_4:O.FreqCommand (modulo Cal_10_Dosificador_4:O.PowerFlex 525-EENET) ; envoltorio ALIMENTADOR_BAGAZO: MUL -> SALIDA_MV <- ENTRADA_MV = pin de entrada ; bloque ALIMENTADOR_BAGAZO (pin SALIDA_MV -> SourceA) ; bloque MUL (pin Dest -> in) ; ORef Cal_10_Dosificador_5:O.PF525_A_FreqCommand (modulo Cal_10_Dosificador_5:O.PowerFlex 525-EENET-Multi) ; envoltorio ALIMENTADOR_BAGAZO: MUL -> SALIDA_MV <- ENTRADA_MV = pin de entrada ; bloque ALIMENTADOR_BAGAZO (pin SALIDA_MV -> SourceA) ; bloque MUL (pin Dest -> in) ; ORef Cal_10_Dosificador_6:O.FreqCommand (modulo Cal_10_Dosificador_6:O.PowerFlex 525-EENET)";L5X_Produccion/Calderas_8_9_10_Desaireador.L5X;Calderas_8_9_10_Desaireador;CERRADO_YA_PRODUCCION_RAMAS_MULTIPLES;;;;;;;;;HOMOLOGADO;;;;
TRAZADO_XML_FRONTERA_22;DESGLOSE_FINAL_FRONTERA;INSERT;;300_PY_044F;;300;P;44;B_C10_PC_VAPOR;Cal_10_Dosificador_6:O.FreqCommand;NO_INSERTAR_REVISION;"Desglose candidato de seis dosificadores PowerFlex 525 en A-F; entrada PT_044 y controlador PIC_044 existentes. Verificar campo antes de aplicar.";NO;;;;;;;;;;;;;;;;;;;;;;;;;;;;;;;;;;;;;;;;"C10_PT_DOMO_CALDERA <- nodo 52 (pin in) en C10/C10_S1_ESCALADO_AI <- bloque SCL (pin InEUMin) en C10/C10_S1_ESCALADO_AI <- constante 0 <- bloque SCL (pin InRawMax) en C10/C10_S1_ESCALADO_AI <- constante 20.0 <- bloque SCL (pin InRawMin) en C10/C10_S1_ESCALADO_AI; envoltorio ALIMENTADOR_BAGAZO: MUL -> SALIDA_MV <- ENTRADA_MV = pin de entrada ; bloque ALIMENTADOR_BAGAZO (pin SALIDA_MV -> SourceA) ; bloque MUL (pin Dest -> in) ; ORef Cal_10_Dosificador_1:O.PF525_A_FreqCommand (modulo Cal_10_Dosificador_1:O.PowerFlex 525-EENET-Multi) ; envoltorio ALIMENTADOR_BAGAZO: MUL -> SALIDA_MV <- ENTRADA_MV = pin de entrada ; bloque ALIMENTADOR_BAGAZO (pin SALIDA_MV -> SourceA) ; bloque MUL (pin Dest -> in) ; ORef Cal_10_Dosificador_2:O.FreqCommand (modulo Cal_10_Dosificador_2:O.PowerFlex 525-EENET) ; envoltorio ALIMENTADOR_BAGAZO: MUL -> SALIDA_MV <- ENTRADA_MV = pin de entrada ; bloque ALIMENTADOR_BAGAZO (pin SALIDA_MV -> SourceA) ; bloque MUL (pin Dest -> in) ; ORef Cal_10_Dosificador_3:O.FreqCommand (modulo Cal_10_Dosificador_3:O.PowerFlex 525-EENET) ; envoltorio ALIMENTADOR_BAGAZO: MUL -> SALIDA_MV <- ENTRADA_MV = pin de entrada ; bloque ALIMENTADOR_BAGAZO (pin SALIDA_MV -> SourceA) ; bloque MUL (pin Dest -> in) ; ORef Cal_10_Dosificador_4:O.FreqCommand (modulo Cal_10_Dosificador_4:O.PowerFlex 525-EENET) ; envoltorio ALIMENTADOR_BAGAZO: MUL -> SALIDA_MV <- ENTRADA_MV = pin de entrada ; bloque ALIMENTADOR_BAGAZO (pin SALIDA_MV -> SourceA) ; bloque MUL (pin Dest -> in) ; ORef Cal_10_Dosificador_5:O.PF525_A_FreqCommand (modulo Cal_10_Dosificador_5:O.PowerFlex 525-EENET-Multi) ; envoltorio ALIMENTADOR_BAGAZO: MUL -> SALIDA_MV <- ENTRADA_MV = pin de entrada ; bloque ALIMENTADOR_BAGAZO (pin SALIDA_MV -> SourceA) ; bloque MUL (pin Dest -> in) ; ORef Cal_10_Dosificador_6:O.FreqCommand (modulo Cal_10_Dosificador_6:O.PowerFlex 525-EENET)";L5X_Produccion/Calderas_8_9_10_Desaireador.L5X;Calderas_8_9_10_Desaireador;CERRADO_YA_PRODUCCION_RAMAS_MULTIPLES;;;;;;;;;HOMOLOGADO;;;;
AUDITORIA_FRONTERA_22;FRONTERA_3_4_AUDITORIA;;;;;;;;B_C10_PC_VAPOR;;YA_TAGUEADO_EN_PRODUCCION_REVISAR_FUNCION;"Grupo completo pero ya catalogado; corregir final Y en operaciones adjuntas";NO;;;;;;;;;;;;;;;;;;;;;;;;;;;;;;;;;;;;;;;;"PV C10_PT_DOMO_CALDERA -> BP_ANALOGICA:3:I.Ch[4].Data (BP_ANALOGICA:3:I.Ch[4].Data); MV -> Cal_10_Dosificador_1:O.PF525_A_FreqCommand (Cal_10_Dosificador_1:O.PowerFlex 525-EENET-Multi) | Cal_10_Dosificador_2:O.FreqCommand (Cal_10_Dosificador_2:O.PowerFlex 525-EENET) | Cal_10_Dosificador_3:O.FreqCommand (Cal_10_Dosificador_3:O.PowerFlex 525-EENET) | Cal_10_Dosificador_4:O.FreqCommand (Cal_10_Dosificador_4:O.PowerFlex 525-EENET) | Cal_10_Dosificador_5:O.PF525_A_FreqCommand (Cal_10_Dosificador_5:O.PowerFlex 525-EENET-Multi) | Cal_10_Dosificador_6:O.FreqCommand (Cal_10_Dosificador_6:O.PowerFlex 525-EENET); la salida alcanza 6 direcciones fisicas distintas";L5X_Produccion/Calderas_8_9_10_Desaireador.L5X;Calderas_8_9_10_Desaireador;;;;;;;;;;NO_APLICA;;;;
AUDITORIA_FRONTERA_22;FRONTERA_3_4_AUDITORIA;;;;;;;;B_C8_LC_DOMO;;REVISION_SIN_LAZO_NUEVO;"Sin extremo único/variable inequívoca o ya catalogado; no crear familia nueva";NO;;;;;;;;;;;;;;;;;;;;;;;;;;;;;;;;;;;;;;;;"PV SEL_01 -> ; MV -> BP_ANALOGICA:10:O.Ch3Data (BP_ANALOGICA:10:O.Ch3Data); la entrada es un tag REAL interno sin escritor en el XML; ORef BP_ANALOGICA:10:O.Ch3Data (direccion fisica)";L5X_Produccion/Calderas_8_9_10_Desaireador.L5X;Calderas_8_9_10_Desaireador;;;;;;;;;;NO_APLICA;;;;
AUDITORIA_FRONTERA_22;FRONTERA_3_4_AUDITORIA;;;;;;;;B_C9_LC_DOMO;;REVISION_SIN_LAZO_NUEVO;"Sin extremo único/variable inequívoca o ya catalogado; no crear familia nueva";NO;;;;;;;;;;;;;;;;;;;;;;;;;;;;;;;;;;;;;;;;"PV SEL_02 -> ; MV -> BP_ANALOGICA:11:O.Ch5Data (BP_ANALOGICA:11:O.Ch5Data); la entrada es un tag REAL interno sin escritor en el XML; ORef BP_ANALOGICA:11:O.Ch5Data (direccion fisica)";L5X_Produccion/Calderas_8_9_10_Desaireador.L5X;Calderas_8_9_10_Desaireador;;;;;;;;;;NO_APLICA;;;;
AUDITORIA_FRONTERA_22;FRONTERA_3_4_AUDITORIA;;;;;;;;PID_PULMON_LAVADO;;REVISION_SIN_LAZO_NUEVO;"Sin extremo único/variable inequívoca o ya catalogado; no crear familia nueva";NO;;;;;;;;;;;;;;;;;;;;;;;;;;;;;;;;;;;;;;;;"PV LT_PULMON_LAVADO -> Local:2:I.Ch[2].Data (Local:2:I.Ch[2].Data); MV -> ; salida sin direccion fisica resuelta";L5X_Produccion/cenizas2020.L5X;cenizas2020;;;;;;;;;;NO_APLICA;;;;
AUDITORIA_FRONTERA_22;FRONTERA_3_4_AUDITORIA;;;;;;;;PID_TK_AGUA_LIMPIA;;REVISION_SIN_LAZO_NUEVO;"Sin extremo único/variable inequívoca o ya catalogado; no crear familia nueva";NO;;;;;;;;;;;;;;;;;;;;;;;;;;;;;;;;;;;;;;;;"PV LT_TK_AGUA_LIMPIA -> Local:9:I.Ch[1].Data (Local:9:I.Ch[1].Data); MV -> ; salida sin direccion fisica resuelta";L5X_Produccion/cenizas2020.L5X;cenizas2020;;;;;;;;;;NO_APLICA;;;;
AUDITORIA_FRONTERA_22;FRONTERA_3_4_AUDITORIA;;;;;;;;PID_CONTROL_NIVEL_1ER_EFECTO;;REVISION_SIN_LAZO_NUEVO;"Sin extremo único/variable inequívoca o ya catalogado; no crear familia nueva";NO;;;;;;;;;;;;;;;;;;;;;;;;;;;;;;;;;;;;;;;;"PV B_LT_VASO_1ER_EFECTO_A.Out -> ; MV -> EVAPORADOR:6:O.Ch0Data (EVAPORADOR:6:O.Ch0Data); la entrada es un tag REAL interno sin escritor en el XML; ORef EVAPORADOR:6:O.Ch0Data (direccion fisica)";L5X_Produccion/DESTILERIA.L5X;DESTILERIA;;;;;;;;;;NO_APLICA;;;;
AUDITORIA_FRONTERA_22;FRONTERA_3_4_AUDITORIA;;;;;;;;PID_CONTROL_NIVEL_TK_CONDENSADO;;REVISION_SIN_LAZO_NUEVO;"Sin extremo único/variable inequívoca o ya catalogado; no crear familia nueva";NO;;;;;;;;;;;;;;;;;;;;;;;;;;;;;;;;;;;;;;;;"PV LT_TK_CONDENSADO -> EVAPORADOR:2:I.Ch1Data (EVAPORADOR:2:I.Ch1Data); MV -> ; salida sin direccion fisica resuelta";L5X_Produccion/DESTILERIA.L5X;DESTILERIA;;;;;;;;;;NO_APLICA;;;;
AUDITORIA_FRONTERA_22;FRONTERA_3_4_AUDITORIA;;;;;;;;PID_CONTROL_QUIEBRE_VACIO;;REVISION_SIN_LAZO_NUEVO;"Sin extremo único/variable inequívoca o ya catalogado; no crear familia nueva";NO;;;;;;;;;;;;;;;;;;;;;;;;;;;;;;;;;;;;;;;;"PV B_PT_VASO_1ER_EFECTO.Out -> ; MV -> EVAPORADOR:6:O.Ch2Data (EVAPORADOR:6:O.Ch2Data); la entrada es un tag REAL interno sin escritor en el XML; ORef EVAPORADOR:6:O.Ch2Data (direccion fisica)";L5X_Produccion/DESTILERIA.L5X;DESTILERIA;;;;;;;;;;NO_APLICA;;;;
AUDITORIA_FRONTERA_22;FRONTERA_3_4_AUDITORIA;;;;;;;;B_Ctrl_VALV_CAUDAL_MELADO;;REVISION_SIN_LAZO_NUEVO;"Par físico trazado, pero 200_FT/FIC/FV_085 ya figura en producción; salida compartida con B_Ctrl_GRADO_BRIX_JUGO. No crear segundo lazo.";NO;;;;;;;;;;;;;;;;;;;;;;;;;;;;;;;;;;;;;;;;"PV FT_MELADO_TRATADO -> jw_fermerntacion_2022:5:I.Ch[1].Data (jw_fermerntacion_2022:5:I.Ch[1].Data); MV -> jw_fermerntacion_2022:11:O.Ch7Data (jw_fermerntacion_2022:11:O.Ch7Data); entrada y salida con direccion fisica unica";L5X_Produccion/DESTILERIA.L5X;DESTILERIA;;;;;;;;;;NO_APLICA;;;;
AUDITORIA_FRONTERA_22;FRONTERA_3_4_AUDITORIA;;;;;;;;CONTROL_NIVEL_BBA_DESTILADORA;;REVISION_SIN_LAZO_NUEVO;"Sin extremo único/variable inequívoca o ya catalogado; no crear familia nueva";NO;;;;;;;;;;;;;;;;;;;;;;;;;;;;;;;;;;;;;;;;"PV LT_COLUMNA_DESTILADORA_CD101 -> fermerntacion2022_islas:3:I.Ch[1].Data (fermerntacion2022_islas:3:I.Ch[1].Data); MV -> ; salida sin direccion fisica resuelta; bloque SCL (pin Out -> in); ORef REF_BBA_VINAZA_COLUMNA_DESTILADORA no es alias ni modulo fisico";L5X_Produccion/DESTILERIA.L5X;DESTILERIA;;;;;;;;;;NO_APLICA;;;;
AUDITORIA_FRONTERA_22;FRONTERA_3_4_AUDITORIA;;;;;;;;PID_Ctrol_Grado_Alcohol;;SUPERADO_POR_LAZO_V3;"Entrada HART secundaria y salida física visibles, pero DENSIDAD_ALCOHOL no fija variable ISA inequívoca; no numerar.; completado como grupo candidato v3 por decisión de ingeniería; fila de auditoría no operacional";NO;;;;;;;;;;;;;;;;;;;;;;;;;;;;;;;;;;;;;;;;"PV DENSIDAD_ALCOHOL -> fermerntacion2022_islas:2:I.HART.Ch4SV (fermerntacion2022_islas:2:I.HART.Ch4SV); MV -> fermerntacion2022_islas:8:O.Ch4Data (fermerntacion2022_islas:8:O.Ch4Data); entrada y salida con direccion fisica unica";L5X_Produccion/DESTILERIA.L5X;DESTILERIA;;;RESUELTO_INGENIERIA;;;;;;;NO_APLICA;;;;
AUDITORIA_FRONTERA_22;FRONTERA_3_4_AUDITORIA;;;;;;;;CONTROL_NIVEL_TK_SUR;;SUPERADO_POR_LAZO_V3;"AGUA_CONDENSADA: MV alimenta IS_BBA_NORTE_TK_SUR y IS_BBA_SUR_TK_SUR; en rutina ESCALADOS, SCL_IS_BBA_NORTE_TK_SUR Out -> AGUA_CONDENSADA:5:O.Ch01.Data y SCL_IS_BBA_SUR_TK_SUR Out -> AGUA_CONDENSADA:5:O.Ch00.Data. Dos salidas físicas demostradas, pero el destino del tanque no prueba área ISA. PENDIENTE_AREA, sin número.; completado como grupo candidato v3 por decisión de ingeniería; fila de auditoría no operacional";NO;;;;;;;;;;;;;;;;;;;;;;;;;;;;;;;;;;;;;;;;"PV LT_TK_SUR -> AGUA_CONDENSADA:1:I.Ch06.Data (AGUA_CONDENSADA:1:I.Ch06.Data); MV -> ; salida sin direccion fisica resuelta; ORef IS_BBA_NORTE_TK_SUR no es alias ni modulo fisico; ORef IS_BBA_SUR_TK_SUR no es alias ni modulo fisico";L5X_Produccion/FABRICA.L5X;FABRICA;;;RESUELTO_INGENIERIA;;;;;;;NO_APLICA;;;;
AUDITORIA_FRONTERA_22;FRONTERA_3_4_AUDITORIA;;;;;;;;B_PC_ESC_DEST;;REVISION_SIN_LAZO_NUEVO;"Sin extremo único/variable inequívoca o ya catalogado; no crear familia nueva";NO;;;;;;;;;;;;;;;;;;;;;;;;;;;;;;;;;;;;;;;;"PV \FAB_ESCALADOS.CCV_PT_VAP_DESTILERIA -> CCV_S8_PT_VAP_DESTILERIA (ISLA_FAB_AI:8:I.Ch7Data); MV -> ; salida sin direccion fisica resuelta";L5X_Produccion/FABRICA.L5X;FABRICA;;;;;;;;;;NO_APLICA;;;;
AUDITORIA_FRONTERA_22;FRONTERA_3_4_AUDITORIA;;;;;;;;B_PC_VG1R_FAB;;REVISION_SIN_LAZO_NUEVO;"Sin extremo único/variable inequívoca o ya catalogado; no crear familia nueva";NO;;;;;;;;;;;;;;;;;;;;;;;;;;;;;;;;;;;;;;;;"PV \FAB_ESCALADOS.CCV_PT_VAP_VG1 -> CCV_S7_PT_VAP_VG1 (ISLA_FAB_AI:7:I.Ch5Data); MV -> ; salida sin direccion fisica resuelta";L5X_Produccion/FABRICA.L5X;FABRICA;;;;;;;;;;NO_APLICA;;;;
AUDITORIA_FRONTERA_22;FRONTERA_3_4_AUDITORIA;;;;;;;;CONTROL_CAUDAL_JUGO_DEST;;REVISION_SIN_LAZO_NUEVO;"Sin extremo único/variable inequívoca o ya catalogado; no crear familia nueva";NO;;;;;;;;;;;;;;;;;;;;;;;;;;;;;;;;;;;;;;;;"PV B_FT_JUGO_DEST.Out -> ; MV -> FLEX5000_MIELES:2:O.Ch01.Data (FLEX5000_MIELES:2:O.Ch01.Data) | FLEX5000_MIELES:2:O.Ch02.Data (FLEX5000_MIELES:2:O.Ch02.Data); la salida alcanza 2 direcciones fisicas distintas";L5X_Produccion/FABRICA.L5X;FABRICA;;;;;;;;;;NO_APLICA;;;;
AUDITORIA_FRONTERA_22;FRONTERA_3_4_AUDITORIA;;;;;;;;B_LC_CAJA_11;;REVISION_SIN_LAZO_NUEVO;"Sin extremo único/variable inequívoca o ya catalogado; no crear familia nueva";NO;;;;;;;;;;;;;;;;;;;;;;;;;;;;;;;;;;;;;;;;"PV \FAB_ESCALADOS.EVAP_LT_C11 -> EVAP_S4_LT_CAJA_11 (ISLA_FAB_AI:4:I.Ch[2].Data); MV -> ; salida sin direccion fisica resuelta";L5X_Produccion/FABRICA.L5X;FABRICA;;;;;;;;;;NO_APLICA;;;;
AUDITORIA_FRONTERA_22;FRONTERA_3_4_AUDITORIA;;;;;;;;B_LC_CAJA_6;;REVISION_SIN_LAZO_NUEVO;"Sin extremo único/variable inequívoca o ya catalogado; no crear familia nueva";NO;;;;;;;;;;;;;;;;;;;;;;;;;;;;;;;;;;;;;;;;"PV \FAB_ESCALADOS.EVAP_LT_C6 -> EVAP_S3_LT_CAJA_6 (ISLA_FAB_AI:3:I.Ch[5].Data); MV -> ; salida sin direccion fisica resuelta";L5X_Produccion/FABRICA.L5X;FABRICA;;;;;;;;;;NO_APLICA;;;;
AUDITORIA_FRONTERA_22;FRONTERA_3_4_AUDITORIA;;;;;;;;B_LC_COND_CAJA_6;;REVISION_SIN_LAZO_NUEVO;"Sin extremo único/variable inequívoca o ya catalogado; no crear familia nueva";NO;;;;;;;;;;;;;;;;;;;;;;;;;;;;;;;;;;;;;;;;"PV \FAB_ESCALADOS.EVAP_LT_C6_7_8 -> EVAP_S5_LT_CAJA_6_7_8_COND (ISLA_FAB_AI:5:I.Ch[0].Data); MV -> ; salida sin direccion fisica resuelta";L5X_Produccion/FABRICA.L5X;FABRICA;;;;;;;;;;NO_APLICA;;;;
AUDITORIA_FRONTERA_22;FRONTERA_3_4_AUDITORIA;;;;;;;;B_LC_COND_CAJA_7_8;;REVISION_SIN_LAZO_NUEVO;"Sin extremo único/variable inequívoca o ya catalogado; no crear familia nueva";NO;;;;;;;;;;;;;;;;;;;;;;;;;;;;;;;;;;;;;;;;"PV \FAB_ESCALADOS.EVAP_LT_C6_7_8 -> EVAP_S5_LT_CAJA_6_7_8_COND (ISLA_FAB_AI:5:I.Ch[0].Data); MV -> ; salida sin direccion fisica resuelta";L5X_Produccion/FABRICA.L5X;FABRICA;;;;;;;;;;NO_APLICA;;;;
TRAZADO_XML_FRONTERA_22;CORRECCION_FINAL_FRONTERA;UPDATE;100_LXV_032;100_LY_032;1213;100;L;32;B_Ctrl_JUGO_1ERA_EXTRACCION;VDF_1ERA_EXTRACCION_SUR:O.Reference;NO_INSERTAR_REVISION;Cambio de función propuesto: salida PowerFlex 753 (variador), no válvula. LT/LIC de lazo 032 intactos.;NO;;;;;;;;;;;;;;;;;;;;;;;;;;;;;;;;;;;;;;;;"LT_JUGO_1ERA_EXTRACCION <- nodo 74 (pin in) en ESCALADOS/NIVELES <- bloque SCL (pin InEUMin) en ESCALADOS/NIVELES <- constante 0 <- bloque SCL (pin Limiting) en ESCALADOS/NIVELES <- constante 1 <- bloque SCL (pin InEUMax) en ESCALADOS/NIVELES; bloque SCL (pin Out -> in) ; ORef VDF_1ERA_EXTRACCION_SUR:O.Reference (modulo VDF_1ERA_EXTRACCION_SUR:O.PowerFlex 753-ENETR)";L5X_Produccion/TRAPICHE2022.L5X;TRAPICHE2022;CERRADO_YA_PRODUCCION_CORREGIR_FUNCION;;;;;;;;;HOMOLOGADO;;;;
AUDITORIA_FRONTERA_22;FRONTERA_3_4_AUDITORIA;;;;;;;;B_Ctrl_JUGO_1ERA_EXTRACCION;;YA_TAGUEADO_EN_PRODUCCION_REVISAR_FUNCION;"Grupo completo pero ya catalogado; corregir final Y en operaciones adjuntas";NO;;;;;;;;;;;;;;;;;;;;;;;;;;;;;;;;;;;;;;;;"PV LT_JUGO_1ERA_EXTRACCION -> Local:7:I.Ch[5].Data (Local:7:I.Ch[5].Data); MV -> VDF_1ERA_EXTRACCION_SUR:O.Reference (VDF_1ERA_EXTRACCION_SUR:O.PowerFlex 753-ENETR); entrada y salida con direccion fisica unica";L5X_Produccion/TRAPICHE2022.L5X;TRAPICHE2022;;;;;;;;;;NO_APLICA;;;;
AUDITORIA_FRONTERA_22;FRONTERA_3_4_AUDITORIA;;;;;;;;CONTROL_CINTA_R_2_02;;REVISION_SIN_LAZO_NUEVO;"Sin extremo único/variable inequívoca o ya catalogado; no crear familia nueva";NO;;;;;;;;;;;;;;;;;;;;;;;;;;;;;;;;;;;;;;;;"PV \ESCALADOS.NIVEL_CONDUCTOR_mts -> Local:8:I.Ch[6].Data (Local:8:I.Ch[6].Data); MV -> ; salida sin direccion fisica resuelta; pines MV cableados: MV";L5X_Produccion/TRAPICHE2022.L5X;TRAPICHE2022;;;;;;;;;;NO_APLICA;;;;
INGENIERIA_290926_DENSIDAD;LAZO_NUEVO_DENSIDAD;INSERT;;200_DT_020;;200;D;20;DENSIDAD_ALCOHOL;fermerntacion2022_islas:2:I.HART.Ch4SV;NO_INSERTAR_REVISION;"Área 200 y D autorizadas por ingeniería; función final V designada por ingeniería, confirmar dispositivo en campo";NO;;;;;;;;;;;;;;;;;;;;;;;;;;;;;;;;;;;;;;;;;;DESTILERIA;;"DENSIDAD_ALCOHOL <- nodo 116 (pin in) en JW/ESCLADOS_PT_FT_LT_TT <- bloque SCL (pin InEUMin) en JW/ESCLADOS_PT_FT_LT_TT <- constante 0.0 <- bloque SCL (pin Limiting) en JW/ESCLADOS_PT_FT_LT_TT <- constante 1 <- bloque SCL (pin InEUMax) en JW/ESCLADOS_PT_FT_LT_TT; ORef fermerntacion2022_islas:8:O.Ch4Data (direccion fisica)";NO_INSERTAR_REVISION;;;;;;;HOMOLOGADO;200_DT_024;24;;lazo nuevo del área 200: 24 → 20
INGENIERIA_290926_DENSIDAD;LAZO_NUEVO_DENSIDAD;INSERT;;200_DIC_020;;200;D;20;PID_Ctrol_Grado_Alcohol;;NO_INSERTAR_REVISION;"Área 200 y D autorizadas por ingeniería; función final V designada por ingeniería, confirmar dispositivo en campo";NO;;;;;;;;;;;;;;;;;;;;;;;;;;;;;;;;;;;;;;;;;;DESTILERIA;;"DENSIDAD_ALCOHOL <- nodo 116 (pin in) en JW/ESCLADOS_PT_FT_LT_TT <- bloque SCL (pin InEUMin) en JW/ESCLADOS_PT_FT_LT_TT <- constante 0.0 <- bloque SCL (pin Limiting) en JW/ESCLADOS_PT_FT_LT_TT <- constante 1 <- bloque SCL (pin InEUMax) en JW/ESCLADOS_PT_FT_LT_TT; ORef fermerntacion2022_islas:8:O.Ch4Data (direccion fisica)";NO_INSERTAR_REVISION;;;;;;;HOMOLOGADO;200_DIC_024;24;;lazo nuevo del área 200: 24 → 20
INGENIERIA_290926_DENSIDAD;LAZO_NUEVO_DENSIDAD;INSERT;;200_DV_020;;200;D;20;fermerntacion2022_islas:8:O.Ch4Data;fermerntacion2022_islas:8:O.Ch4Data;NO_INSERTAR_REVISION;"Área 200 y D autorizadas por ingeniería; función final V designada por ingeniería, confirmar dispositivo en campo";NO;;;;;;;;;;;;;;;;;;;;;;;;;;;;;;;;;;;;;;;;;;DESTILERIA;;"DENSIDAD_ALCOHOL <- nodo 116 (pin in) en JW/ESCLADOS_PT_FT_LT_TT <- bloque SCL (pin InEUMin) en JW/ESCLADOS_PT_FT_LT_TT <- constante 0.0 <- bloque SCL (pin Limiting) en JW/ESCLADOS_PT_FT_LT_TT <- constante 1 <- bloque SCL (pin InEUMax) en JW/ESCLADOS_PT_FT_LT_TT; ORef fermerntacion2022_islas:8:O.Ch4Data (direccion fisica)";NO_INSERTAR_REVISION;;;;;;;HOMOLOGADO;200_DV_024;24;;lazo nuevo del área 200: 24 → 20
INGENIERIA_290926_TK_SUR;LAZO_NUEVO_TK_SUR;INSERT;;500_LT_001;;500;L;1;LT_TK_SUR;AGUA_CONDENSADA:1:I.Ch06.Data;NO_INSERTAR_REVISION;"Área 500 y función Y confirmadas por ingeniería; dos canales de salida trazados cruzando ESCALADOS";NO;;;;;;;;;;;;;;;;;;;;;;;;;;;;;;;;;;;;;;;;;;FABRICA;;"FABRICA.L5X AGUA_CONDENSADA/CONTROL_NIVEL -> IS_BBA_NORTE/SUR_TK_SUR; ESCALADOS SCL_... Out -> ORef Ch01/Ch00";NO_INSERTAR_REVISION;;;;;;;HOMOLOGADO;500_LT_001;1;;sin cambio
INGENIERIA_290926_TK_SUR;LAZO_NUEVO_TK_SUR;INSERT;;500_LIC_001;;500;L;1;CONTROL_NIVEL_TK_SUR;;NO_INSERTAR_REVISION;"Área 500 y función Y confirmadas por ingeniería; dos canales de salida trazados cruzando ESCALADOS";NO;;;;;;;;;;;;;;;;;;;;;;;;;;;;;;;;;;;;;;;;;;FABRICA;;"FABRICA.L5X AGUA_CONDENSADA/CONTROL_NIVEL -> IS_BBA_NORTE/SUR_TK_SUR; ESCALADOS SCL_... Out -> ORef Ch01/Ch00";NO_INSERTAR_REVISION;;;;;;;HOMOLOGADO;500_LIC_001;1;;sin cambio
INGENIERIA_290926_TK_SUR;LAZO_NUEVO_TK_SUR;INSERT;;500_LY_001A;;500;L;1;IS_BBA_NORTE_TK_SUR;AGUA_CONDENSADA:5:O.Ch01.Data;NO_INSERTAR_REVISION;"Área 500 y función Y confirmadas por ingeniería; dos canales de salida trazados cruzando ESCALADOS";NO;;;;;;;;;;;;;;;;;;;;;;;;;;;;;;;;;;;;;;;;;;FABRICA;;"FABRICA.L5X AGUA_CONDENSADA/CONTROL_NIVEL -> IS_BBA_NORTE/SUR_TK_SUR; ESCALADOS SCL_... Out -> ORef Ch01/Ch00";NO_INSERTAR_REVISION;;;;;;;HOMOLOGADO;500_LY_001A;1;;sin cambio
INGENIERIA_290926_TK_SUR;LAZO_NUEVO_TK_SUR;INSERT;;500_LY_001B;;500;L;1;IS_BBA_SUR_TK_SUR;AGUA_CONDENSADA:5:O.Ch00.Data;NO_INSERTAR_REVISION;"Área 500 y función Y confirmadas por ingeniería; dos canales de salida trazados cruzando ESCALADOS";NO;;;;;;;;;;;;;;;;;;;;;;;;;;;;;;;;;;;;;;;;;;FABRICA;;"FABRICA.L5X AGUA_CONDENSADA/CONTROL_NIVEL -> IS_BBA_NORTE/SUR_TK_SUR; ESCALADOS SCL_... Out -> ORef Ch01/Ch00";NO_INSERTAR_REVISION;;;;;;;HOMOLOGADO;500_LY_001B;1;;sin cambio
RESCATE_XML_241_V3;MONITOREO_SIN_LAZO_V3;INSERT;;200_FT_021;;200;F;21;FT_JUGO;jw_fermerntacion_2022:6:I.Ch[1].Data;NO_INSERTAR_REVISION;"Entrada física única; primera PV=FT_JUGO; identidad histórica FT_JUGO; propuesta para revisión de campo/área y pertenencia a lazo, no alta";NO;;;;;;;;;;;;;;;;;;;;;;;;;;;;;;;;;;;;;;;;;;DESTILERIA;;"DESTILERIA.L5X Program:FERMENTACION.FT_JUGO → ['FT_JUGO <- nodo 138 (pin in) en FERMENTACION/ESCALADOS_PT_FT_LT_TT', 'bloque SCL (pin InEUMin) en FERMENTACION/ESCALADOS_PT_FT_LT_TT', 'constante 0', 'bloque SCL (pin Limiting) en FERMENTACION/ESCALADOS_PT_FT_LT_TT', 'constante 0', 'bloque SCL (pin InRawMax) en FERMENTACION/ESCALADOS_PT_FT_LT_TT', 'constante 20.0', 'bloque SCL (pin InEUMax) en FERMENTACION/ESCALADOS_PT_FT_LT_TT', 'constante 270', 'bloque SCL (pin InRawMin) en FERMENTACION/ESCALADOS_PT_FT_LT_TT', 'constante 4.0', 'bloque SCL (pin In) en FERMENTACION/ESCALADOS_PT_FT_LT_TT', 'Slot_FT_JUGO (AliasFor jw_fermerntacion_2022:6:I.Ch[1].Data)']; módulo jw_fermerntacion_2022:6:I.Ch[1].Data; área 200 por programa/sector";NO_INSERTAR_REVISION;;;;;;;HOMOLOGADO;200_FT_025;25;;lazo nuevo del área 200: 25 → 21
RESCATE_XML_241_V3;MONITOREO_SIN_LAZO_V3;INSERT;;200_LT_022;;200;L;22;LT_TK_VINO;jw_fermerntacion_2022:6:I.Ch[7].Data;NO_INSERTAR_REVISION;"Entrada física única; primera PV=LT_TK_VINO; identidad histórica LT_TK_VINO; propuesta para revisión de campo/área y pertenencia a lazo, no alta";NO;;;;;;;;;;;;;;;;;;;;;;;;;;;;;;;;;;;;;;;;;;DESTILERIA;;"DESTILERIA.L5X Program:FERMENTACION.LT_TK_VINO → ['LT_TK_VINO <- nodo 673 (pin in) en FERMENTACION/ESCALADOS_PT_FT_LT_TT', 'bloque SCL (pin InEUMin) en FERMENTACION/ESCALADOS_PT_FT_LT_TT', 'constante 0.0', 'bloque SCL (pin InEUMax) en FERMENTACION/ESCALADOS_PT_FT_LT_TT', 'constante 1333.33', 'bloque SCL (pin InRawMax) en FERMENTACION/ESCALADOS_PT_FT_LT_TT', 'constante 20.0', 'bloque SCL (pin InRawMin) en FERMENTACION/ESCALADOS_PT_FT_LT_TT', 'constante 4.0', 'bloque SCL (pin In) en FERMENTACION/ESCALADOS_PT_FT_LT_TT', 'Slot_LT_TK_VINO (AliasFor jw_fermerntacion_2022:6:I.Ch[7].Data)']; módulo jw_fermerntacion_2022:6:I.Ch[7].Data; área 200 por programa/sector";NO_INSERTAR_REVISION;;;;;;;HOMOLOGADO;200_LT_026;26;;lazo nuevo del área 200: 26 → 22
RESCATE_XML_241_V3;MONITOREO_SIN_LAZO_V3;INSERT;;200_TT_023;;200;T;23;TT_MOSTO;jw_fermerntacion_2022:9:I.Ch0Data;NO_INSERTAR_REVISION;"Entrada física única; primera PV=TT_MOSTO; identidad histórica TT_MOSTO; propuesta para revisión de campo/área y pertenencia a lazo, no alta";NO;;;;;;;;;;;;;;;;;;;;;;;;;;;;;;;;;;;;;;;;;;DESTILERIA;;"DESTILERIA.L5X Program:FERMENTACION.TT_MOSTO → ['TT_MOSTO <- nodo 814 (pin in) en FERMENTACION/ESCALADOS_PT_FT_LT_TT', 'jw_fermerntacion_2022:9:I.Ch0Data (direccion fisica de modulo)']; módulo jw_fermerntacion_2022:9:I.Ch0Data; área 200 por programa/sector";NO_INSERTAR_REVISION;;;;;;;HOMOLOGADO;200_TT_027;27;;lazo nuevo del área 200: 27 → 23
RESCATE_XML_241_V3;MONITOREO_SIN_LAZO_V3;INSERT;;200_FT_024;;200;F;24;FT_ALCOHOL_JW;fermerntacion2022_islas:3:I.Ch[5].Data;NO_INSERTAR_REVISION;"Entrada física única; primera PV=FT_ALCOHOL_JW; identidad histórica FT_CAUDAL_ALCOHOL_m3; propuesta para revisión de campo/área y pertenencia a lazo, no alta";NO;;;;;;;;;;;;;;;;;;;;;;;;;;;;;;;;;;;;;;;;;;DESTILERIA;;"DESTILERIA.L5X Program:JW.FT_CAUDAL_ALCOHOL_m3 → ['FT_CAUDAL_ALCOHOL_m3 <- nodo 344 (pin in) en JW/ESCLADOS_PT_FT_LT_TT', 'bloque DIV (pin SourceB) en JW/ESCLADOS_PT_FT_LT_TT', 'constante 1000', 'bloque DIV (pin SourceA) en JW/ESCLADOS_PT_FT_LT_TT', 'bloque SCL (pin InEUMin) en JW/ESCLADOS_PT_FT_LT_TT', 'constante 0', 'bloque SCL (pin Limiting) en JW/ESCLADOS_PT_FT_LT_TT', 'constante 1', 'bloque SCL (pin InEUMax) en JW/ESCLADOS_PT_FT_LT_TT', 'constante 100000', 'bloque SCL (pin InRawMax) en JW/ESCLADOS_PT_FT_LT_TT', 'constante 20', 'bloque SCL (pin InRawMin) en JW/ESCLADOS_PT_FT_LT_TT', 'constante 4', 'bloque SCL (pin In) en JW/ESCLADOS_PT_FT_LT_TT', 'fermerntacion2022_islas:3:I.Ch[5].Data (direccion fisica de modulo)']; módulo fermerntacion2022_islas:3:I.Ch[5].Data; área 200 por programa/sector";NO_INSERTAR_REVISION;;;;;;;HOMOLOGADO;200_FT_028;28;;lazo nuevo del área 200: 28 → 24
RESCATE_XML_241_V3;MONITOREO_SIN_LAZO_V3;INSERT;;200_PT_025;;200;P;25;PT_VAPOR_ENTRADA;fermerntacion2022_islas:2:I.Ch1Data;NO_INSERTAR_REVISION;"Entrada física única; primera PV=PT_VAPOR_ENTRADA; identidad histórica PT_VAPOR_ENTRADA; propuesta para revisión de campo/área y pertenencia a lazo, no alta";NO;;;;;;;;;;;;;;;;;;;;;;;;;;;;;;;;;;;;;;;;;;DESTILERIA;;"DESTILERIA.L5X Program:JW.PT_VAPOR_ENTRADA → ['PT_VAPOR_ENTRADA <- nodo 120 (pin in) en JW/ESCLADOS_PT_FT_LT_TT', 'bloque SCL (pin InEUMin) en JW/ESCLADOS_PT_FT_LT_TT', 'constante 0.0', 'bloque SCL (pin Limiting) en JW/ESCLADOS_PT_FT_LT_TT', 'constante 1', 'bloque SCL (pin InEUMax) en JW/ESCLADOS_PT_FT_LT_TT', 'constante 1400.0', 'bloque SCL (pin InRawMax) en JW/ESCLADOS_PT_FT_LT_TT', 'constante 20.0', 'bloque SCL (pin InRawMin) en JW/ESCLADOS_PT_FT_LT_TT', 'constante 4.0', 'bloque SCL (pin In) en JW/ESCLADOS_PT_FT_LT_TT', 'fermerntacion2022_islas:2:I.Ch1Data (direccion fisica de modulo)']; módulo fermerntacion2022_islas:2:I.Ch1Data; área 200 por programa/sector";NO_INSERTAR_REVISION;;;;;;;HOMOLOGADO;200_PT_029;29;;lazo nuevo del área 200: 29 → 25
RESCATE_XML_241_V3;MONITOREO_SIN_LAZO_V3;INSERT;;200_TT_026;;200;T;26;TT_101_BASE_DESTILADORA;fermerntacion2022_islas:4:I.Ch0Data;NO_INSERTAR_REVISION;"Entrada física única; primera PV=TT_101_BASE_DESTILADORA; identidad histórica TT_101_BASE_DESTILADORA; propuesta para revisión de campo/área y pertenencia a lazo, no alta";NO;;;;;;;;;;;;;;;;;;;;;;;;;;;;;;;;;;;;;;;;;;DESTILERIA;;"DESTILERIA.L5X Program:JW.TT_101_BASE_DESTILADORA → ['TT_101_BASE_DESTILADORA <- nodo 121 (pin in) en JW/ESCLADOS_PT_FT_LT_TT', 'fermerntacion2022_islas:4:I.Ch0Data (direccion fisica de modulo)']; módulo fermerntacion2022_islas:4:I.Ch0Data; área 200 por programa/sector";NO_INSERTAR_REVISION;;;;;;;HOMOLOGADO;200_TT_030;30;;lazo nuevo del área 200: 30 → 26
RESCATE_XML_241_V3;MONITOREO_SIN_LAZO_V3;INSERT;;200_TT_027;;200;T;27;TT_102_CABEZA_DESTILADORA;fermerntacion2022_islas:4:I.Ch1Data;NO_INSERTAR_REVISION;"Entrada física única; primera PV=TT_102_CABEZA_DESTILADORA; identidad histórica TT_102_CABEZA_DESTILADORA; propuesta para revisión de campo/área y pertenencia a lazo, no alta";NO;;;;;;;;;;;;;;;;;;;;;;;;;;;;;;;;;;;;;;;;;;DESTILERIA;;"DESTILERIA.L5X Program:JW.TT_102_CABEZA_DESTILADORA → ['TT_102_CABEZA_DESTILADORA <- nodo 122 (pin in) en JW/ESCLADOS_PT_FT_LT_TT', 'fermerntacion2022_islas:4:I.Ch1Data (direccion fisica de modulo)']; módulo fermerntacion2022_islas:4:I.Ch1Data; área 200 por programa/sector";NO_INSERTAR_REVISION;;;;;;;HOMOLOGADO;200_TT_031;31;;lazo nuevo del área 200: 31 → 27
RESCATE_XML_241_V3;MONITOREO_SIN_LAZO_V3;INSERT;;200_TT_028;;200;T;28;TT_103_PRECAL_VINO;fermerntacion2022_islas:4:I.Ch2Data;NO_INSERTAR_REVISION;"Entrada física única; primera PV=TT_103_PRECAL_VINO; identidad histórica TT_103_PRECAL_VINO; propuesta para revisión de campo/área y pertenencia a lazo, no alta";NO;;;;;;;;;;;;;;;;;;;;;;;;;;;;;;;;;;;;;;;;;;DESTILERIA;;"DESTILERIA.L5X Program:JW.TT_103_PRECAL_VINO → ['TT_103_PRECAL_VINO <- nodo 123 (pin in) en JW/ESCLADOS_PT_FT_LT_TT', 'fermerntacion2022_islas:4:I.Ch2Data (direccion fisica de modulo)']; módulo fermerntacion2022_islas:4:I.Ch2Data; área 200 por programa/sector";NO_INSERTAR_REVISION;;;;;;;HOMOLOGADO;200_TT_032;32;;lazo nuevo del área 200: 32 → 28
RESCATE_XML_241_V3;MONITOREO_SIN_LAZO_V3;INSERT;;200_TT_029;;200;T;29;TT_104_SAL_PRECAL_VINO;fermerntacion2022_islas:4:I.Ch3Data;NO_INSERTAR_REVISION;"Entrada física única; primera PV=TT_104_SAL_PRECAL_VINO; identidad histórica TT_104_SAL_PRECAL_VINO; propuesta para revisión de campo/área y pertenencia a lazo, no alta";NO;;;;;;;;;;;;;;;;;;;;;;;;;;;;;;;;;;;;;;;;;;DESTILERIA;;"DESTILERIA.L5X Program:JW.TT_104_SAL_PRECAL_VINO → ['TT_104_SAL_PRECAL_VINO <- nodo 124 (pin in) en JW/ESCLADOS_PT_FT_LT_TT', 'fermerntacion2022_islas:4:I.Ch3Data (direccion fisica de modulo)']; módulo fermerntacion2022_islas:4:I.Ch3Data; área 200 por programa/sector";NO_INSERTAR_REVISION;;;;;;;HOMOLOGADO;200_TT_033;33;;lazo nuevo del área 200: 33 → 29
RESCATE_XML_241_V3;MONITOREO_SIN_LAZO_V3;INSERT;;200_TT_030;;200;T;30;TT_105_CONDENSADOR_TC101;fermerntacion2022_islas:4:I.Ch4Data;NO_INSERTAR_REVISION;"Entrada física única; primera PV=TT_105_CONDENSADOR_TC101; identidad histórica TT_105_CONDENSADOR_TC101; propuesta para revisión de campo/área y pertenencia a lazo, no alta";NO;;;;;;;;;;;;;;;;;;;;;;;;;;;;;;;;;;;;;;;;;;DESTILERIA;;"DESTILERIA.L5X Program:JW.TT_105_CONDENSADOR_TC101 → ['TT_105_CONDENSADOR_TC101 <- nodo 125 (pin in) en JW/ESCLADOS_PT_FT_LT_TT', 'fermerntacion2022_islas:4:I.Ch4Data (direccion fisica de modulo)']; módulo fermerntacion2022_islas:4:I.Ch4Data; área 200 por programa/sector";NO_INSERTAR_REVISION;;;;;;;HOMOLOGADO;200_TT_034;34;;lazo nuevo del área 200: 34 → 30
RESCATE_XML_241_V3;MONITOREO_SIN_LAZO_V3;INSERT;;200_TT_031;;200;T;31;TT_107_DESGASIFICADOR_TC102;fermerntacion2022_islas:5:I.Ch0Data;NO_INSERTAR_REVISION;"Entrada física única; primera PV=TT_107_DESGASIFICADOR_TC102; identidad histórica TT_107_DESGASIFICADOR_TC102; propuesta para revisión de campo/área y pertenencia a lazo, no alta";NO;;;;;;;;;;;;;;;;;;;;;;;;;;;;;;;;;;;;;;;;;;DESTILERIA;;"DESTILERIA.L5X Program:JW.TT_107_DESGASIFICADOR_TC102 → ['TT_107_DESGASIFICADOR_TC102 <- nodo 127 (pin in) en JW/ESCLADOS_PT_FT_LT_TT', 'fermerntacion2022_islas:5:I.Ch0Data (direccion fisica de modulo)']; módulo fermerntacion2022_islas:5:I.Ch0Data; área 200 por programa/sector";NO_INSERTAR_REVISION;;;;;;;HOMOLOGADO;200_TT_036;36;;lazo nuevo del área 200: 36 → 31
RESCATE_XML_241_V3;MONITOREO_SIN_LAZO_V3;INSERT;;200_TT_032;;200;T;32;TT_109_VAPOR_ENTRADA;fermerntacion2022_islas:5:I.Ch2Data;NO_INSERTAR_REVISION;"Entrada física única; primera PV=TT_109_VAPOR_ENTRADA; identidad histórica TT_109_VAPOR_ENTRADA; propuesta para revisión de campo/área y pertenencia a lazo, no alta";NO;;;;;;;;;;;;;;;;;;;;;;;;;;;;;;;;;;;;;;;;;;DESTILERIA;;"DESTILERIA.L5X Program:JW.TT_109_VAPOR_ENTRADA → ['TT_109_VAPOR_ENTRADA <- nodo 129 (pin in) en JW/ESCLADOS_PT_FT_LT_TT', 'fermerntacion2022_islas:5:I.Ch2Data (direccion fisica de modulo)']; módulo fermerntacion2022_islas:5:I.Ch2Data; área 200 por programa/sector";NO_INSERTAR_REVISION;;;;;;;HOMOLOGADO;200_TT_037;37;;lazo nuevo del área 200: 37 → 32
RESCATE_XML_241_V3;MONITOREO_SIN_LAZO_V3;INSERT;;200_TT_033;;200;T;33;TT_201_BASE_RECTIFICADORA;fermerntacion2022_islas:5:I.Ch3Data;NO_INSERTAR_REVISION;"Entrada física única; primera PV=TT_201_BASE_RECTIFICADORA; identidad histórica TT_201_BASE_RECTIFICADORA; propuesta para revisión de campo/área y pertenencia a lazo, no alta";NO;;;;;;;;;;;;;;;;;;;;;;;;;;;;;;;;;;;;;;;;;;DESTILERIA;;"DESTILERIA.L5X Program:JW.TT_201_BASE_RECTIFICADORA → ['TT_201_BASE_RECTIFICADORA <- nodo 130 (pin in) en JW/ESCLADOS_PT_FT_LT_TT', 'fermerntacion2022_islas:5:I.Ch3Data (direccion fisica de modulo)']; módulo fermerntacion2022_islas:5:I.Ch3Data; área 200 por programa/sector";NO_INSERTAR_REVISION;;;;;;;HOMOLOGADO;200_TT_038;38;;lazo nuevo del área 200: 38 → 33
RESCATE_XML_241_V3;MONITOREO_SIN_LAZO_V3;INSERT;;200_TT_034;;200;T;34;TT_202_MEDIO_RECTIFICADORA;fermerntacion2022_islas:5:I.Ch4Data;NO_INSERTAR_REVISION;"Entrada física única; primera PV=TT_202_MEDIO_RECTIFICADORA; identidad histórica TT_202_MEDIO_RECTIFICADORA; propuesta para revisión de campo/área y pertenencia a lazo, no alta";NO;;;;;;;;;;;;;;;;;;;;;;;;;;;;;;;;;;;;;;;;;;DESTILERIA;;"DESTILERIA.L5X Program:JW.TT_202_MEDIO_RECTIFICADORA → ['TT_202_MEDIO_RECTIFICADORA <- nodo 131 (pin in) en JW/ESCLADOS_PT_FT_LT_TT', 'fermerntacion2022_islas:5:I.Ch4Data (direccion fisica de modulo)']; módulo fermerntacion2022_islas:5:I.Ch4Data; área 200 por programa/sector";NO_INSERTAR_REVISION;;;;;;;HOMOLOGADO;200_TT_039;39;;lazo nuevo del área 200: 39 → 34
RESCATE_XML_241_V3;MONITOREO_SIN_LAZO_V3;INSERT;;200_TT_036;;200;T;36;TT_203_CABEZA_RECTIFICADORA;fermerntacion2022_islas:5:I.Ch5Data;NO_INSERTAR_REVISION;"Entrada física única; primera PV=TT_203_CABEZA_RECTIFICADORA; identidad histórica TT_203_CABEZA_RECTIFICADORA; propuesta para revisión de campo/área y pertenencia a lazo, no alta";NO;;;;;;;;;;;;;;;;;;;;;;;;;;;;;;;;;;;;;;;;;;DESTILERIA;;"DESTILERIA.L5X Program:JW.TT_203_CABEZA_RECTIFICADORA → ['TT_203_CABEZA_RECTIFICADORA <- nodo 132 (pin in) en JW/ESCLADOS_PT_FT_LT_TT', 'fermerntacion2022_islas:5:I.Ch5Data (direccion fisica de modulo)']; módulo fermerntacion2022_islas:5:I.Ch5Data; área 200 por programa/sector";NO_INSERTAR_REVISION;;;;;;;HOMOLOGADO;200_TT_040;40;;lazo nuevo del área 200: 40 → 36
RESCATE_XML_241_V3;MONITOREO_SIN_LAZO_V3;INSERT;;200_TT_037;;200;T;37;TT_204_CONDENSADOR_TC202;fermerntacion2022_islas:6:I.Ch0Data;NO_INSERTAR_REVISION;"Entrada física única; primera PV=TT_204_CONDENSADOR_TC202; identidad histórica TT_204_CONDENSADOR_TC202; propuesta para revisión de campo/área y pertenencia a lazo, no alta";NO;;;;;;;;;;;;;;;;;;;;;;;;;;;;;;;;;;;;;;;;;;DESTILERIA;;"DESTILERIA.L5X Program:JW.TT_204_CONDENSADOR_TC202 → ['TT_204_CONDENSADOR_TC202 <- nodo 133 (pin in) en JW/ESCLADOS_PT_FT_LT_TT', 'fermerntacion2022_islas:6:I.Ch0Data (direccion fisica de modulo)']; módulo fermerntacion2022_islas:6:I.Ch0Data; área 200 por programa/sector";NO_INSERTAR_REVISION;;;;;;;HOMOLOGADO;200_TT_041;41;;lazo nuevo del área 200: 41 → 37
RESCATE_XML_241_V3;MONITOREO_SIN_LAZO_V3;INSERT;;200_TT_038;;200;T;38;TT_205_CONDENSADOR_TC203;fermerntacion2022_islas:6:I.Ch1Data;NO_INSERTAR_REVISION;"Entrada física única; primera PV=TT_205_CONDENSADOR_TC203; identidad histórica TT_205_CONDENSADOR_TC203; propuesta para revisión de campo/área y pertenencia a lazo, no alta";NO;;;;;;;;;;;;;;;;;;;;;;;;;;;;;;;;;;;;;;;;;;DESTILERIA;;"DESTILERIA.L5X Program:JW.TT_205_CONDENSADOR_TC203 → ['TT_205_CONDENSADOR_TC203 <- nodo 134 (pin in) en JW/ESCLADOS_PT_FT_LT_TT', 'fermerntacion2022_islas:6:I.Ch1Data (direccion fisica de modulo)']; módulo fermerntacion2022_islas:6:I.Ch1Data; área 200 por programa/sector";NO_INSERTAR_REVISION;;;;;;;HOMOLOGADO;200_TT_042;42;;lazo nuevo del área 200: 42 → 38
RESCATE_XML_241_V3;MONITOREO_SIN_LAZO_V3;INSERT;;200_TT_039;;200;T;39;TT_206_CONDENSADOR_TC204;fermerntacion2022_islas:6:I.Ch2Data;NO_INSERTAR_REVISION;"Entrada física única; primera PV=TT_206_CONDENSADOR_TC204; identidad histórica TT_206_CONDENSADOR_TC204; propuesta para revisión de campo/área y pertenencia a lazo, no alta";NO;;;;;;;;;;;;;;;;;;;;;;;;;;;;;;;;;;;;;;;;;;DESTILERIA;;"DESTILERIA.L5X Program:JW.TT_206_CONDENSADOR_TC204 → ['TT_206_CONDENSADOR_TC204 <- nodo 135 (pin in) en JW/ESCLADOS_PT_FT_LT_TT', 'fermerntacion2022_islas:6:I.Ch2Data (direccion fisica de modulo)']; módulo fermerntacion2022_islas:6:I.Ch2Data; área 200 por programa/sector";NO_INSERTAR_REVISION;;;;;;;HOMOLOGADO;200_TT_043;43;;lazo nuevo del área 200: 43 → 39
RESCATE_XML_241_V3;MONITOREO_SIN_LAZO_V3;INSERT;;200_TT_040;;200;T;40;TT_208_ALCOHOL_HIDRATADO;fermerntacion2022_islas:6:I.Ch4Data;NO_INSERTAR_REVISION;"Entrada física única; primera PV=TT_208_ALCOHOL_HIDRATADO; identidad histórica TT_208_ALCOHOL_HIDRATADO; propuesta para revisión de campo/área y pertenencia a lazo, no alta";NO;;;;;;;;;;;;;;;;;;;;;;;;;;;;;;;;;;;;;;;;;;DESTILERIA;;"DESTILERIA.L5X Program:JW.TT_208_ALCOHOL_HIDRATADO → ['TT_208_ALCOHOL_HIDRATADO <- nodo 137 (pin in) en JW/ESCLADOS_PT_FT_LT_TT', 'fermerntacion2022_islas:6:I.Ch4Data (direccion fisica de modulo)']; módulo fermerntacion2022_islas:6:I.Ch4Data; área 200 por programa/sector";NO_INSERTAR_REVISION;;;;;;;HOMOLOGADO;200_TT_044;44;;lazo nuevo del área 200: 44 → 40
RESCATE_XML_241_V3;MONITOREO_SIN_LAZO_V3;INSERT;;200_TT_041;;200;T;41;TT_209_VINAZA;fermerntacion2022_islas:6:I.Ch5Data;NO_INSERTAR_REVISION;"Entrada física única; primera PV=TT_209_VINAZA; identidad histórica TT_209_VINAZA; propuesta para revisión de campo/área y pertenencia a lazo, no alta";NO;;;;;;;;;;;;;;;;;;;;;;;;;;;;;;;;;;;;;;;;;;DESTILERIA;;"DESTILERIA.L5X Program:JW.TT_209_VINAZA → ['TT_209_VINAZA <- nodo 138 (pin in) en JW/ESCLADOS_PT_FT_LT_TT', 'fermerntacion2022_islas:6:I.Ch5Data (direccion fisica de modulo)']; módulo fermerntacion2022_islas:6:I.Ch5Data; área 200 por programa/sector";NO_INSERTAR_REVISION;;;;;;;HOMOLOGADO;200_TT_045;45;;lazo nuevo del área 200: 45 → 41
RESCATE_XML_241_V3;MONITOREO_SIN_LAZO_V3;INSERT;;300_TT_016;;300;T;16;TT_CHIMENEA_CAL_8;BP_ANALOGICA:9:I.Ch[0].Data;NO_INSERTAR_REVISION;"Entrada física única; primera PV=TT_CHIMENEA_CAL_8; identidad histórica TT_CHIMENEA_CAL_8; propuesta para revisión de campo/área y pertenencia a lazo, no alta";NO;;;;;;;;;;;;;;;;;;;;;;;;;;;;;;;;;;;;;;;;;;Calderas_8_9_10_Desaireador;;"Calderas_8_9_10_Desaireador.L5X Program:C8.TT_CHIMENEA_CAL_8 → ['TT_CHIMENEA_CAL_8 <- nodo 18 (pin in) en C8/C8_S5_ESCALADA_RTD', 'BP_ANALOGICA:9:I.Ch[0].Data (direccion fisica de modulo)']; módulo BP_ANALOGICA:9:I.Ch[0].Data; área 300 por programa/sector";NO_INSERTAR_REVISION;;;;;;;HOMOLOGADO;300_TT_038;38;;lazo nuevo del área 300: 38 → 16
RESCATE_XML_241_V3;MONITOREO_SIN_LAZO_V3;INSERT;;300_TT_017;;300;T;17;TT_CHIMENEA_CAL_9;BP_ANALOGICA:9:I.Ch[1].Data;NO_INSERTAR_REVISION;"Entrada física única; primera PV=TT_CHIMENEA_CAL_9; identidad histórica TT_CHIMENEA_CAL_9; propuesta para revisión de campo/área y pertenencia a lazo, no alta";NO;;;;;;;;;;;;;;;;;;;;;;;;;;;;;;;;;;;;;;;;;;Calderas_8_9_10_Desaireador;;"Calderas_8_9_10_Desaireador.L5X Program:C9.TT_CHIMENEA_CAL_9 → ['TT_CHIMENEA_CAL_9 <- nodo 35 (pin in) en C9/C9_S5_ESCALADO_RTD', 'BP_ANALOGICA:9:I.Ch[1].Data (direccion fisica de modulo)']; módulo BP_ANALOGICA:9:I.Ch[1].Data; área 300 por programa/sector";NO_INSERTAR_REVISION;;;;;;;HOMOLOGADO;300_TT_039;39;;lazo nuevo del área 300: 39 → 17
RESCATE_XML_241_V3;MONITOREO_SIN_LAZO_V3;INSERT;;300_TT_018;;300;T;18;TT_CHIMENEA_CAL_10_ESTE;BP_ANALOGICA:9:I.Ch[3].Data;NO_INSERTAR_REVISION;"Entrada física única; primera PV=TT_CHIMENEA_CAL_10_ESTE; identidad histórica TT_CHIMENEA_CAL_10_ESTE; propuesta para revisión de campo/área y pertenencia a lazo, no alta";NO;;;;;;;;;;;;;;;;;;;;;;;;;;;;;;;;;;;;;;;;;;Calderas_8_9_10_Desaireador;;"Calderas_8_9_10_Desaireador.L5X Program:C10.TT_CHIMENEA_CAL_10_ESTE → ['TT_CHIMENEA_CAL_10_ESTE <- nodo 32 (pin in) en C10/C10_S5_ESCALADO_RTD', 'BP_ANALOGICA:9:I.Ch[3].Data (direccion fisica de modulo)']; módulo BP_ANALOGICA:9:I.Ch[3].Data; área 300 por programa/sector";NO_INSERTAR_REVISION;;;;;;;HOMOLOGADO;300_TT_040;40;;lazo nuevo del área 300: 40 → 18
RESCATE_XML_241_V3;MONITOREO_SIN_LAZO_V3;INSERT;;300_TT_019;;300;T;19;TT_CHIMENEA_CAL_10_OESTE;BP_ANALOGICA:9:I.Ch[2].Data;NO_INSERTAR_REVISION;"Entrada física única; primera PV=TT_CHIMENEA_CAL_10_OESTE; identidad histórica TT_CHIMENEA_CAL_10_OESTE; propuesta para revisión de campo/área y pertenencia a lazo, no alta";NO;;;;;;;;;;;;;;;;;;;;;;;;;;;;;;;;;;;;;;;;;;Calderas_8_9_10_Desaireador;;"Calderas_8_9_10_Desaireador.L5X Program:C10.TT_CHIMENEA_CAL_10_OESTE → ['TT_CHIMENEA_CAL_10_OESTE <- nodo 31 (pin in) en C10/C10_S5_ESCALADO_RTD', 'BP_ANALOGICA:9:I.Ch[2].Data (direccion fisica de modulo)']; módulo BP_ANALOGICA:9:I.Ch[2].Data; área 300 por programa/sector";NO_INSERTAR_REVISION;;;;;;;HOMOLOGADO;300_TT_048;48;;lazo nuevo del área 300: 48 → 19
TRAZA_MOV_SCL_USINA;MONITOREO_SIN_LAZO_USINA;INSERT;;900_PT_001;;900;P;1;TAG_ADMISSAO_VAPOR;REMOTA_TURBINA_5:1:I.Ch00Data;NO_INSERTAR_REVISION;"PRESSAO_VAP_ENTRADA es SCL de medición; área 900 Usina según manual; índice ESPELHO_AI0[16]; confirmar instrumento en campo";NO;;;;;;;;;;;;;;;;;;;;;;;;;;;;;;;;;;;;;;;;;;USINA_LA_FLORIDA;;"USINA_LA_FLORIDA.L5X MainProgram/ESPELHO_ENTRADAS MOV(REMOTA_TURBINA_5:1:I.Ch00Data,ESPELHO_AI0[16]); ENTRADA_TURBINA ESPELHO_AI0[16] → PRESSAO_VAP_ENTRADA.In → PRESSAO_VAP_ENTRADA.Out → TAG_ADMISSAO_VAPOR";NO_INSERTAR_REVISION;;;;;;;HOMOLOGADO;900_PT_001;1;;sin cambio
TRAZA_MOV_SCL_USINA;MONITOREO_SIN_LAZO_USINA;INSERT;;900_PT_002;;900;P;2;TAG_VAPOR_ESCAPE;REMOTA_TURBINA_5:1:I.Ch01Data;NO_INSERTAR_REVISION;"PRESSAO_VAP_ESCAPE es SCL de medición; área 900 Usina según manual; índice ESPELHO_AI0[17]; confirmar instrumento en campo";NO;;;;;;;;;;;;;;;;;;;;;;;;;;;;;;;;;;;;;;;;;;USINA_LA_FLORIDA;;"USINA_LA_FLORIDA.L5X MainProgram/ESPELHO_ENTRADAS MOV(REMOTA_TURBINA_5:1:I.Ch01Data,ESPELHO_AI0[17]); ENTRADA_TURBINA ESPELHO_AI0[17] → PRESSAO_VAP_ESCAPE.In → PRESSAO_VAP_ESCAPE.Out → TAG_VAPOR_ESCAPE";NO_INSERTAR_REVISION;;;;;;;HOMOLOGADO;900_PT_002;2;;sin cambio
TRAZA_MOV_SCL_USINA;MONITOREO_SIN_LAZO_USINA;INSERT;;900_TT_003;;900;T;3;TAG_TEMP_AD_VAPOR;REMOTA_TURBINA_5:1:I.Ch05Data;NO_INSERTAR_REVISION;"TEMP_VAP_ADMISSAO es SCL de medición; área 900 Usina según manual; índice ESPELHO_AI0[21]; confirmar instrumento en campo";NO;;;;;;;;;;;;;;;;;;;;;;;;;;;;;;;;;;;;;;;;;;USINA_LA_FLORIDA;;"USINA_LA_FLORIDA.L5X MainProgram/ESPELHO_ENTRADAS MOV(REMOTA_TURBINA_5:1:I.Ch05Data,ESPELHO_AI0[21]); ENTRADA_TURBINA ESPELHO_AI0[21] → TEMP_VAP_ADMISSAO.In → TEMP_VAP_ADMISSAO.Out → TAG_TEMP_AD_VAPOR";NO_INSERTAR_REVISION;;;;;;;HOMOLOGADO;900_TT_006;6;;lazo nuevo del área 900: 6 → 3
TRAZA_MOV_SCL_USINA;MONITOREO_SIN_LAZO_USINA;INSERT;;900_TT_004;;900;T;4;TMP_VP_ESCAPE;REMOTA_TURBINA_5:1:I.Ch06Data;NO_INSERTAR_REVISION;"TEMP_VAP_ESCAPE es SCL de medición; área 900 Usina según manual; índice ESPELHO_AI0[22]; confirmar instrumento en campo";NO;;;;;;;;;;;;;;;;;;;;;;;;;;;;;;;;;;;;;;;;;;USINA_LA_FLORIDA;;"USINA_LA_FLORIDA.L5X MainProgram/ESPELHO_ENTRADAS MOV(REMOTA_TURBINA_5:1:I.Ch06Data,ESPELHO_AI0[22]); ENTRADA_TURBINA ESPELHO_AI0[22] → TEMP_VAP_ESCAPE.In → TEMP_VAP_ESCAPE.Out → TMP_VP_ESCAPE";NO_INSERTAR_REVISION;;;;;;;HOMOLOGADO;900_TT_007;7;;lazo nuevo del área 900: 7 → 4
TRAZA_MOV_SCL_USINA;MONITOREO_SIN_LAZO_USINA;INSERT;;900_TT_005;;900;T;5;ALTA_LA;REMOTA_TURBINA_5:1:I.Ch12Data;NO_INSERTAR_REVISION;"TEMP_PINHAO_LA es SCL de medición; área 900 Usina según manual; índice ESPELHO_AI0[28]; confirmar instrumento en campo";NO;;;;;;;;;;;;;;;;;;;;;;;;;;;;;;;;;;;;;;;;;;USINA_LA_FLORIDA;;"USINA_LA_FLORIDA.L5X MainProgram/ESPELHO_ENTRADAS MOV(REMOTA_TURBINA_5:1:I.Ch12Data,ESPELHO_AI0[28]); ENTRADA_TURBINA ESPELHO_AI0[28] → TEMP_PINHAO_LA.In → TEMP_PINHAO_LA.Out → ALTA_LA";NO_INSERTAR_REVISION;;;;;;;HOMOLOGADO;900_TT_013;13;;lazo nuevo del área 900: 13 → 5
TRAZA_MOV_SCL_USINA;MONITOREO_SIN_LAZO_USINA;INSERT;;900_TT_006;;900;T;6;ALTA_LNA;REMOTA_TURBINA_5:1:I.Ch13Data;NO_INSERTAR_REVISION;"TEMP_PINHAO_LNA es SCL de medición; área 900 Usina según manual; índice ESPELHO_AI0[29]; confirmar instrumento en campo";NO;;;;;;;;;;;;;;;;;;;;;;;;;;;;;;;;;;;;;;;;;;USINA_LA_FLORIDA;;"USINA_LA_FLORIDA.L5X MainProgram/ESPELHO_ENTRADAS MOV(REMOTA_TURBINA_5:1:I.Ch13Data,ESPELHO_AI0[29]); ENTRADA_TURBINA ESPELHO_AI0[29] → TEMP_PINHAO_LNA.In → TEMP_PINHAO_LNA.Out → ALTA_LNA";NO_INSERTAR_REVISION;;;;;;;HOMOLOGADO;900_TT_014;14;;lazo nuevo del área 900: 14 → 6
TRAZA_MOV_SCL_USINA;MONITOREO_SIN_LAZO_USINA;INSERT;;900_TT_007;;900;T;7;BAJA_LA;REMOTA_TURBINA_5:1:I.Ch14Data;NO_INSERTAR_REVISION;"TEMP_ENGRENAGEM_LA es SCL de medición; área 900 Usina según manual; índice ESPELHO_AI0[30]; confirmar instrumento en campo";NO;;;;;;;;;;;;;;;;;;;;;;;;;;;;;;;;;;;;;;;;;;USINA_LA_FLORIDA;;"USINA_LA_FLORIDA.L5X MainProgram/ESPELHO_ENTRADAS MOV(REMOTA_TURBINA_5:1:I.Ch14Data,ESPELHO_AI0[30]); ENTRADA_TURBINA ESPELHO_AI0[30] → TEMP_ENGRENAGEM_LA.In → TEMP_ENGRENAGEM_LA.Out → BAJA_LA";NO_INSERTAR_REVISION;;;;;;;HOMOLOGADO;900_TT_015;15;;lazo nuevo del área 900: 15 → 7
TRAZA_MOV_SCL_USINA;MONITOREO_SIN_LAZO_USINA;INSERT;;900_TT_008;;900;T;8;BAJA_LNA;REMOTA_TURBINA_5:1:I.Ch15Data;NO_INSERTAR_REVISION;"TEMP_ENGRENAGEM_LNA es SCL de medición; área 900 Usina según manual; índice ESPELHO_AI0[31]; confirmar instrumento en campo";NO;;;;;;;;;;;;;;;;;;;;;;;;;;;;;;;;;;;;;;;;;;USINA_LA_FLORIDA;;"USINA_LA_FLORIDA.L5X MainProgram/ESPELHO_ENTRADAS MOV(REMOTA_TURBINA_5:1:I.Ch15Data,ESPELHO_AI0[31]); ENTRADA_TURBINA ESPELHO_AI0[31] → TEMP_ENGRENAGEM_LNA.In → TEMP_ENGRENAGEM_LNA.Out → BAJA_LNA";NO_INSERTAR_REVISION;;;;;;;HOMOLOGADO;900_TT_016;16;;lazo nuevo del área 900: 16 → 8
TRAZA_MOV_SCL_USINA;MONITOREO_SIN_LAZO_USINA;INSERT;;900_PT_009;;900;P;9;TAG_PRESSAO_CAMARA;REMOTA_TURBINA_5:2:I.Ch03Data;NO_INSERTAR_REVISION;"PRESION_VAP_CAMARA es SCL de medición; área 900 Usina según manual; índice ESPELHO_AI0[35]; confirmar instrumento en campo";NO;;;;;;;;;;;;;;;;;;;;;;;;;;;;;;;;;;;;;;;;;;USINA_LA_FLORIDA;;"USINA_LA_FLORIDA.L5X MainProgram/ESPELHO_ENTRADAS MOV(REMOTA_TURBINA_5:2:I.Ch03Data,ESPELHO_AI0[35]); ENTRADA_TURBINA ESPELHO_AI0[35] → PRESION_VAP_CAMARA.In → PRESION_VAP_CAMARA.Out → TAG_PRESSAO_CAMARA";NO_INSERTAR_REVISION;;;;;;;HOMOLOGADO;900_PT_018;18;;lazo nuevo del área 900: 18 → 9
AUDITORIA_FRONTERA_V3_PARES;PAR_ENTRADA_CONTROLADOR_V3;INSERT;;500_LT_002;;500;L;2;EVAP_S3_LT_CAJA_6;ISLA_FAB_AI:3:I.Ch[5].Data;NO_INSERTAR_REVISION;"Par físico de control; salida sin final exclusivo/tipo validado: MV no cableado; no lazo completo ni alta";NO;;;;;;;;;;;;;;;;;;;;;;;;;;;;;;;;;;;;;;;;;;FABRICA;;"FABRICA.L5X FAB_EVAP/EVAP_LC_C6: ISLA_FAB_AI:3:I.Ch[5].Data → EVAP_S3_LT_CAJA_6 → B_LC_CAJA_6.PV; MV no cableado";NO_INSERTAR_REVISION;;;;;;;HOMOLOGADO;500_LT_002;2;;sin cambio
AUDITORIA_FRONTERA_V3_PARES;PAR_ENTRADA_CONTROLADOR_V3;INSERT;;500_LIC_002;;500;L;2;B_LC_CAJA_6;;NO_INSERTAR_REVISION;"Par físico de control; salida sin final exclusivo/tipo validado: MV no cableado; no lazo completo ni alta";NO;;;;;;;;;;;;;;;;;;;;;;;;;;;;;;;;;;;;;;;;;;FABRICA;;"FABRICA.L5X FAB_EVAP/EVAP_LC_C6: ISLA_FAB_AI:3:I.Ch[5].Data → EVAP_S3_LT_CAJA_6 → B_LC_CAJA_6.PV; MV no cableado";NO_INSERTAR_REVISION;;;;;;;HOMOLOGADO;500_LIC_002;2;;sin cambio
AUDITORIA_FRONTERA_V3_PARES;PAR_ENTRADA_CONTROLADOR_V3;INSERT;;300_LT_020;;300;L;20;LT_PULMON_LAVADO;Local:2:I.Ch[2].Data;NO_INSERTAR_REVISION;"Par físico de control; salida sin final exclusivo/tipo validado: MV no cableado; nivel_pulmon es alias del mismo canal; no lazo completo ni alta";NO;;;;;;;;;;;;;;;;;;;;;;;;;;;;;;;;;;;;;;;;;;cenizas2020;;"cenizas2020.L5X PID_Control/PID_LAVADO_DE_GRILLA: Local:2:I.Ch[2].Data → LT_PULMON_LAVADO → PID_PULMON_LAVADO.PV; MV no cableado; nivel_pulmon es alias del mismo canal";NO_INSERTAR_REVISION;;;;;;;HOMOLOGADO;300_LT_049;49;;lazo nuevo del área 300: 49 → 20
AUDITORIA_FRONTERA_V3_PARES;PAR_ENTRADA_CONTROLADOR_V3;INSERT;;300_LIC_020;;300;L;20;PID_PULMON_LAVADO;;NO_INSERTAR_REVISION;"Par físico de control; salida sin final exclusivo/tipo validado: MV no cableado; nivel_pulmon es alias del mismo canal; no lazo completo ni alta";NO;;;;;;;;;;;;;;;;;;;;;;;;;;;;;;;;;;;;;;;;;;cenizas2020;;"cenizas2020.L5X PID_Control/PID_LAVADO_DE_GRILLA: Local:2:I.Ch[2].Data → LT_PULMON_LAVADO → PID_PULMON_LAVADO.PV; MV no cableado; nivel_pulmon es alias del mismo canal";NO_INSERTAR_REVISION;;;;;;;HOMOLOGADO;300_LIC_049;49;;lazo nuevo del área 300: 49 → 20
AUDITORIA_FRONTERA_V3_PARES;PAR_ENTRADA_CONTROLADOR_V3;INSERT;;300_LT_021;;300;L;21;LT_TK_AGUA_LIMPIA;Local:9:I.Ch[1].Data;NO_INSERTAR_REVISION;"Par físico de control; salida sin final exclusivo/tipo validado: MV no cableado; LT_030_PV_Escalado comparte canal; no lazo completo ni alta";NO;;;;;;;;;;;;;;;;;;;;;;;;;;;;;;;;;;;;;;;;;;cenizas2020;;"cenizas2020.L5X PID_Control/PID_LAVADO_DE_GRILLA: Local:9:I.Ch[1].Data → LT_TK_AGUA_LIMPIA → PID_TK_AGUA_LIMPIA.PV; MV no cableado; LT_030_PV_Escalado comparte canal";NO_INSERTAR_REVISION;;;;;;;HOMOLOGADO;300_LT_050;50;;lazo nuevo del área 300: 50 → 21
AUDITORIA_FRONTERA_V3_PARES;PAR_ENTRADA_CONTROLADOR_V3;INSERT;;300_LIC_021;;300;L;21;PID_TK_AGUA_LIMPIA;;NO_INSERTAR_REVISION;"Par físico de control; salida sin final exclusivo/tipo validado: MV no cableado; LT_030_PV_Escalado comparte canal; no lazo completo ni alta";NO;;;;;;;;;;;;;;;;;;;;;;;;;;;;;;;;;;;;;;;;;;cenizas2020;;"cenizas2020.L5X PID_Control/PID_LAVADO_DE_GRILLA: Local:9:I.Ch[1].Data → LT_TK_AGUA_LIMPIA → PID_TK_AGUA_LIMPIA.PV; MV no cableado; LT_030_PV_Escalado comparte canal";NO_INSERTAR_REVISION;;;;;;;HOMOLOGADO;300_LIC_050;50;;lazo nuevo del área 300: 50 → 21
AUDITORIA_FRONTERA_V3_PARES;PAR_ENTRADA_CONTROLADOR_V3;INSERT;;200_LT_042;;200;L;42;B_LT_VASO_1ER_EFECTO_A.Out;EVAPORADOR:2:I.Ch0Data;NO_INSERTAR_REVISION;"Par físico de control; salida sin final exclusivo/tipo validado: MV_VALV_NC a EVAPORADOR:6:O.Ch0Data; tipo de campo pendiente; no lazo completo ni alta";NO;;;;;;;;;;;;;;;;;;;;;;;;;;;;;;;;;;;;;;;;;;DESTILERIA;;"DESTILERIA.L5X EVAPORADOR/PID_EVAPORADOR: EVAPORADOR:2:I.Ch0Data → B_LT_VASO_1ER_EFECTO_A.Out → PID_CONTROL_NIVEL_1ER_EFECTO.PV; MV_VALV_NC a EVAPORADOR:6:O.Ch0Data; tipo de campo pendiente";NO_INSERTAR_REVISION;;;;;;;HOMOLOGADO;200_LT_046;46;;lazo nuevo del área 200: 46 → 42
AUDITORIA_FRONTERA_V3_PARES;PAR_ENTRADA_CONTROLADOR_V3;INSERT;;200_LIC_042;;200;L;42;PID_CONTROL_NIVEL_1ER_EFECTO;;NO_INSERTAR_REVISION;"Par físico de control; salida sin final exclusivo/tipo validado: MV_VALV_NC a EVAPORADOR:6:O.Ch0Data; tipo de campo pendiente; no lazo completo ni alta";NO;;;;;;;;;;;;;;;;;;;;;;;;;;;;;;;;;;;;;;;;;;DESTILERIA;;"DESTILERIA.L5X EVAPORADOR/PID_EVAPORADOR: EVAPORADOR:2:I.Ch0Data → B_LT_VASO_1ER_EFECTO_A.Out → PID_CONTROL_NIVEL_1ER_EFECTO.PV; MV_VALV_NC a EVAPORADOR:6:O.Ch0Data; tipo de campo pendiente";NO_INSERTAR_REVISION;;;;;;;HOMOLOGADO;200_LIC_046;46;;lazo nuevo del área 200: 46 → 42
AUDITORIA_FRONTERA_V3_PARES;PAR_ENTRADA_CONTROLADOR_V3;INSERT;;200_PT_043;;200;P;43;B_PT_VASO_1ER_EFECTO.Out;EVAPORADOR:2:I.Ch6Data;NO_INSERTAR_REVISION;"Par físico de control; salida sin final exclusivo/tipo validado: MV_VALV_NA a EVAPORADOR:6:O.Ch2Data; tipo de campo pendiente; no lazo completo ni alta";NO;;;;;;;;;;;;;;;;;;;;;;;;;;;;;;;;;;;;;;;;;;DESTILERIA;;"DESTILERIA.L5X EVAPORADOR/PID_EVAPORADOR: EVAPORADOR:2:I.Ch6Data → B_PT_VASO_1ER_EFECTO.Out → PID_CONTROL_QUIEBRE_VACIO.PV; MV_VALV_NA a EVAPORADOR:6:O.Ch2Data; tipo de campo pendiente";NO_INSERTAR_REVISION;;;;;;;HOMOLOGADO;200_PT_047;47;;lazo nuevo del área 200: 47 → 43
AUDITORIA_FRONTERA_V3_PARES;PAR_ENTRADA_CONTROLADOR_V3;INSERT;;200_PIC_043;;200;P;43;PID_CONTROL_QUIEBRE_VACIO;;NO_INSERTAR_REVISION;"Par físico de control; salida sin final exclusivo/tipo validado: MV_VALV_NA a EVAPORADOR:6:O.Ch2Data; tipo de campo pendiente; no lazo completo ni alta";NO;;;;;;;;;;;;;;;;;;;;;;;;;;;;;;;;;;;;;;;;;;DESTILERIA;;"DESTILERIA.L5X EVAPORADOR/PID_EVAPORADOR: EVAPORADOR:2:I.Ch6Data → B_PT_VASO_1ER_EFECTO.Out → PID_CONTROL_QUIEBRE_VACIO.PV; MV_VALV_NA a EVAPORADOR:6:O.Ch2Data; tipo de campo pendiente";NO_INSERTAR_REVISION;;;;;;;HOMOLOGADO;200_PIC_047;47;;lazo nuevo del área 200: 47 → 43
FRONTERA_3_4_AUDITORIA_V3;AUDITORIA_FRONTERA_V3;;;;;;;;B_C8_LC_DOMO;BP_ANALOGICA:1:I.Ch[2].Data | BP_ANALOGICA:1:I.Ch[3].Data;CERRADO_EN_V4;"BLOQUEADO_SIN_LAZO_EXCLUSIVO; SEL_01.In1/In2 desde SCL B_C8_LT_DOMO_NORTE/SUR; SEL_01.Out -> PV; MV -> BP_ANALOGICA:10:O.Ch3Data; final no identificado; cerrado en v4 (ver filas Grupo_V4=item3_*)";NO;;;;;;;;;;;;;;;;;;;;;;;;;;;;;;;;;;;;;;;;;;Calderas_8_9_10_Desaireador;;"Calderas_8_9_10_Desaireador.L5X: SEL_01.In1/In2 desde SCL B_C8_LT_DOMO_NORTE/SUR; SEL_01.Out -> PV; MV -> BP_ANALOGICA:10:O.Ch3Data; final no identificado";CERRADO_EN_V4;;;;;;;NO_APLICA;;;;
FRONTERA_3_4_AUDITORIA_V3;AUDITORIA_FRONTERA_V3;;;;;;;;B_C9_LC_DOMO;BP_ANALOGICA:2:I.Ch[2].Data | BP_ANALOGICA:2:I.Ch[3].Data;CERRADO_EN_V4;"BLOQUEADO_SIN_LAZO_EXCLUSIVO; SEL_02.In1/In2 desde SCL B_C9_LT_DOMO_NORTE/SUR; SEL_02.Out -> PV; MV -> BP_ANALOGICA:11:O.Ch5Data; final no identificado; cerrado en v4 (ver filas Grupo_V4=item3_*)";NO;;;;;;;;;;;;;;;;;;;;;;;;;;;;;;;;;;;;;;;;;;Calderas_8_9_10_Desaireador;;"Calderas_8_9_10_Desaireador.L5X: SEL_02.In1/In2 desde SCL B_C9_LT_DOMO_NORTE/SUR; SEL_02.Out -> PV; MV -> BP_ANALOGICA:11:O.Ch5Data; final no identificado";CERRADO_EN_V4;;;;;;;NO_APLICA;;;;
FRONTERA_3_4_AUDITORIA_V3;AUDITORIA_FRONTERA_V3;;;;;;;;B_C10_LC_DOMO;BP_ANALOGICA:4:I.Ch[1].Data | BP_ANALOGICA:3:I.Ch[3].Data;CERRADO_EN_V4;"BLOQUEADO_SIN_LAZO_EXCLUSIVO; SEL_01.In1/In2 desde SCL B_C10_LT_DOMO_NORTE/SUR; SEL_01.Out -> PV; MV -> BP_ANALOGICA:12:O.Ch2Data; final no identificado; cerrado en v4 (ver filas Grupo_V4=item3_*)";NO;;;;;;;;;;;;;;;;;;;;;;;;;;;;;;;;;;;;;;;;;;Calderas_8_9_10_Desaireador;;"Calderas_8_9_10_Desaireador.L5X: SEL_01.In1/In2 desde SCL B_C10_LT_DOMO_NORTE/SUR; SEL_01.Out -> PV; MV -> BP_ANALOGICA:12:O.Ch2Data; final no identificado";CERRADO_EN_V4;;;;;;;NO_APLICA;;;;
FRONTERA_3_4_AUDITORIA_V3;AUDITORIA_FRONTERA_V3;;;;;;;;PID_CONTROL_NIVEL_1ER_EFECTO;EVAPORADOR:2:I.Ch0Data;REVISION_NO_NUMERAR;"PAR_PROPUESTO_NO_COMPLETO; SCL B_LT_VASO_1ER_EFECTO_A.In/Out -> PV; MV_VALV_NC -> EVAPORADOR:6:O.Ch0Data; final no probado";NO;;;;;;;;;;;;;;;;;;;;;;;;;;;;;;;;;;;;;;;;;;DESTILERIA;;"DESTILERIA.L5X: SCL B_LT_VASO_1ER_EFECTO_A.In/Out -> PV; MV_VALV_NC -> EVAPORADOR:6:O.Ch0Data; final no probado";PAR_PROPUESTO;;;;;;;NO_APLICA;;;;
FRONTERA_3_4_AUDITORIA_V3;AUDITORIA_FRONTERA_V3;;;;;;;;PID_CONTROL_QUIEBRE_VACIO;EVAPORADOR:2:I.Ch6Data;REVISION_NO_NUMERAR;"PAR_PROPUESTO_NO_COMPLETO; SCL B_PT_VASO_1ER_EFECTO.In/Out -> PV; MV_VALV_NA -> EVAPORADOR:6:O.Ch2Data; final no probado";NO;;;;;;;;;;;;;;;;;;;;;;;;;;;;;;;;;;;;;;;;;;DESTILERIA;;"DESTILERIA.L5X: SCL B_PT_VASO_1ER_EFECTO.In/Out -> PV; MV_VALV_NA -> EVAPORADOR:6:O.Ch2Data; final no probado";PAR_PROPUESTO;;;;;;;NO_APLICA;;;;
FRONTERA_3_4_AUDITORIA_V3;AUDITORIA_FRONTERA_V3;;;;;;;;CONTROL_CAUDAL_JUGO_DEST;;REVISION_NO_NUMERAR;"BLOQUEADO_SIN_LAZO_EXCLUSIVO; FT_JUGO_DESTIL REAL sin escritor :I; SCL B_FT_JUGO_DEST.Out -> PV; MV_VALV_NC -> SCL_09.Out -> FLEX5000_MIELES:2:O.Ch01.Data / Ch02.Data; área/final pendientes";NO;;;;;;;;;;;;;;;;;;;;;;;;;;;;;;;;;;;;;;;;;;FABRICA;;"FABRICA.L5X: FT_JUGO_DESTIL REAL sin escritor :I; SCL B_FT_JUGO_DEST.Out -> PV; MV_VALV_NC -> SCL_09.Out -> FLEX5000_MIELES:2:O.Ch01.Data / Ch02.Data; área/final pendientes";SIN_LAZO_COMPLETO;;;;;;;NO_APLICA;;;;
FRONTERA_3_4_AUDITORIA_V3;AUDITORIA_FRONTERA_V3;;;;;;;;B_LC_CAJA_6;ISLA_FAB_AI:3:I.Ch[5].Data;REVISION_NO_NUMERAR;"PAR_PROPUESTO_NO_COMPLETO; EVAP_S3_LT_CAJA_6 -> PV; MV sin cable físico";NO;;;;;;;;;;;;;;;;;;;;;;;;;;;;;;;;;;;;;;;;;;FABRICA;;"FABRICA.L5X: EVAP_S3_LT_CAJA_6 -> PV; MV sin cable físico";PAR_PROPUESTO;;;;;;;NO_APLICA;;;;
FRONTERA_3_4_AUDITORIA_V3;AUDITORIA_FRONTERA_V3;;;;;;;;B_LC_CAJA_11;ISLA_FAB_AI:4:I.Ch[2].Data;REVISION_NO_NUMERAR;"BLOQUEADO_SIN_LAZO_EXCLUSIVO; MV_VALV_NC y B_LC_CAJA_9_10.MV_VALV_NC seleccionados en SEL_02 hacia ISLA_FAB_DI:4:O.Ch2Data/Ch3Data; salida compartida";NO;;;;;;;;;;;;;;;;;;;;;;;;;;;;;;;;;;;;;;;;;;FABRICA;;"FABRICA.L5X: MV_VALV_NC y B_LC_CAJA_9_10.MV_VALV_NC seleccionados en SEL_02 hacia ISLA_FAB_DI:4:O.Ch2Data/Ch3Data; salida compartida";SIN_LAZO_COMPLETO;;;;;;;NO_APLICA;;;;
FRONTERA_3_4_AUDITORIA_V3;AUDITORIA_FRONTERA_V3;;;;;;;;B_LC_COND_CAJA_6;ISLA_FAB_AI:5:I.Ch[0].Data;CERRADO_EN_V4;"BLOQUEADO_SIN_LAZO_EXCLUSIVO; sensor y SEL_08 salida ISLA_FAB_AI:14:O.Ch[5].Data compartidos con B_LC_COND_CAJA_7_8; cerrado en v4 (ver filas Grupo_V4=item3_*)";NO;;;;;;;;;;;;;;;;;;;;;;;;;;;;;;;;;;;;;;;;;;FABRICA;;FABRICA.L5X: sensor y SEL_08 salida ISLA_FAB_AI:14:O.Ch[5].Data compartidos con B_LC_COND_CAJA_7_8;CERRADO_EN_V4;;;;;;;NO_APLICA;;;;
FRONTERA_3_4_AUDITORIA_V3;AUDITORIA_FRONTERA_V3;;;;;;;;B_LC_COND_CAJA_7_8;ISLA_FAB_AI:5:I.Ch[0].Data;CERRADO_EN_V4;"BLOQUEADO_SIN_LAZO_EXCLUSIVO; sensor y SEL_08 salida ISLA_FAB_AI:14:O.Ch[5].Data compartidos con B_LC_COND_CAJA_6; cerrado en v4 (ver filas Grupo_V4=item3_*)";NO;;;;;;;;;;;;;;;;;;;;;;;;;;;;;;;;;;;;;;;;;;FABRICA;;FABRICA.L5X: sensor y SEL_08 salida ISLA_FAB_AI:14:O.Ch[5].Data compartidos con B_LC_COND_CAJA_6;CERRADO_EN_V4;;;;;;;NO_APLICA;;;;
FRONTERA_3_4_AUDITORIA_V3;AUDITORIA_FRONTERA_V3;;;;;;;;B_PC_ESC_DEST;ISLA_FAB_AI:8:I.Ch7Data;REVISION_NO_NUMERAR;"BLOQUEADO_SIN_LAZO_EXCLUSIVO; PV compartida con B_PC_VG1R_DEST; MV sin salida física";NO;;;;;;;;;;;;;;;;;;;;;;;;;;;;;;;;;;;;;;;;;;FABRICA;;"FABRICA.L5X: PV compartida con B_PC_VG1R_DEST; MV sin salida física";SIN_LAZO_COMPLETO;;;;;;;NO_APLICA;;;;
FRONTERA_3_4_AUDITORIA_V3;AUDITORIA_FRONTERA_V3;;;;;;;;B_PC_VG1R_FAB;ISLA_FAB_AI:7:I.Ch5Data;REVISION_NO_NUMERAR;"BLOQUEADO_SIN_LAZO_EXCLUSIVO; PV compartida como protección de B_PC_VG1R_DEST y PV de B_PC_VG1_TACHOS; MV sin salida física";NO;;;;;;;;;;;;;;;;;;;;;;;;;;;;;;;;;;;;;;;;;;FABRICA;;"FABRICA.L5X: PV compartida como protección de B_PC_VG1R_DEST y PV de B_PC_VG1_TACHOS; MV sin salida física";SIN_LAZO_COMPLETO;;;;;;;NO_APLICA;;;;
FRONTERA_3_4_AUDITORIA_V3;AUDITORIA_FRONTERA_V3;;;;;;;;PID_CONTROL_NIVEL_TK_CONDENSADO;EVAPORADOR:2:I.Ch1Data;CERRADO_EN_V4;"BLOQUEADO_SIN_LAZO_EXCLUSIVO; MV_VALV_NC cruza ARRANQUE_MOTORES -> SCL_09/10 -> BBA_CONDENSADO_ESTE/OESTE:O.Reference; dos motores y selección, sin final exclusivo; cerrado en v4 (ver filas Grupo_V4=item3_*)";NO;;;;;;;;;;;;;;;;;;;;;;;;;;;;;;;;;;;;;;;;;;DESTILERIA;;"DESTILERIA.L5X: MV_VALV_NC cruza ARRANQUE_MOTORES -> SCL_09/10 -> BBA_CONDENSADO_ESTE/OESTE:O.Reference; dos motores y selección, sin final exclusivo";CERRADO_EN_V4;;;;;;;NO_APLICA;;;;
FRONTERA_3_4_AUDITORIA_V3;AUDITORIA_FRONTERA_V3;;;;;;;;CONTROL_NIVEL_BBA_DESTILADORA;fermerntacion2022_islas:3:I.Ch[1].Data;REVISION_NO_NUMERAR;"BLOQUEADO_SIN_LAZO_EXCLUSIVO; LT_COLUMNA_DESTILADORA_CD101 alimenta también PID_Ctrol_NIVEL_Destiladora; REF_BBA_VINAZA_COLUMNA_DESTILADORA sin salida física";NO;;;;;;;;;;;;;;;;;;;;;;;;;;;;;;;;;;;;;;;;;;DESTILERIA;;"DESTILERIA.L5X: LT_COLUMNA_DESTILADORA_CD101 alimenta también PID_Ctrol_NIVEL_Destiladora; REF_BBA_VINAZA_COLUMNA_DESTILADORA sin salida física";SIN_LAZO_COMPLETO;;;;;;;NO_APLICA;;;;
FRONTERA_3_4_AUDITORIA_V3;AUDITORIA_FRONTERA_V3;;;;;;;;PID_PULMON_LAVADO;Local:2:I.Ch[2].Data;REVISION_NO_NUMERAR;"PAR_PROPUESTO_NO_COMPLETO; LT_PULMON_LAVADO comparte alias nivel_pulmon; MV no conectado";NO;;;;;;;;;;;;;;;;;;;;;;;;;;;;;;;;;;;;;;;;;;cenizas2020;;"cenizas2020.L5X: LT_PULMON_LAVADO comparte alias nivel_pulmon; MV no conectado";PAR_PROPUESTO;;;;;;;NO_APLICA;;;;
FRONTERA_3_4_AUDITORIA_V3;AUDITORIA_FRONTERA_V3;;;;;;;;PID_TK_AGUA_LIMPIA;Local:9:I.Ch[1].Data;REVISION_NO_NUMERAR;"PAR_PROPUESTO_NO_COMPLETO; LT_TK_AGUA_LIMPIA comparte alias LT_030_PV_Escalado; MV no conectado";NO;;;;;;;;;;;;;;;;;;;;;;;;;;;;;;;;;;;;;;;;;;cenizas2020;;"cenizas2020.L5X: LT_TK_AGUA_LIMPIA comparte alias LT_030_PV_Escalado; MV no conectado";PAR_PROPUESTO;;;;;;;NO_APLICA;;;;
FRONTERA_3_4_AUDITORIA_V3;AUDITORIA_FRONTERA_V3;;;;;;;;CONTROL_CINTA_R_2_02;Local:8:I.Ch[6].Data;REVISION_NO_NUMERAR;"BLOQUEADO_SIN_LAZO_EXCLUSIVO; NIVEL_CONDUCTOR_mts alimenta también PID_CONTROL_MESA_NORTE_SUR; MV entra SCL_16.In sin cable Out -> :O";NO;;;;;;;;;;;;;;;;;;;;;;;;;;;;;;;;;;;;;;;;;;TRAPICHE2022;;"TRAPICHE2022.L5X: NIVEL_CONDUCTOR_mts alimenta también PID_CONTROL_MESA_NORTE_SUR; MV entra SCL_16.In sin cable Out -> :O";SIN_LAZO_COMPLETO;;;;;;;NO_APLICA;;;;
AUDITORIA_SIN_LAZO_241;AUDITORIA_222_EXCLUSIONES;;;;;;;;CAUDALIMETRO_MELAZA;;REVISION_NO_NUMERAR;"SIN_CANAL_FISICO_VALIDO; seguimiento de escritor SIN_ESCRITOR; alcance Controller; área histórica 200 (no prueba área actual)";NO;;;;;;;;;;;;;;;;;;;;;;;;;;;;;;;;;;;;;;;;;;DESTILERIA_16062026;;"PLC_Origen=DESTILERIA_16062026; XML=DESTILERIA.L5X; declaracion Controller.CAUDALIMETRO_MELAZA; seguimiento de escritor SIN_ESCRITOR; canales ninguno";SIN_CANAL_FISICO_VALIDO;;;;;;;NO_APLICA;;;;
AUDITORIA_SIN_LAZO_241;AUDITORIA_222_EXCLUSIONES;;;;;;;;DENSIDAD_MELAZA;;REVISION_NO_NUMERAR;"SIN_CANAL_FISICO_VALIDO; seguimiento de escritor SIN_DATOS; alcance Controller; área histórica 200 (no prueba área actual)";NO;;;;;;;;;;;;;;;;;;;;;;;;;;;;;;;;;;;;;;;;;;DESTILERIA_16062026;;"PLC_Origen=DESTILERIA_16062026; XML=DESTILERIA.L5X; declaracion Controller.DENSIDAD_MELAZA; seguimiento de escritor SIN_DATOS; canales ninguno";SIN_CANAL_FISICO_VALIDO;;;;;;;NO_APLICA;;;;
AUDITORIA_SIN_LAZO_241;AUDITORIA_222_EXCLUSIONES;;;;;;;;Slot_FT_AGUA;jw_fermerntacion_2022:6:I.Ch[0].Data;REVISADO_EN_V4;"ALIAS_FISICO_SIN_LAZO_O_AREA; AliasFor exacto; alcance Controller; área histórica 200 (no prueba área actual); revisado en v4: ver filas Grupo_V4=item4_canales";NO;;;;;;;;;;;;;;;;;;;;;;;;;;;;;;;;;;;;;;;;;;DESTILERIA_16062026;;"PLC_Origen=DESTILERIA_16062026; XML=DESTILERIA.L5X; declaracion Controller.Slot_FT_AGUA; AliasFor exacto; canales jw_fermerntacion_2022:6:I.Ch[0].Data";REVISADO_EN_V4;;;;;;;NO_APLICA;;;;
AUDITORIA_SIN_LAZO_241;AUDITORIA_222_EXCLUSIONES;;;;;;;;Slot_FT_JUGO;jw_fermerntacion_2022:6:I.Ch[1].Data;REVISION_NO_NUMERAR;"CANAL_YA_PROPUESTO; AliasFor exacto; alcance Controller; área histórica 200 (no prueba área actual)";NO;;;;;;;;;;;;;;;;;;;;;;;;;;;;;;;;;;;;;;;;;;DESTILERIA_16062026;;"PLC_Origen=DESTILERIA_16062026; XML=DESTILERIA.L5X; declaracion Controller.Slot_FT_JUGO; AliasFor exacto; canales jw_fermerntacion_2022:6:I.Ch[1].Data";CANAL_YA_PROPUESTO;;;;;;;NO_APLICA;;;;
AUDITORIA_SIN_LAZO_241;AUDITORIA_222_EXCLUSIONES;;;;;;;;Slot_FT_MELAZA;jw_fermerntacion_2022:6:I.Ch[3].Data;REVISADO_EN_V4;"ALIAS_FISICO_SIN_LAZO_O_AREA; AliasFor exacto; alcance Controller; área histórica 200 (no prueba área actual); revisado en v4: ver filas Grupo_V4=item4_canales";NO;;;;;;;;;;;;;;;;;;;;;;;;;;;;;;;;;;;;;;;;;;DESTILERIA_16062026;;"PLC_Origen=DESTILERIA_16062026; XML=DESTILERIA.L5X; declaracion Controller.Slot_FT_MELAZA; AliasFor exacto; canales jw_fermerntacion_2022:6:I.Ch[3].Data";REVISADO_EN_V4;;;;;;;NO_APLICA;;;;
AUDITORIA_SIN_LAZO_241;AUDITORIA_222_EXCLUSIONES;;;;;;;;Slot_FT_MOSTO;jw_fermerntacion_2022:6:I.Ch[4].Data;REVISADO_EN_V4;"ALIAS_FISICO_SIN_LAZO_O_AREA; AliasFor exacto; alcance Controller; área histórica 200 (no prueba área actual); revisado en v4: ver filas Grupo_V4=item4_canales";NO;;;;;;;;;;;;;;;;;;;;;;;;;;;;;;;;;;;;;;;;;;DESTILERIA_16062026;;"PLC_Origen=DESTILERIA_16062026; XML=DESTILERIA.L5X; declaracion Controller.Slot_FT_MOSTO; AliasFor exacto; canales jw_fermerntacion_2022:6:I.Ch[4].Data";REVISADO_EN_V4;;;;;;;NO_APLICA;;;;
AUDITORIA_SIN_LAZO_241;AUDITORIA_222_EXCLUSIONES;;;;;;;;Slot_FT_VINO_A_JW;jw_fermerntacion_2022:6:I.Ch[6].Data;REVISADO_EN_V4;"ALIAS_FISICO_SIN_LAZO_O_AREA; AliasFor exacto; alcance Controller; área histórica 200 (no prueba área actual); revisado en v4: ver filas Grupo_V4=item4_canales";NO;;;;;;;;;;;;;;;;;;;;;;;;;;;;;;;;;;;;;;;;;;DESTILERIA_16062026;;"PLC_Origen=DESTILERIA_16062026; XML=DESTILERIA.L5X; declaracion Controller.Slot_FT_VINO_A_JW; AliasFor exacto; canales jw_fermerntacion_2022:6:I.Ch[6].Data";REVISADO_EN_V4;;;;;;;NO_APLICA;;;;
AUDITORIA_SIN_LAZO_241;AUDITORIA_222_EXCLUSIONES;;;;;;;;Slot_PV_VALVULA_CAUDAL_LECHADA;jw_fermerntacion_2022:10:O.Ch3Data;REVISADO_EN_V4;"ALIAS_FISICO_SIN_LAZO_O_AREA; AliasFor exacto; alcance Controller; área histórica 400 (no prueba área actual); revisado en v4: ver filas Grupo_V4=item4_canales";NO;;;;;;;;;;;;;;;;;;;;;;;;;;;;;;;;;;;;;;;;;;DESTILERIA_16062026;;"PLC_Origen=DESTILERIA_16062026; XML=DESTILERIA.L5X; declaracion Controller.Slot_PV_VALVULA_CAUDAL_LECHADA; AliasFor exacto; canales jw_fermerntacion_2022:10:O.Ch3Data";REVISADO_EN_V4;;;;;;;NO_APLICA;;;;
AUDITORIA_SIN_LAZO_241;AUDITORIA_222_EXCLUSIONES;;;;;;;;VIBRACION_CENTRIFUGA_1;;REVISION_NO_NUMERAR;"SIN_CANAL_FISICO_VALIDO; seguimiento de escritor SIN_DATOS; alcance Controller; área histórica 200 (no prueba área actual)";NO;;;;;;;;;;;;;;;;;;;;;;;;;;;;;;;;;;;;;;;;;;DESTILERIA_16062026;;"PLC_Origen=DESTILERIA_16062026; XML=DESTILERIA.L5X; declaracion Controller.VIBRACION_CENTRIFUGA_1; seguimiento de escritor SIN_DATOS; canales ninguno";SIN_CANAL_FISICO_VALIDO;;;;;;;NO_APLICA;;;;
AUDITORIA_SIN_LAZO_241;AUDITORIA_222_EXCLUSIONES;;;;;;;;VIBRACION_CENTRIFUGA_2;;REVISION_NO_NUMERAR;"SIN_CANAL_FISICO_VALIDO; seguimiento de escritor SIN_DATOS; alcance Controller; área histórica 200 (no prueba área actual)";NO;;;;;;;;;;;;;;;;;;;;;;;;;;;;;;;;;;;;;;;;;;DESTILERIA_16062026;;"PLC_Origen=DESTILERIA_16062026; XML=DESTILERIA.L5X; declaracion Controller.VIBRACION_CENTRIFUGA_2; seguimiento de escritor SIN_DATOS; canales ninguno";SIN_CANAL_FISICO_VALIDO;;;;;;;NO_APLICA;;;;
AUDITORIA_SIN_LAZO_241;AUDITORIA_222_EXCLUSIONES;;;;;;;;VIBRACION_CENTRIFUGA_3;;REVISION_NO_NUMERAR;"SIN_CANAL_FISICO_VALIDO; seguimiento de escritor SIN_DATOS; alcance Controller; área histórica 200 (no prueba área actual)";NO;;;;;;;;;;;;;;;;;;;;;;;;;;;;;;;;;;;;;;;;;;DESTILERIA_16062026;;"PLC_Origen=DESTILERIA_16062026; XML=DESTILERIA.L5X; declaracion Controller.VIBRACION_CENTRIFUGA_3; seguimiento de escritor SIN_DATOS; canales ninguno";SIN_CANAL_FISICO_VALIDO;;;;;;;NO_APLICA;;;;
AUDITORIA_SIN_LAZO_241;AUDITORIA_222_EXCLUSIONES;;;;;;;;VIBRACION_CENTRIFUGA_4;;REVISION_NO_NUMERAR;"SIN_CANAL_FISICO_VALIDO; seguimiento de escritor SIN_DATOS; alcance Controller; área histórica 200 (no prueba área actual)";NO;;;;;;;;;;;;;;;;;;;;;;;;;;;;;;;;;;;;;;;;;;DESTILERIA_16062026;;"PLC_Origen=DESTILERIA_16062026; XML=DESTILERIA.L5X; declaracion Controller.VIBRACION_CENTRIFUGA_4; seguimiento de escritor SIN_DATOS; canales ninguno";SIN_CANAL_FISICO_VALIDO;;;;;;;NO_APLICA;;;;
AUDITORIA_SIN_LAZO_241;AUDITORIA_222_EXCLUSIONES;;;;;;;;VIBRACION_CENTRIFUGA_5;jw_fermerntacion_2022:4:I.Ch0Data;REVISADO_EN_V4;"INTERNO_ESCALADO_PENDIENTE_EXCLUSIVIDAD; seguimiento de escritor FISICO; alcance Controller; área histórica 200 (no prueba área actual); revisado en v4: ver filas Grupo_V4=item4_canales";NO;;;;;;;;;;;;;;;;;;;;;;;;;;;;;;;;;;;;;;;;;;DESTILERIA_16062026;;"PLC_Origen=DESTILERIA_16062026; XML=DESTILERIA.L5X; declaracion Controller.VIBRACION_CENTRIFUGA_5; seguimiento de escritor FISICO; canales jw_fermerntacion_2022:4:I.Ch0Data";REVISADO_EN_V4;;;;;;;NO_APLICA;;;;
AUDITORIA_SIN_LAZO_241;AUDITORIA_222_EXCLUSIONES;;;;;;;;VIBRACION_CENTRIFUGA_6;;REVISION_NO_NUMERAR;"SIN_CANAL_FISICO_VALIDO; seguimiento de escritor SIN_DATOS; alcance Controller; área histórica 200 (no prueba área actual)";NO;;;;;;;;;;;;;;;;;;;;;;;;;;;;;;;;;;;;;;;;;;DESTILERIA_16062026;;"PLC_Origen=DESTILERIA_16062026; XML=DESTILERIA.L5X; declaracion Controller.VIBRACION_CENTRIFUGA_6; seguimiento de escritor SIN_DATOS; canales ninguno";SIN_CANAL_FISICO_VALIDO;;;;;;;NO_APLICA;;;;
AUDITORIA_SIN_LAZO_241;AUDITORIA_222_EXCLUSIONES;;;;;;;;VIBRACION_CENTRIFUGA_7;;REVISION_NO_NUMERAR;"SIN_CANAL_FISICO_VALIDO; seguimiento de escritor SIN_DATOS; alcance Controller; área histórica 200 (no prueba área actual)";NO;;;;;;;;;;;;;;;;;;;;;;;;;;;;;;;;;;;;;;;;;;DESTILERIA_16062026;;"PLC_Origen=DESTILERIA_16062026; XML=DESTILERIA.L5X; declaracion Controller.VIBRACION_CENTRIFUGA_7; seguimiento de escritor SIN_DATOS; canales ninguno";SIN_CANAL_FISICO_VALIDO;;;;;;;NO_APLICA;;;;
AUDITORIA_SIN_LAZO_241;AUDITORIA_222_EXCLUSIONES;;;;;;;;VIBRACION_CENTRIFUGA_8;;REVISION_NO_NUMERAR;"SIN_CANAL_FISICO_VALIDO; seguimiento de escritor SIN_DATOS; alcance Controller; área histórica 200 (no prueba área actual)";NO;;;;;;;;;;;;;;;;;;;;;;;;;;;;;;;;;;;;;;;;;;DESTILERIA_16062026;;"PLC_Origen=DESTILERIA_16062026; XML=DESTILERIA.L5X; declaracion Controller.VIBRACION_CENTRIFUGA_8; seguimiento de escritor SIN_DATOS; canales ninguno";SIN_CANAL_FISICO_VALIDO;;;;;;;NO_APLICA;;;;
AUDITORIA_SIN_LAZO_241;AUDITORIA_222_EXCLUSIONES;;;;;;;;LT_4TO_EFECTO_B;EVAPORADOR:2:I.Ch2Data | EVAPORADOR:2:I.Ch3Data;REVISION_NO_NUMERAR;"MULTIPLES_CANALES_FISICOS; seguimiento de escritor FISICO; alcance Program:EVAPORADOR; área histórica 300 (no prueba área actual)";NO;;;;;;;;;;;;;;;;;;;;;;;;;;;;;;;;;;;;;;;;;;DESTILERIA_16062026;;"PLC_Origen=DESTILERIA_16062026; XML=DESTILERIA.L5X; declaracion Program:EVAPORADOR.LT_4TO_EFECTO_B; seguimiento de escritor FISICO; canales EVAPORADOR:2:I.Ch2Data | EVAPORADOR:2:I.Ch3Data";MULTIPLES_CANALES_FISICOS;;;;;;;NO_APLICA;;;;
AUDITORIA_SIN_LAZO_241;AUDITORIA_222_EXCLUSIONES;;;;;;;;LT_TK_CONDENSADO;EVAPORADOR:2:I.Ch1Data;REVISADO_EN_V4;"INTERNO_ESCALADO_PENDIENTE_EXCLUSIVIDAD; seguimiento de escritor FISICO; alcance Program:EVAPORADOR; área histórica 300 (no prueba área actual); revisado en v4: ver filas Grupo_V4=item4_canales";NO;;;;;;;;;;;;;;;;;;;;;;;;;;;;;;;;;;;;;;;;;;DESTILERIA_16062026;;"PLC_Origen=DESTILERIA_16062026; XML=DESTILERIA.L5X; declaracion Program:EVAPORADOR.LT_TK_CONDENSADO; seguimiento de escritor FISICO; canales EVAPORADOR:2:I.Ch1Data";REVISADO_EN_V4;;;;;;;NO_APLICA;;;;
AUDITORIA_SIN_LAZO_241;AUDITORIA_222_EXCLUSIONES;;;;;;;;LT_TK_FLASH_A;EVAPORADOR:2:I.Ch4Data;REVISADO_EN_V4;"INTERNO_ESCALADO_PENDIENTE_EXCLUSIVIDAD; seguimiento de escritor FISICO; alcance Program:EVAPORADOR; área histórica 300 (no prueba área actual); revisado en v4: ver filas Grupo_V4=item4_canales";NO;;;;;;;;;;;;;;;;;;;;;;;;;;;;;;;;;;;;;;;;;;DESTILERIA_16062026;;"PLC_Origen=DESTILERIA_16062026; XML=DESTILERIA.L5X; declaracion Program:EVAPORADOR.LT_TK_FLASH_A; seguimiento de escritor FISICO; canales EVAPORADOR:2:I.Ch4Data";REVISADO_EN_V4;;;;;;;NO_APLICA;;;;
AUDITORIA_SIN_LAZO_241;AUDITORIA_222_EXCLUSIONES;;;;;;;;LT_TK_FLASH_B;EVAPORADOR:2:I.Ch5Data;REVISADO_EN_V4;"INTERNO_ESCALADO_PENDIENTE_EXCLUSIVIDAD; seguimiento de escritor FISICO; alcance Program:EVAPORADOR; área histórica 300 (no prueba área actual); revisado en v4: ver filas Grupo_V4=item4_canales";NO;;;;;;;;;;;;;;;;;;;;;;;;;;;;;;;;;;;;;;;;;;DESTILERIA_16062026;;"PLC_Origen=DESTILERIA_16062026; XML=DESTILERIA.L5X; declaracion Program:EVAPORADOR.LT_TK_FLASH_B; seguimiento de escritor FISICO; canales EVAPORADOR:2:I.Ch5Data";REVISADO_EN_V4;;;;;;;NO_APLICA;;;;
AUDITORIA_SIN_LAZO_241;AUDITORIA_222_EXCLUSIONES;;;;;;;;LT_VASO_1ER_EFECTO_A;EVAPORADOR:2:I.Ch0Data;REVISION_NO_NUMERAR;"CANAL_YA_PROPUESTO; seguimiento de escritor FISICO; alcance Program:EVAPORADOR; área histórica 300 (no prueba área actual)";NO;;;;;;;;;;;;;;;;;;;;;;;;;;;;;;;;;;;;;;;;;;DESTILERIA_16062026;;"PLC_Origen=DESTILERIA_16062026; XML=DESTILERIA.L5X; declaracion Program:EVAPORADOR.LT_VASO_1ER_EFECTO_A; seguimiento de escritor FISICO; canales EVAPORADOR:2:I.Ch0Data";CANAL_YA_PROPUESTO;;;;;;;NO_APLICA;;;;
AUDITORIA_SIN_LAZO_241;AUDITORIA_222_EXCLUSIONES;;;;;;;;BRIX;;REVISION_NO_NUMERAR;"SIN_CANAL_FISICO_VALIDO; seguimiento de escritor SIN_DATOS; alcance Program:FERMENTACION; área histórica 200 (no prueba área actual)";NO;;;;;;;;;;;;;;;;;;;;;;;;;;;;;;;;;;;;;;;;;;DESTILERIA_16062026;;"PLC_Origen=DESTILERIA_16062026; XML=DESTILERIA.L5X; declaracion Program:FERMENTACION.BRIX; seguimiento de escritor SIN_DATOS; canales ninguno";SIN_CANAL_FISICO_VALIDO;;;;;;;NO_APLICA;;;;
AUDITORIA_SIN_LAZO_241;AUDITORIA_222_EXCLUSIONES;;;;;;;;BRIX_MOSTO;;REVISION_NO_NUMERAR;"SIN_CANAL_FISICO_VALIDO; seguimiento de escritor SIN_ESCRITOR; alcance Program:FERMENTACION; área histórica 200 (no prueba área actual)";NO;;;;;;;;;;;;;;;;;;;;;;;;;;;;;;;;;;;;;;;;;;DESTILERIA_16062026;;"PLC_Origen=DESTILERIA_16062026; XML=DESTILERIA.L5X; declaracion Program:FERMENTACION.BRIX_MOSTO; seguimiento de escritor SIN_ESCRITOR; canales ninguno";SIN_CANAL_FISICO_VALIDO;;;;;;;NO_APLICA;;;;
AUDITORIA_SIN_LAZO_241;AUDITORIA_222_EXCLUSIONES;;;;;;;;DENSIDAD_MELADO_TRATADO;jw_fermerntacion_2022:6:I.Ch[4].Data;REVISADO_EN_V4;"INTERNO_ESCALADO_PENDIENTE_EXCLUSIVIDAD; seguimiento de escritor FISICO; alcance Program:FERMENTACION; área histórica 200 (no prueba área actual); revisado en v4: ver filas Grupo_V4=item4_canales";NO;;;;;;;;;;;;;;;;;;;;;;;;;;;;;;;;;;;;;;;;;;DESTILERIA_16062026;;"PLC_Origen=DESTILERIA_16062026; XML=DESTILERIA.L5X; declaracion Program:FERMENTACION.DENSIDAD_MELADO_TRATADO; seguimiento de escritor FISICO; canales jw_fermerntacion_2022:6:I.Ch[4].Data";REVISADO_EN_V4;;;;;;;NO_APLICA;;;;
AUDITORIA_SIN_LAZO_241;AUDITORIA_222_EXCLUSIONES;;;;;;;;DENSIDAD_MOSTO;jw_fermerntacion_2022:3:I.Ch7Data;REVISADO_EN_V4;"INTERNO_ESCALADO_PENDIENTE_EXCLUSIVIDAD; seguimiento de escritor FISICO; alcance Program:FERMENTACION; área histórica 200 (no prueba área actual); revisado en v4: ver filas Grupo_V4=item4_canales";NO;;;;;;;;;;;;;;;;;;;;;;;;;;;;;;;;;;;;;;;;;;DESTILERIA_16062026;;"PLC_Origen=DESTILERIA_16062026; XML=DESTILERIA.L5X; declaracion Program:FERMENTACION.DENSIDAD_MOSTO; seguimiento de escritor FISICO; canales jw_fermerntacion_2022:3:I.Ch7Data";REVISADO_EN_V4;;;;;;;NO_APLICA;;;;
AUDITORIA_SIN_LAZO_241;AUDITORIA_222_EXCLUSIONES;;;;;;;;DT_MELADO_TRATADO_TOTALIZADOR;jw_fermerntacion_2022:6:I.Ch[4].Data;REVISION_NO_NUMERAR;"DERIVADO_NO_INSTRUMENTO_INDEPENDIENTE; seguimiento de escritor FISICO; alcance Program:FERMENTACION; área histórica 200 (no prueba área actual)";NO;;;;;;;;;;;;;;;;;;;;;;;;;;;;;;;;;;;;;;;;;;DESTILERIA_16062026;;"PLC_Origen=DESTILERIA_16062026; XML=DESTILERIA.L5X; declaracion Program:FERMENTACION.DT_MELADO_TRATADO_TOTALIZADOR; seguimiento de escritor FISICO; canales jw_fermerntacion_2022:6:I.Ch[4].Data";DERIVADO_NO_INSTRUMENTO_INDEPENDIENTE;;;;;;;NO_APLICA;;;;
AUDITORIA_SIN_LAZO_241;AUDITORIA_222_EXCLUSIONES;;;;;;;;DT_MOSTO;;REVISION_NO_NUMERAR;"SIN_CANAL_FISICO_VALIDO; seguimiento de escritor SIN_ESCRITOR; alcance Program:FERMENTACION; área histórica 200 (no prueba área actual)";NO;;;;;;;;;;;;;;;;;;;;;;;;;;;;;;;;;;;;;;;;;;DESTILERIA_16062026;;"PLC_Origen=DESTILERIA_16062026; XML=DESTILERIA.L5X; declaracion Program:FERMENTACION.DT_MOSTO; seguimiento de escritor SIN_ESCRITOR; canales ninguno";SIN_CANAL_FISICO_VALIDO;;;;;;;NO_APLICA;;;;
AUDITORIA_SIN_LAZO_241;AUDITORIA_222_EXCLUSIONES;;;;;;;;FT_AGUA;jw_fermerntacion_2022:6:I.Ch[0].Data;REVISION_NO_NUMERAR;"INTERNO_ESCALADO_PENDIENTE_EXCLUSIVIDAD; seguimiento de escritor FISICO; alcance Program:FERMENTACION; área histórica 200 (no prueba área actual)";NO;;;;;;;;;;;;;;;;;;;;;;;;;;;;;;;;;;;;;;;;;;DESTILERIA_16062026;;"PLC_Origen=DESTILERIA_16062026; XML=DESTILERIA.L5X; declaracion Program:FERMENTACION.FT_AGUA; seguimiento de escritor FISICO; canales jw_fermerntacion_2022:6:I.Ch[0].Data";INTERNO_ESCALADO_PENDIENTE_EXCLUSIVIDAD;;;;;;;NO_APLICA;;;;
AUDITORIA_SIN_LAZO_241;AUDITORIA_222_EXCLUSIONES;;;;;;;;FT_JUGO;;REVISION_NO_NUMERAR;"RESCATADO_MONITOREO_V3; canal único de entrada; 200_FT_025; alcance Program:FERMENTACION; área histórica 200 (no prueba área actual)";NO;;;;;;;;;;;;;;;;;;;;;;;;;;;;;;;;;;;;;;;;;;DESTILERIA_16062026;;"PLC_Origen=DESTILERIA_16062026; XML=DESTILERIA.L5X; declaracion Program:FERMENTACION.FT_JUGO; canal único de entrada; 200_FT_025; canales ninguno";RESCATADO_MONITOREO_V3;;;;;;;NO_APLICA;;;;
AUDITORIA_SIN_LAZO_241;AUDITORIA_222_EXCLUSIONES;;;;;;;;FT_JUGO_ACUM_14_22_HR;;REVISION_NO_NUMERAR;"SIN_CANAL_FISICO_VALIDO; seguimiento de escritor SIN_ESCRITOR; alcance Program:FERMENTACION; área histórica 200 (no prueba área actual)";NO;;;;;;;;;;;;;;;;;;;;;;;;;;;;;;;;;;;;;;;;;;DESTILERIA_16062026;;"PLC_Origen=DESTILERIA_16062026; XML=DESTILERIA.L5X; declaracion Program:FERMENTACION.FT_JUGO_ACUM_14_22_HR; seguimiento de escritor SIN_ESCRITOR; canales ninguno";SIN_CANAL_FISICO_VALIDO;;;;;;;NO_APLICA;;;;
AUDITORIA_SIN_LAZO_241;AUDITORIA_222_EXCLUSIONES;;;;;;;;FT_JUGO_ACUM_22_06_HR;;REVISION_NO_NUMERAR;"SIN_CANAL_FISICO_VALIDO; seguimiento de escritor SIN_ESCRITOR; alcance Program:FERMENTACION; área histórica 200 (no prueba área actual)";NO;;;;;;;;;;;;;;;;;;;;;;;;;;;;;;;;;;;;;;;;;;DESTILERIA_16062026;;"PLC_Origen=DESTILERIA_16062026; XML=DESTILERIA.L5X; declaracion Program:FERMENTACION.FT_JUGO_ACUM_22_06_HR; seguimiento de escritor SIN_ESCRITOR; canales ninguno";SIN_CANAL_FISICO_VALIDO;;;;;;;NO_APLICA;;;;
AUDITORIA_SIN_LAZO_241;AUDITORIA_222_EXCLUSIONES;;;;;;;;FT_JUGO_ACUM_DIA_ACT;jw_fermerntacion_2022:6:I.Ch[1].Data;REVISION_NO_NUMERAR;"CANAL_YA_PROPUESTO; seguimiento de escritor FISICO; alcance Program:FERMENTACION; área histórica 200 (no prueba área actual)";NO;;;;;;;;;;;;;;;;;;;;;;;;;;;;;;;;;;;;;;;;;;DESTILERIA_16062026;;"PLC_Origen=DESTILERIA_16062026; XML=DESTILERIA.L5X; declaracion Program:FERMENTACION.FT_JUGO_ACUM_DIA_ACT; seguimiento de escritor FISICO; canales jw_fermerntacion_2022:6:I.Ch[1].Data";CANAL_YA_PROPUESTO;;;;;;;NO_APLICA;;;;
AUDITORIA_SIN_LAZO_241;AUDITORIA_222_EXCLUSIONES;;;;;;;;FT_JUGO_ACUM_DIA_ANT;jw_fermerntacion_2022:6:I.Ch[1].Data;REVISION_NO_NUMERAR;"CANAL_YA_PROPUESTO; seguimiento de escritor FISICO; alcance Program:FERMENTACION; área histórica 200 (no prueba área actual)";NO;;;;;;;;;;;;;;;;;;;;;;;;;;;;;;;;;;;;;;;;;;DESTILERIA_16062026;;"PLC_Origen=DESTILERIA_16062026; XML=DESTILERIA.L5X; declaracion Program:FERMENTACION.FT_JUGO_ACUM_DIA_ANT; seguimiento de escritor FISICO; canales jw_fermerntacion_2022:6:I.Ch[1].Data";CANAL_YA_PROPUESTO;;;;;;;NO_APLICA;;;;
AUDITORIA_SIN_LAZO_241;AUDITORIA_222_EXCLUSIONES;;;;;;;;FT_JUGO_ACUM_HR_ACT;jw_fermerntacion_2022:6:I.Ch[1].Data;REVISION_NO_NUMERAR;"CANAL_YA_PROPUESTO; seguimiento de escritor FISICO; alcance Program:FERMENTACION; área histórica 200 (no prueba área actual)";NO;;;;;;;;;;;;;;;;;;;;;;;;;;;;;;;;;;;;;;;;;;DESTILERIA_16062026;;"PLC_Origen=DESTILERIA_16062026; XML=DESTILERIA.L5X; declaracion Program:FERMENTACION.FT_JUGO_ACUM_HR_ACT; seguimiento de escritor FISICO; canales jw_fermerntacion_2022:6:I.Ch[1].Data";CANAL_YA_PROPUESTO;;;;;;;NO_APLICA;;;;
AUDITORIA_SIN_LAZO_241;AUDITORIA_222_EXCLUSIONES;;;;;;;;FT_JUGO_ACUM_HR_ANT;jw_fermerntacion_2022:6:I.Ch[1].Data;REVISION_NO_NUMERAR;"CANAL_YA_PROPUESTO; seguimiento de escritor FISICO; alcance Program:FERMENTACION; área histórica 200 (no prueba área actual)";NO;;;;;;;;;;;;;;;;;;;;;;;;;;;;;;;;;;;;;;;;;;DESTILERIA_16062026;;"PLC_Origen=DESTILERIA_16062026; XML=DESTILERIA.L5X; declaracion Program:FERMENTACION.FT_JUGO_ACUM_HR_ANT; seguimiento de escritor FISICO; canales jw_fermerntacion_2022:6:I.Ch[1].Data";CANAL_YA_PROPUESTO;;;;;;;NO_APLICA;;;;
AUDITORIA_SIN_LAZO_241;AUDITORIA_222_EXCLUSIONES;;;;;;;;FT_JUGO_TOTALIZADOR;jw_fermerntacion_2022:6:I.Ch[1].Data;REVISION_NO_NUMERAR;"CANAL_YA_PROPUESTO; seguimiento de escritor FISICO; alcance Program:FERMENTACION; área histórica 200 (no prueba área actual)";NO;;;;;;;;;;;;;;;;;;;;;;;;;;;;;;;;;;;;;;;;;;DESTILERIA_16062026;;"PLC_Origen=DESTILERIA_16062026; XML=DESTILERIA.L5X; declaracion Program:FERMENTACION.FT_JUGO_TOTALIZADOR; seguimiento de escritor FISICO; canales jw_fermerntacion_2022:6:I.Ch[1].Data";CANAL_YA_PROPUESTO;;;;;;;NO_APLICA;;;;
AUDITORIA_SIN_LAZO_241;AUDITORIA_222_EXCLUSIONES;;;;;;;;FT_LECHADA;jw_fermerntacion_2022:6:I.Ch[2].Data;REVISION_NO_NUMERAR;"INTERNO_ESCALADO_PENDIENTE_EXCLUSIVIDAD; seguimiento de escritor FISICO; alcance Program:FERMENTACION; área histórica 200 (no prueba área actual)";NO;;;;;;;;;;;;;;;;;;;;;;;;;;;;;;;;;;;;;;;;;;DESTILERIA_16062026;;"PLC_Origen=DESTILERIA_16062026; XML=DESTILERIA.L5X; declaracion Program:FERMENTACION.FT_LECHADA; seguimiento de escritor FISICO; canales jw_fermerntacion_2022:6:I.Ch[2].Data";INTERNO_ESCALADO_PENDIENTE_EXCLUSIVIDAD;;;;;;;NO_APLICA;;;;
AUDITORIA_SIN_LAZO_241;AUDITORIA_222_EXCLUSIONES;;;;;;;;FT_MELADO_ACUM_06_14_HR;jw_fermerntacion_2022:5:I.Ch[1].Data;REVISION_NO_NUMERAR;"DERIVADO_NO_INSTRUMENTO_INDEPENDIENTE; seguimiento de escritor FISICO; alcance Program:FERMENTACION; área histórica 200 (no prueba área actual)";NO;;;;;;;;;;;;;;;;;;;;;;;;;;;;;;;;;;;;;;;;;;DESTILERIA_16062026;;"PLC_Origen=DESTILERIA_16062026; XML=DESTILERIA.L5X; declaracion Program:FERMENTACION.FT_MELADO_ACUM_06_14_HR; seguimiento de escritor FISICO; canales jw_fermerntacion_2022:5:I.Ch[1].Data";DERIVADO_NO_INSTRUMENTO_INDEPENDIENTE;;;;;;;NO_APLICA;;;;
AUDITORIA_SIN_LAZO_241;AUDITORIA_222_EXCLUSIONES;;;;;;;;FT_MELADO_ACUM_14_22_HR;jw_fermerntacion_2022:5:I.Ch[1].Data;REVISION_NO_NUMERAR;"DERIVADO_NO_INSTRUMENTO_INDEPENDIENTE; seguimiento de escritor FISICO; alcance Program:FERMENTACION; área histórica 200 (no prueba área actual)";NO;;;;;;;;;;;;;;;;;;;;;;;;;;;;;;;;;;;;;;;;;;DESTILERIA_16062026;;"PLC_Origen=DESTILERIA_16062026; XML=DESTILERIA.L5X; declaracion Program:FERMENTACION.FT_MELADO_ACUM_14_22_HR; seguimiento de escritor FISICO; canales jw_fermerntacion_2022:5:I.Ch[1].Data";DERIVADO_NO_INSTRUMENTO_INDEPENDIENTE;;;;;;;NO_APLICA;;;;
AUDITORIA_SIN_LAZO_241;AUDITORIA_222_EXCLUSIONES;;;;;;;;FT_MELADO_ACUM_22_06_HR;jw_fermerntacion_2022:5:I.Ch[1].Data;REVISION_NO_NUMERAR;"DERIVADO_NO_INSTRUMENTO_INDEPENDIENTE; seguimiento de escritor FISICO; alcance Program:FERMENTACION; área histórica 200 (no prueba área actual)";NO;;;;;;;;;;;;;;;;;;;;;;;;;;;;;;;;;;;;;;;;;;DESTILERIA_16062026;;"PLC_Origen=DESTILERIA_16062026; XML=DESTILERIA.L5X; declaracion Program:FERMENTACION.FT_MELADO_ACUM_22_06_HR; seguimiento de escritor FISICO; canales jw_fermerntacion_2022:5:I.Ch[1].Data";DERIVADO_NO_INSTRUMENTO_INDEPENDIENTE;;;;;;;NO_APLICA;;;;
AUDITORIA_SIN_LAZO_241;AUDITORIA_222_EXCLUSIONES;;;;;;;;FT_MELADO_ACUM_DIA_ACT;jw_fermerntacion_2022:5:I.Ch[1].Data;REVISION_NO_NUMERAR;"DERIVADO_NO_INSTRUMENTO_INDEPENDIENTE; seguimiento de escritor FISICO; alcance Program:FERMENTACION; área histórica 200 (no prueba área actual)";NO;;;;;;;;;;;;;;;;;;;;;;;;;;;;;;;;;;;;;;;;;;DESTILERIA_16062026;;"PLC_Origen=DESTILERIA_16062026; XML=DESTILERIA.L5X; declaracion Program:FERMENTACION.FT_MELADO_ACUM_DIA_ACT; seguimiento de escritor FISICO; canales jw_fermerntacion_2022:5:I.Ch[1].Data";DERIVADO_NO_INSTRUMENTO_INDEPENDIENTE;;;;;;;NO_APLICA;;;;
AUDITORIA_SIN_LAZO_241;AUDITORIA_222_EXCLUSIONES;;;;;;;;FT_MELADO_ACUM_DIA_ANT;jw_fermerntacion_2022:5:I.Ch[1].Data;REVISION_NO_NUMERAR;"DERIVADO_NO_INSTRUMENTO_INDEPENDIENTE; seguimiento de escritor FISICO; alcance Program:FERMENTACION; área histórica 200 (no prueba área actual)";NO;;;;;;;;;;;;;;;;;;;;;;;;;;;;;;;;;;;;;;;;;;DESTILERIA_16062026;;"PLC_Origen=DESTILERIA_16062026; XML=DESTILERIA.L5X; declaracion Program:FERMENTACION.FT_MELADO_ACUM_DIA_ANT; seguimiento de escritor FISICO; canales jw_fermerntacion_2022:5:I.Ch[1].Data";DERIVADO_NO_INSTRUMENTO_INDEPENDIENTE;;;;;;;NO_APLICA;;;;
AUDITORIA_SIN_LAZO_241;AUDITORIA_222_EXCLUSIONES;;;;;;;;FT_MELADO_ACUM_HR_ACT;jw_fermerntacion_2022:5:I.Ch[1].Data;REVISION_NO_NUMERAR;"DERIVADO_NO_INSTRUMENTO_INDEPENDIENTE; seguimiento de escritor FISICO; alcance Program:FERMENTACION; área histórica 200 (no prueba área actual)";NO;;;;;;;;;;;;;;;;;;;;;;;;;;;;;;;;;;;;;;;;;;DESTILERIA_16062026;;"PLC_Origen=DESTILERIA_16062026; XML=DESTILERIA.L5X; declaracion Program:FERMENTACION.FT_MELADO_ACUM_HR_ACT; seguimiento de escritor FISICO; canales jw_fermerntacion_2022:5:I.Ch[1].Data";DERIVADO_NO_INSTRUMENTO_INDEPENDIENTE;;;;;;;NO_APLICA;;;;
AUDITORIA_SIN_LAZO_241;AUDITORIA_222_EXCLUSIONES;;;;;;;;FT_MELADO_ACUM_HR_ANT;jw_fermerntacion_2022:5:I.Ch[1].Data;REVISION_NO_NUMERAR;"DERIVADO_NO_INSTRUMENTO_INDEPENDIENTE; seguimiento de escritor FISICO; alcance Program:FERMENTACION; área histórica 200 (no prueba área actual)";NO;;;;;;;;;;;;;;;;;;;;;;;;;;;;;;;;;;;;;;;;;;DESTILERIA_16062026;;"PLC_Origen=DESTILERIA_16062026; XML=DESTILERIA.L5X; declaracion Program:FERMENTACION.FT_MELADO_ACUM_HR_ANT; seguimiento de escritor FISICO; canales jw_fermerntacion_2022:5:I.Ch[1].Data";DERIVADO_NO_INSTRUMENTO_INDEPENDIENTE;;;;;;;NO_APLICA;;;;
AUDITORIA_SIN_LAZO_241;AUDITORIA_222_EXCLUSIONES;;;;;;;;FT_MELADO_TRATADO;jw_fermerntacion_2022:5:I.Ch[1].Data;REVISION_NO_NUMERAR;"YA_EN_PRODUCCION_POR_IDENTIDAD; seguimiento de escritor FISICO; alcance Program:FERMENTACION; área histórica 200 (no prueba área actual)";NO;;;;;;;;;;;;;;;;;;;;;;;;;;;;;;;;;;;;;;;;;;DESTILERIA_16062026;;"PLC_Origen=DESTILERIA_16062026; XML=DESTILERIA.L5X; declaracion Program:FERMENTACION.FT_MELADO_TRATADO; seguimiento de escritor FISICO; canales jw_fermerntacion_2022:5:I.Ch[1].Data";YA_EN_PRODUCCION_POR_IDENTIDAD;;;;;;;NO_APLICA;;;;
AUDITORIA_SIN_LAZO_241;AUDITORIA_222_EXCLUSIONES;;;;;;;;FT_MELADO_TRATADO_TOTALIZADOR;jw_fermerntacion_2022:5:I.Ch[1].Data;REVISION_NO_NUMERAR;"DERIVADO_NO_INSTRUMENTO_INDEPENDIENTE; seguimiento de escritor FISICO; alcance Program:FERMENTACION; área histórica 200 (no prueba área actual)";NO;;;;;;;;;;;;;;;;;;;;;;;;;;;;;;;;;;;;;;;;;;DESTILERIA_16062026;;"PLC_Origen=DESTILERIA_16062026; XML=DESTILERIA.L5X; declaracion Program:FERMENTACION.FT_MELADO_TRATADO_TOTALIZADOR; seguimiento de escritor FISICO; canales jw_fermerntacion_2022:5:I.Ch[1].Data";DERIVADO_NO_INSTRUMENTO_INDEPENDIENTE;;;;;;;NO_APLICA;;;;
AUDITORIA_SIN_LAZO_241;AUDITORIA_222_EXCLUSIONES;;;;;;;;FT_MELADO_X_DT_KG_ACUM_06_14_HR;jw_fermerntacion_2022:5:I.Ch[1].Data | jw_fermerntacion_2022:6:I.Ch[4].Data;REVISION_NO_NUMERAR;"MULTIPLES_CANALES_FISICOS; seguimiento de escritor FISICO; alcance Program:FERMENTACION; área histórica 200 (no prueba área actual)";NO;;;;;;;;;;;;;;;;;;;;;;;;;;;;;;;;;;;;;;;;;;DESTILERIA_16062026;;"PLC_Origen=DESTILERIA_16062026; XML=DESTILERIA.L5X; declaracion Program:FERMENTACION.FT_MELADO_X_DT_KG_ACUM_06_14_HR; seguimiento de escritor FISICO; canales jw_fermerntacion_2022:5:I.Ch[1].Data | jw_fermerntacion_2022:6:I.Ch[4].Data";MULTIPLES_CANALES_FISICOS;;;;;;;NO_APLICA;;;;
AUDITORIA_SIN_LAZO_241;AUDITORIA_222_EXCLUSIONES;;;;;;;;FT_MELADO_X_DT_KG_ACUM_14_22_HR;jw_fermerntacion_2022:5:I.Ch[1].Data | jw_fermerntacion_2022:6:I.Ch[4].Data;REVISION_NO_NUMERAR;"MULTIPLES_CANALES_FISICOS; seguimiento de escritor FISICO; alcance Program:FERMENTACION; área histórica 200 (no prueba área actual)";NO;;;;;;;;;;;;;;;;;;;;;;;;;;;;;;;;;;;;;;;;;;DESTILERIA_16062026;;"PLC_Origen=DESTILERIA_16062026; XML=DESTILERIA.L5X; declaracion Program:FERMENTACION.FT_MELADO_X_DT_KG_ACUM_14_22_HR; seguimiento de escritor FISICO; canales jw_fermerntacion_2022:5:I.Ch[1].Data | jw_fermerntacion_2022:6:I.Ch[4].Data";MULTIPLES_CANALES_FISICOS;;;;;;;NO_APLICA;;;;
AUDITORIA_SIN_LAZO_241;AUDITORIA_222_EXCLUSIONES;;;;;;;;FT_MELADO_X_DT_KG_ACUM_22_06_HR;jw_fermerntacion_2022:5:I.Ch[1].Data | jw_fermerntacion_2022:6:I.Ch[4].Data;REVISION_NO_NUMERAR;"MULTIPLES_CANALES_FISICOS; seguimiento de escritor FISICO; alcance Program:FERMENTACION; área histórica 200 (no prueba área actual)";NO;;;;;;;;;;;;;;;;;;;;;;;;;;;;;;;;;;;;;;;;;;DESTILERIA_16062026;;"PLC_Origen=DESTILERIA_16062026; XML=DESTILERIA.L5X; declaracion Program:FERMENTACION.FT_MELADO_X_DT_KG_ACUM_22_06_HR; seguimiento de escritor FISICO; canales jw_fermerntacion_2022:5:I.Ch[1].Data | jw_fermerntacion_2022:6:I.Ch[4].Data";MULTIPLES_CANALES_FISICOS;;;;;;;NO_APLICA;;;;
AUDITORIA_SIN_LAZO_241;AUDITORIA_222_EXCLUSIONES;;;;;;;;FT_MELAZA;jw_fermerntacion_2022:6:I.Ch[3].Data;REVISION_NO_NUMERAR;"YA_EN_PRODUCCION_POR_IDENTIDAD; seguimiento de escritor FISICO; alcance Program:FERMENTACION; área histórica 200 (no prueba área actual)";NO;;;;;;;;;;;;;;;;;;;;;;;;;;;;;;;;;;;;;;;;;;DESTILERIA_16062026;;"PLC_Origen=DESTILERIA_16062026; XML=DESTILERIA.L5X; declaracion Program:FERMENTACION.FT_MELAZA; seguimiento de escritor FISICO; canales jw_fermerntacion_2022:6:I.Ch[3].Data";YA_EN_PRODUCCION_POR_IDENTIDAD;;;;;;;NO_APLICA;;;;
AUDITORIA_SIN_LAZO_241;AUDITORIA_222_EXCLUSIONES;;;;;;;;FT_MELAZA_ACUM_06_14_HR;jw_fermerntacion_2022:6:I.Ch[3].Data;REVISION_NO_NUMERAR;"DERIVADO_NO_INSTRUMENTO_INDEPENDIENTE; seguimiento de escritor FISICO; alcance Program:FERMENTACION; área histórica 200 (no prueba área actual)";NO;;;;;;;;;;;;;;;;;;;;;;;;;;;;;;;;;;;;;;;;;;DESTILERIA_16062026;;"PLC_Origen=DESTILERIA_16062026; XML=DESTILERIA.L5X; declaracion Program:FERMENTACION.FT_MELAZA_ACUM_06_14_HR; seguimiento de escritor FISICO; canales jw_fermerntacion_2022:6:I.Ch[3].Data";DERIVADO_NO_INSTRUMENTO_INDEPENDIENTE;;;;;;;NO_APLICA;;;;
AUDITORIA_SIN_LAZO_241;AUDITORIA_222_EXCLUSIONES;;;;;;;;FT_MELAZA_ACUM_14_22_HR;jw_fermerntacion_2022:6:I.Ch[3].Data;REVISION_NO_NUMERAR;"DERIVADO_NO_INSTRUMENTO_INDEPENDIENTE; seguimiento de escritor FISICO; alcance Program:FERMENTACION; área histórica 200 (no prueba área actual)";NO;;;;;;;;;;;;;;;;;;;;;;;;;;;;;;;;;;;;;;;;;;DESTILERIA_16062026;;"PLC_Origen=DESTILERIA_16062026; XML=DESTILERIA.L5X; declaracion Program:FERMENTACION.FT_MELAZA_ACUM_14_22_HR; seguimiento de escritor FISICO; canales jw_fermerntacion_2022:6:I.Ch[3].Data";DERIVADO_NO_INSTRUMENTO_INDEPENDIENTE;;;;;;;NO_APLICA;;;;
AUDITORIA_SIN_LAZO_241;AUDITORIA_222_EXCLUSIONES;;;;;;;;FT_MELAZA_ACUM_22_06_HR;jw_fermerntacion_2022:6:I.Ch[3].Data;REVISION_NO_NUMERAR;"DERIVADO_NO_INSTRUMENTO_INDEPENDIENTE; seguimiento de escritor FISICO; alcance Program:FERMENTACION; área histórica 200 (no prueba área actual)";NO;;;;;;;;;;;;;;;;;;;;;;;;;;;;;;;;;;;;;;;;;;DESTILERIA_16062026;;"PLC_Origen=DESTILERIA_16062026; XML=DESTILERIA.L5X; declaracion Program:FERMENTACION.FT_MELAZA_ACUM_22_06_HR; seguimiento de escritor FISICO; canales jw_fermerntacion_2022:6:I.Ch[3].Data";DERIVADO_NO_INSTRUMENTO_INDEPENDIENTE;;;;;;;NO_APLICA;;;;
AUDITORIA_SIN_LAZO_241;AUDITORIA_222_EXCLUSIONES;;;;;;;;FT_MELAZA_ACUM_DIA_ACT;jw_fermerntacion_2022:6:I.Ch[3].Data;REVISION_NO_NUMERAR;"DERIVADO_NO_INSTRUMENTO_INDEPENDIENTE; seguimiento de escritor FISICO; alcance Program:FERMENTACION; área histórica 200 (no prueba área actual)";NO;;;;;;;;;;;;;;;;;;;;;;;;;;;;;;;;;;;;;;;;;;DESTILERIA_16062026;;"PLC_Origen=DESTILERIA_16062026; XML=DESTILERIA.L5X; declaracion Program:FERMENTACION.FT_MELAZA_ACUM_DIA_ACT; seguimiento de escritor FISICO; canales jw_fermerntacion_2022:6:I.Ch[3].Data";DERIVADO_NO_INSTRUMENTO_INDEPENDIENTE;;;;;;;NO_APLICA;;;;
AUDITORIA_SIN_LAZO_241;AUDITORIA_222_EXCLUSIONES;;;;;;;;FT_MELAZA_ACUM_DIA_ANT;jw_fermerntacion_2022:6:I.Ch[3].Data;REVISION_NO_NUMERAR;"DERIVADO_NO_INSTRUMENTO_INDEPENDIENTE; seguimiento de escritor FISICO; alcance Program:FERMENTACION; área histórica 200 (no prueba área actual)";NO;;;;;;;;;;;;;;;;;;;;;;;;;;;;;;;;;;;;;;;;;;DESTILERIA_16062026;;"PLC_Origen=DESTILERIA_16062026; XML=DESTILERIA.L5X; declaracion Program:FERMENTACION.FT_MELAZA_ACUM_DIA_ANT; seguimiento de escritor FISICO; canales jw_fermerntacion_2022:6:I.Ch[3].Data";DERIVADO_NO_INSTRUMENTO_INDEPENDIENTE;;;;;;;NO_APLICA;;;;
AUDITORIA_SIN_LAZO_241;AUDITORIA_222_EXCLUSIONES;;;;;;;;FT_MELAZA_ACUM_HR_ACT;jw_fermerntacion_2022:6:I.Ch[3].Data;REVISION_NO_NUMERAR;"DERIVADO_NO_INSTRUMENTO_INDEPENDIENTE; seguimiento de escritor FISICO; alcance Program:FERMENTACION; área histórica 200 (no prueba área actual)";NO;;;;;;;;;;;;;;;;;;;;;;;;;;;;;;;;;;;;;;;;;;DESTILERIA_16062026;;"PLC_Origen=DESTILERIA_16062026; XML=DESTILERIA.L5X; declaracion Program:FERMENTACION.FT_MELAZA_ACUM_HR_ACT; seguimiento de escritor FISICO; canales jw_fermerntacion_2022:6:I.Ch[3].Data";DERIVADO_NO_INSTRUMENTO_INDEPENDIENTE;;;;;;;NO_APLICA;;;;
AUDITORIA_SIN_LAZO_241;AUDITORIA_222_EXCLUSIONES;;;;;;;;FT_MELAZA_ACUM_HR_ANT;jw_fermerntacion_2022:6:I.Ch[3].Data;REVISION_NO_NUMERAR;"DERIVADO_NO_INSTRUMENTO_INDEPENDIENTE; seguimiento de escritor FISICO; alcance Program:FERMENTACION; área histórica 200 (no prueba área actual)";NO;;;;;;;;;;;;;;;;;;;;;;;;;;;;;;;;;;;;;;;;;;DESTILERIA_16062026;;"PLC_Origen=DESTILERIA_16062026; XML=DESTILERIA.L5X; declaracion Program:FERMENTACION.FT_MELAZA_ACUM_HR_ANT; seguimiento de escritor FISICO; canales jw_fermerntacion_2022:6:I.Ch[3].Data";DERIVADO_NO_INSTRUMENTO_INDEPENDIENTE;;;;;;;NO_APLICA;;;;
AUDITORIA_SIN_LAZO_241;AUDITORIA_222_EXCLUSIONES;;;;;;;;FT_MELAZA_TN_H;jw_fermerntacion_2022:6:I.Ch[3].Data;REVISION_NO_NUMERAR;"INTERNO_ESCALADO_PENDIENTE_EXCLUSIVIDAD; seguimiento de escritor FISICO; alcance Program:FERMENTACION; área histórica 200 (no prueba área actual)";NO;;;;;;;;;;;;;;;;;;;;;;;;;;;;;;;;;;;;;;;;;;DESTILERIA_16062026;;"PLC_Origen=DESTILERIA_16062026; XML=DESTILERIA.L5X; declaracion Program:FERMENTACION.FT_MELAZA_TN_H; seguimiento de escritor FISICO; canales jw_fermerntacion_2022:6:I.Ch[3].Data";INTERNO_ESCALADO_PENDIENTE_EXCLUSIVIDAD;;;;;;;NO_APLICA;;;;
AUDITORIA_SIN_LAZO_241;AUDITORIA_222_EXCLUSIONES;;;;;;;;FT_MELAZA_TOTALIZADOR;jw_fermerntacion_2022:6:I.Ch[3].Data;REVISION_NO_NUMERAR;"DERIVADO_NO_INSTRUMENTO_INDEPENDIENTE; seguimiento de escritor FISICO; alcance Program:FERMENTACION; área histórica 200 (no prueba área actual)";NO;;;;;;;;;;;;;;;;;;;;;;;;;;;;;;;;;;;;;;;;;;DESTILERIA_16062026;;"PLC_Origen=DESTILERIA_16062026; XML=DESTILERIA.L5X; declaracion Program:FERMENTACION.FT_MELAZA_TOTALIZADOR; seguimiento de escritor FISICO; canales jw_fermerntacion_2022:6:I.Ch[3].Data";DERIVADO_NO_INSTRUMENTO_INDEPENDIENTE;;;;;;;NO_APLICA;;;;
AUDITORIA_SIN_LAZO_241;AUDITORIA_222_EXCLUSIONES;;;;;;;;FT_MOSTO;jw_fermerntacion_2022:6:I.Ch[0].Data | jw_fermerntacion_2022:6:I.Ch[1].Data | jw_fermerntacion_2022:6:I.Ch[3].Data;REVISION_NO_NUMERAR;"MULTIPLES_CANALES_FISICOS; seguimiento de escritor FISICO; alcance Program:FERMENTACION; área histórica 200 (no prueba área actual)";NO;;;;;;;;;;;;;;;;;;;;;;;;;;;;;;;;;;;;;;;;;;DESTILERIA_16062026;;"PLC_Origen=DESTILERIA_16062026; XML=DESTILERIA.L5X; declaracion Program:FERMENTACION.FT_MOSTO; seguimiento de escritor FISICO; canales jw_fermerntacion_2022:6:I.Ch[0].Data | jw_fermerntacion_2022:6:I.Ch[1].Data | jw_fermerntacion_2022:6:I.Ch[3].Data";MULTIPLES_CANALES_FISICOS;;;;;;;NO_APLICA;;;;
AUDITORIA_SIN_LAZO_241;AUDITORIA_222_EXCLUSIONES;;;;;;;;FT_MOSTOxDENSIDAD_ACUM_DIA_ACT;jw_fermerntacion_2022:5:I.Ch[2].Data;REVISION_NO_NUMERAR;"DERIVADO_NO_INSTRUMENTO_INDEPENDIENTE; seguimiento de escritor FISICO; alcance Program:FERMENTACION; área histórica 200 (no prueba área actual)";NO;;;;;;;;;;;;;;;;;;;;;;;;;;;;;;;;;;;;;;;;;;DESTILERIA_16062026;;"PLC_Origen=DESTILERIA_16062026; XML=DESTILERIA.L5X; declaracion Program:FERMENTACION.FT_MOSTOxDENSIDAD_ACUM_DIA_ACT; seguimiento de escritor FISICO; canales jw_fermerntacion_2022:5:I.Ch[2].Data";DERIVADO_NO_INSTRUMENTO_INDEPENDIENTE;;;;;;;NO_APLICA;;;;
AUDITORIA_SIN_LAZO_241;AUDITORIA_222_EXCLUSIONES;;;;;;;;FT_MOSTOxDENSIDAD_ACUM_DIA_ANT;jw_fermerntacion_2022:5:I.Ch[2].Data;REVISION_NO_NUMERAR;"DERIVADO_NO_INSTRUMENTO_INDEPENDIENTE; seguimiento de escritor FISICO; alcance Program:FERMENTACION; área histórica 200 (no prueba área actual)";NO;;;;;;;;;;;;;;;;;;;;;;;;;;;;;;;;;;;;;;;;;;DESTILERIA_16062026;;"PLC_Origen=DESTILERIA_16062026; XML=DESTILERIA.L5X; declaracion Program:FERMENTACION.FT_MOSTOxDENSIDAD_ACUM_DIA_ANT; seguimiento de escritor FISICO; canales jw_fermerntacion_2022:5:I.Ch[2].Data";DERIVADO_NO_INSTRUMENTO_INDEPENDIENTE;;;;;;;NO_APLICA;;;;
AUDITORIA_SIN_LAZO_241;AUDITORIA_222_EXCLUSIONES;;;;;;;;FT_MOSTOxDENSIDAD_ACUM_HR_ACT;jw_fermerntacion_2022:5:I.Ch[2].Data;REVISION_NO_NUMERAR;"DERIVADO_NO_INSTRUMENTO_INDEPENDIENTE; seguimiento de escritor FISICO; alcance Program:FERMENTACION; área histórica 200 (no prueba área actual)";NO;;;;;;;;;;;;;;;;;;;;;;;;;;;;;;;;;;;;;;;;;;DESTILERIA_16062026;;"PLC_Origen=DESTILERIA_16062026; XML=DESTILERIA.L5X; declaracion Program:FERMENTACION.FT_MOSTOxDENSIDAD_ACUM_HR_ACT; seguimiento de escritor FISICO; canales jw_fermerntacion_2022:5:I.Ch[2].Data";DERIVADO_NO_INSTRUMENTO_INDEPENDIENTE;;;;;;;NO_APLICA;;;;
AUDITORIA_SIN_LAZO_241;AUDITORIA_222_EXCLUSIONES;;;;;;;;FT_MOSTOxDENSIDAD_ACUM_HR_ANT;jw_fermerntacion_2022:5:I.Ch[2].Data;REVISION_NO_NUMERAR;"DERIVADO_NO_INSTRUMENTO_INDEPENDIENTE; seguimiento de escritor FISICO; alcance Program:FERMENTACION; área histórica 200 (no prueba área actual)";NO;;;;;;;;;;;;;;;;;;;;;;;;;;;;;;;;;;;;;;;;;;DESTILERIA_16062026;;"PLC_Origen=DESTILERIA_16062026; XML=DESTILERIA.L5X; declaracion Program:FERMENTACION.FT_MOSTOxDENSIDAD_ACUM_HR_ANT; seguimiento de escritor FISICO; canales jw_fermerntacion_2022:5:I.Ch[2].Data";DERIVADO_NO_INSTRUMENTO_INDEPENDIENTE;;;;;;;NO_APLICA;;;;
AUDITORIA_SIN_LAZO_241;AUDITORIA_222_EXCLUSIONES;;;;;;;;FT_MOSTOXDENSIDAD_TOTALIZADOR;jw_fermerntacion_2022:3:I.Ch7Data | jw_fermerntacion_2022:5:I.Ch[2].Data;REVISION_NO_NUMERAR;"MULTIPLES_CANALES_FISICOS; seguimiento de escritor FISICO; alcance Program:FERMENTACION; área histórica 200 (no prueba área actual)";NO;;;;;;;;;;;;;;;;;;;;;;;;;;;;;;;;;;;;;;;;;;DESTILERIA_16062026;;"PLC_Origen=DESTILERIA_16062026; XML=DESTILERIA.L5X; declaracion Program:FERMENTACION.FT_MOSTOXDENSIDAD_TOTALIZADOR; seguimiento de escritor FISICO; canales jw_fermerntacion_2022:3:I.Ch7Data | jw_fermerntacion_2022:5:I.Ch[2].Data";MULTIPLES_CANALES_FISICOS;;;;;;;NO_APLICA;;;;
AUDITORIA_SIN_LAZO_241;AUDITORIA_222_EXCLUSIONES;;;;;;;;FT_MOSTO_ACUM_06_14_HR;jw_fermerntacion_2022:5:I.Ch[2].Data;REVISION_NO_NUMERAR;"DERIVADO_NO_INSTRUMENTO_INDEPENDIENTE; seguimiento de escritor FISICO; alcance Program:FERMENTACION; área histórica 200 (no prueba área actual)";NO;;;;;;;;;;;;;;;;;;;;;;;;;;;;;;;;;;;;;;;;;;DESTILERIA_16062026;;"PLC_Origen=DESTILERIA_16062026; XML=DESTILERIA.L5X; declaracion Program:FERMENTACION.FT_MOSTO_ACUM_06_14_HR; seguimiento de escritor FISICO; canales jw_fermerntacion_2022:5:I.Ch[2].Data";DERIVADO_NO_INSTRUMENTO_INDEPENDIENTE;;;;;;;NO_APLICA;;;;
AUDITORIA_SIN_LAZO_241;AUDITORIA_222_EXCLUSIONES;;;;;;;;FT_MOSTO_ACUM_14_22_HR;jw_fermerntacion_2022:5:I.Ch[2].Data;REVISION_NO_NUMERAR;"DERIVADO_NO_INSTRUMENTO_INDEPENDIENTE; seguimiento de escritor FISICO; alcance Program:FERMENTACION; área histórica 200 (no prueba área actual)";NO;;;;;;;;;;;;;;;;;;;;;;;;;;;;;;;;;;;;;;;;;;DESTILERIA_16062026;;"PLC_Origen=DESTILERIA_16062026; XML=DESTILERIA.L5X; declaracion Program:FERMENTACION.FT_MOSTO_ACUM_14_22_HR; seguimiento de escritor FISICO; canales jw_fermerntacion_2022:5:I.Ch[2].Data";DERIVADO_NO_INSTRUMENTO_INDEPENDIENTE;;;;;;;NO_APLICA;;;;
AUDITORIA_SIN_LAZO_241;AUDITORIA_222_EXCLUSIONES;;;;;;;;FT_MOSTO_ACUM_22_06_HR;jw_fermerntacion_2022:5:I.Ch[2].Data;REVISION_NO_NUMERAR;"DERIVADO_NO_INSTRUMENTO_INDEPENDIENTE; seguimiento de escritor FISICO; alcance Program:FERMENTACION; área histórica 200 (no prueba área actual)";NO;;;;;;;;;;;;;;;;;;;;;;;;;;;;;;;;;;;;;;;;;;DESTILERIA_16062026;;"PLC_Origen=DESTILERIA_16062026; XML=DESTILERIA.L5X; declaracion Program:FERMENTACION.FT_MOSTO_ACUM_22_06_HR; seguimiento de escritor FISICO; canales jw_fermerntacion_2022:5:I.Ch[2].Data";DERIVADO_NO_INSTRUMENTO_INDEPENDIENTE;;;;;;;NO_APLICA;;;;
AUDITORIA_SIN_LAZO_241;AUDITORIA_222_EXCLUSIONES;;;;;;;;FT_MOSTO_ACUM_24_HR;;REVISION_NO_NUMERAR;"SIN_CANAL_FISICO_VALIDO; seguimiento de escritor SIN_ESCRITOR; alcance Program:FERMENTACION; área histórica 200 (no prueba área actual)";NO;;;;;;;;;;;;;;;;;;;;;;;;;;;;;;;;;;;;;;;;;;DESTILERIA_16062026;;"PLC_Origen=DESTILERIA_16062026; XML=DESTILERIA.L5X; declaracion Program:FERMENTACION.FT_MOSTO_ACUM_24_HR; seguimiento de escritor SIN_ESCRITOR; canales ninguno";SIN_CANAL_FISICO_VALIDO;;;;;;;NO_APLICA;;;;
AUDITORIA_SIN_LAZO_241;AUDITORIA_222_EXCLUSIONES;;;;;;;;FT_MOSTO_ACUM_DIA_ACT;jw_fermerntacion_2022:5:I.Ch[2].Data;REVISION_NO_NUMERAR;"DERIVADO_NO_INSTRUMENTO_INDEPENDIENTE; seguimiento de escritor FISICO; alcance Program:FERMENTACION; área histórica 200 (no prueba área actual)";NO;;;;;;;;;;;;;;;;;;;;;;;;;;;;;;;;;;;;;;;;;;DESTILERIA_16062026;;"PLC_Origen=DESTILERIA_16062026; XML=DESTILERIA.L5X; declaracion Program:FERMENTACION.FT_MOSTO_ACUM_DIA_ACT; seguimiento de escritor FISICO; canales jw_fermerntacion_2022:5:I.Ch[2].Data";DERIVADO_NO_INSTRUMENTO_INDEPENDIENTE;;;;;;;NO_APLICA;;;;
AUDITORIA_SIN_LAZO_241;AUDITORIA_222_EXCLUSIONES;;;;;;;;FT_MOSTO_ACUM_DIA_ANT;jw_fermerntacion_2022:5:I.Ch[2].Data;REVISION_NO_NUMERAR;"DERIVADO_NO_INSTRUMENTO_INDEPENDIENTE; seguimiento de escritor FISICO; alcance Program:FERMENTACION; área histórica 200 (no prueba área actual)";NO;;;;;;;;;;;;;;;;;;;;;;;;;;;;;;;;;;;;;;;;;;DESTILERIA_16062026;;"PLC_Origen=DESTILERIA_16062026; XML=DESTILERIA.L5X; declaracion Program:FERMENTACION.FT_MOSTO_ACUM_DIA_ANT; seguimiento de escritor FISICO; canales jw_fermerntacion_2022:5:I.Ch[2].Data";DERIVADO_NO_INSTRUMENTO_INDEPENDIENTE;;;;;;;NO_APLICA;;;;
AUDITORIA_SIN_LAZO_241;AUDITORIA_222_EXCLUSIONES;;;;;;;;FT_MOSTO_ACUM_HR_ACTUAL;jw_fermerntacion_2022:5:I.Ch[2].Data;REVISION_NO_NUMERAR;"DERIVADO_NO_INSTRUMENTO_INDEPENDIENTE; seguimiento de escritor FISICO; alcance Program:FERMENTACION; área histórica 200 (no prueba área actual)";NO;;;;;;;;;;;;;;;;;;;;;;;;;;;;;;;;;;;;;;;;;;DESTILERIA_16062026;;"PLC_Origen=DESTILERIA_16062026; XML=DESTILERIA.L5X; declaracion Program:FERMENTACION.FT_MOSTO_ACUM_HR_ACTUAL; seguimiento de escritor FISICO; canales jw_fermerntacion_2022:5:I.Ch[2].Data";DERIVADO_NO_INSTRUMENTO_INDEPENDIENTE;;;;;;;NO_APLICA;;;;
AUDITORIA_SIN_LAZO_241;AUDITORIA_222_EXCLUSIONES;;;;;;;;FT_MOSTO_ACUM_HR_ANT;jw_fermerntacion_2022:5:I.Ch[2].Data;REVISION_NO_NUMERAR;"DERIVADO_NO_INSTRUMENTO_INDEPENDIENTE; seguimiento de escritor FISICO; alcance Program:FERMENTACION; área histórica 200 (no prueba área actual)";NO;;;;;;;;;;;;;;;;;;;;;;;;;;;;;;;;;;;;;;;;;;DESTILERIA_16062026;;"PLC_Origen=DESTILERIA_16062026; XML=DESTILERIA.L5X; declaracion Program:FERMENTACION.FT_MOSTO_ACUM_HR_ANT; seguimiento de escritor FISICO; canales jw_fermerntacion_2022:5:I.Ch[2].Data";DERIVADO_NO_INSTRUMENTO_INDEPENDIENTE;;;;;;;NO_APLICA;;;;
AUDITORIA_SIN_LAZO_241;AUDITORIA_222_EXCLUSIONES;;;;;;;;FT_MOSTO_PROM_24_HR;jw_fermerntacion_2022:5:I.Ch[2].Data;REVISION_NO_NUMERAR;"INTERNO_ESCALADO_PENDIENTE_EXCLUSIVIDAD; seguimiento de escritor FISICO; alcance Program:FERMENTACION; área histórica 200 (no prueba área actual)";NO;;;;;;;;;;;;;;;;;;;;;;;;;;;;;;;;;;;;;;;;;;DESTILERIA_16062026;;"PLC_Origen=DESTILERIA_16062026; XML=DESTILERIA.L5X; declaracion Program:FERMENTACION.FT_MOSTO_PROM_24_HR; seguimiento de escritor FISICO; canales jw_fermerntacion_2022:5:I.Ch[2].Data";INTERNO_ESCALADO_PENDIENTE_EXCLUSIVIDAD;;;;;;;NO_APLICA;;;;
AUDITORIA_SIN_LAZO_241;AUDITORIA_222_EXCLUSIONES;;;;;;;;FT_MOSTO_TOTALIZADOR;jw_fermerntacion_2022:5:I.Ch[2].Data;REVISION_NO_NUMERAR;"YA_EN_PRODUCCION_POR_IDENTIDAD; seguimiento de escritor FISICO; alcance Program:FERMENTACION; área histórica 200 (no prueba área actual)";NO;;;;;;;;;;;;;;;;;;;;;;;;;;;;;;;;;;;;;;;;;;DESTILERIA_16062026;;"PLC_Origen=DESTILERIA_16062026; XML=DESTILERIA.L5X; declaracion Program:FERMENTACION.FT_MOSTO_TOTALIZADOR; seguimiento de escritor FISICO; canales jw_fermerntacion_2022:5:I.Ch[2].Data";YA_EN_PRODUCCION_POR_IDENTIDAD;;;;;;;NO_APLICA;;;;
AUDITORIA_SIN_LAZO_241;AUDITORIA_222_EXCLUSIONES;;;;;;;;FT_MOSTO_X_DT_KG_ACUM_06_14_HR;jw_fermerntacion_2022:5:I.Ch[2].Data;REVISION_NO_NUMERAR;"DERIVADO_NO_INSTRUMENTO_INDEPENDIENTE; seguimiento de escritor FISICO; alcance Program:FERMENTACION; área histórica 200 (no prueba área actual)";NO;;;;;;;;;;;;;;;;;;;;;;;;;;;;;;;;;;;;;;;;;;DESTILERIA_16062026;;"PLC_Origen=DESTILERIA_16062026; XML=DESTILERIA.L5X; declaracion Program:FERMENTACION.FT_MOSTO_X_DT_KG_ACUM_06_14_HR; seguimiento de escritor FISICO; canales jw_fermerntacion_2022:5:I.Ch[2].Data";DERIVADO_NO_INSTRUMENTO_INDEPENDIENTE;;;;;;;NO_APLICA;;;;
AUDITORIA_SIN_LAZO_241;AUDITORIA_222_EXCLUSIONES;;;;;;;;FT_MOSTO_X_DT_KG_ACUM_14_22_HR;jw_fermerntacion_2022:5:I.Ch[2].Data;REVISION_NO_NUMERAR;"DERIVADO_NO_INSTRUMENTO_INDEPENDIENTE; seguimiento de escritor FISICO; alcance Program:FERMENTACION; área histórica 200 (no prueba área actual)";NO;;;;;;;;;;;;;;;;;;;;;;;;;;;;;;;;;;;;;;;;;;DESTILERIA_16062026;;"PLC_Origen=DESTILERIA_16062026; XML=DESTILERIA.L5X; declaracion Program:FERMENTACION.FT_MOSTO_X_DT_KG_ACUM_14_22_HR; seguimiento de escritor FISICO; canales jw_fermerntacion_2022:5:I.Ch[2].Data";DERIVADO_NO_INSTRUMENTO_INDEPENDIENTE;;;;;;;NO_APLICA;;;;
AUDITORIA_SIN_LAZO_241;AUDITORIA_222_EXCLUSIONES;;;;;;;;FT_MOSTO_X_DT_KG_ACUM_22_06_HR;jw_fermerntacion_2022:5:I.Ch[2].Data;REVISION_NO_NUMERAR;"DERIVADO_NO_INSTRUMENTO_INDEPENDIENTE; seguimiento de escritor FISICO; alcance Program:FERMENTACION; área histórica 200 (no prueba área actual)";NO;;;;;;;;;;;;;;;;;;;;;;;;;;;;;;;;;;;;;;;;;;DESTILERIA_16062026;;"PLC_Origen=DESTILERIA_16062026; XML=DESTILERIA.L5X; declaracion Program:FERMENTACION.FT_MOSTO_X_DT_KG_ACUM_22_06_HR; seguimiento de escritor FISICO; canales jw_fermerntacion_2022:5:I.Ch[2].Data";DERIVADO_NO_INSTRUMENTO_INDEPENDIENTE;;;;;;;NO_APLICA;;;;
AUDITORIA_SIN_LAZO_241;AUDITORIA_222_EXCLUSIONES;;;;;;;;FT_REFUNDIDO;jw_fermerntacion_2022:6:I.Ch[5].Data;REVISION_NO_NUMERAR;"INTERNO_ESCALADO_PENDIENTE_EXCLUSIVIDAD; seguimiento de escritor FISICO; alcance Program:FERMENTACION; área histórica 200 (no prueba área actual)";NO;;;;;;;;;;;;;;;;;;;;;;;;;;;;;;;;;;;;;;;;;;DESTILERIA_16062026;;"PLC_Origen=DESTILERIA_16062026; XML=DESTILERIA.L5X; declaracion Program:FERMENTACION.FT_REFUNDIDO; seguimiento de escritor FISICO; canales jw_fermerntacion_2022:6:I.Ch[5].Data";INTERNO_ESCALADO_PENDIENTE_EXCLUSIVIDAD;;;;;;;NO_APLICA;;;;
AUDITORIA_SIN_LAZO_241;AUDITORIA_222_EXCLUSIONES;;;;;;;;FT_VINO_ACUM_DIA_ACT;fermerntacion2022_islas:2:I.Ch3Data;REVISION_NO_NUMERAR;"DERIVADO_NO_INSTRUMENTO_INDEPENDIENTE; seguimiento de escritor FISICO; alcance Program:FERMENTACION; área histórica 200 (no prueba área actual)";NO;;;;;;;;;;;;;;;;;;;;;;;;;;;;;;;;;;;;;;;;;;DESTILERIA_16062026;;"PLC_Origen=DESTILERIA_16062026; XML=DESTILERIA.L5X; declaracion Program:FERMENTACION.FT_VINO_ACUM_DIA_ACT; seguimiento de escritor FISICO; canales fermerntacion2022_islas:2:I.Ch3Data";DERIVADO_NO_INSTRUMENTO_INDEPENDIENTE;;;;;;;NO_APLICA;;;;
AUDITORIA_SIN_LAZO_241;AUDITORIA_222_EXCLUSIONES;;;;;;;;FT_VINO_ACUM_DIA_ANT;fermerntacion2022_islas:2:I.Ch3Data;REVISION_NO_NUMERAR;"DERIVADO_NO_INSTRUMENTO_INDEPENDIENTE; seguimiento de escritor FISICO; alcance Program:FERMENTACION; área histórica 200 (no prueba área actual)";NO;;;;;;;;;;;;;;;;;;;;;;;;;;;;;;;;;;;;;;;;;;DESTILERIA_16062026;;"PLC_Origen=DESTILERIA_16062026; XML=DESTILERIA.L5X; declaracion Program:FERMENTACION.FT_VINO_ACUM_DIA_ANT; seguimiento de escritor FISICO; canales fermerntacion2022_islas:2:I.Ch3Data";DERIVADO_NO_INSTRUMENTO_INDEPENDIENTE;;;;;;;NO_APLICA;;;;
AUDITORIA_SIN_LAZO_241;AUDITORIA_222_EXCLUSIONES;;;;;;;;FT_VINO_ACUM_HR_ACT;fermerntacion2022_islas:2:I.Ch3Data;REVISION_NO_NUMERAR;"DERIVADO_NO_INSTRUMENTO_INDEPENDIENTE; seguimiento de escritor FISICO; alcance Program:FERMENTACION; área histórica 200 (no prueba área actual)";NO;;;;;;;;;;;;;;;;;;;;;;;;;;;;;;;;;;;;;;;;;;DESTILERIA_16062026;;"PLC_Origen=DESTILERIA_16062026; XML=DESTILERIA.L5X; declaracion Program:FERMENTACION.FT_VINO_ACUM_HR_ACT; seguimiento de escritor FISICO; canales fermerntacion2022_islas:2:I.Ch3Data";DERIVADO_NO_INSTRUMENTO_INDEPENDIENTE;;;;;;;NO_APLICA;;;;
AUDITORIA_SIN_LAZO_241;AUDITORIA_222_EXCLUSIONES;;;;;;;;FT_VINO_ACUM_HR_ANT;fermerntacion2022_islas:2:I.Ch3Data;REVISION_NO_NUMERAR;"DERIVADO_NO_INSTRUMENTO_INDEPENDIENTE; seguimiento de escritor FISICO; alcance Program:FERMENTACION; área histórica 200 (no prueba área actual)";NO;;;;;;;;;;;;;;;;;;;;;;;;;;;;;;;;;;;;;;;;;;DESTILERIA_16062026;;"PLC_Origen=DESTILERIA_16062026; XML=DESTILERIA.L5X; declaracion Program:FERMENTACION.FT_VINO_ACUM_HR_ANT; seguimiento de escritor FISICO; canales fermerntacion2022_islas:2:I.Ch3Data";DERIVADO_NO_INSTRUMENTO_INDEPENDIENTE;;;;;;;NO_APLICA;;;;
AUDITORIA_SIN_LAZO_241;AUDITORIA_222_EXCLUSIONES;;;;;;;;FT_VINO_A_JW;fermerntacion2022_islas:2:I.Ch3Data;REVISION_NO_NUMERAR;"YA_EN_PRODUCCION_POR_IDENTIDAD; seguimiento de escritor FISICO; alcance Program:FERMENTACION; área histórica 200 (no prueba área actual)";NO;;;;;;;;;;;;;;;;;;;;;;;;;;;;;;;;;;;;;;;;;;DESTILERIA_16062026;;"PLC_Origen=DESTILERIA_16062026; XML=DESTILERIA.L5X; declaracion Program:FERMENTACION.FT_VINO_A_JW; seguimiento de escritor FISICO; canales fermerntacion2022_islas:2:I.Ch3Data";YA_EN_PRODUCCION_POR_IDENTIDAD;;;;;;;NO_APLICA;;;;
AUDITORIA_SIN_LAZO_241;AUDITORIA_222_EXCLUSIONES;;;;;;;;GRADO_BRIX_MOSTO;;REVISION_NO_NUMERAR;"SIN_CANAL_FISICO_VALIDO; seguimiento de escritor SIN_DATOS; alcance Program:FERMENTACION; área histórica 200 (no prueba área actual)";NO;;;;;;;;;;;;;;;;;;;;;;;;;;;;;;;;;;;;;;;;;;DESTILERIA_16062026;;"PLC_Origen=DESTILERIA_16062026; XML=DESTILERIA.L5X; declaracion Program:FERMENTACION.GRADO_BRIX_MOSTO; seguimiento de escritor SIN_DATOS; canales ninguno";SIN_CANAL_FISICO_VALIDO;;;;;;;NO_APLICA;;;;
AUDITORIA_SIN_LAZO_241;AUDITORIA_222_EXCLUSIONES;;;;;;;;LT_TK_VINO;;REVISION_NO_NUMERAR;"RESCATADO_MONITOREO_V3; canal único de entrada; 200_LT_026; alcance Program:FERMENTACION; área histórica 200 (no prueba área actual)";NO;;;;;;;;;;;;;;;;;;;;;;;;;;;;;;;;;;;;;;;;;;DESTILERIA_16062026;;"PLC_Origen=DESTILERIA_16062026; XML=DESTILERIA.L5X; declaracion Program:FERMENTACION.LT_TK_VINO; canal único de entrada; 200_LT_026; canales ninguno";RESCATADO_MONITOREO_V3;;;;;;;NO_APLICA;;;;
AUDITORIA_SIN_LAZO_241;AUDITORIA_222_EXCLUSIONES;;;;;;;;MELAZA_TEMPERATURA;;REVISION_NO_NUMERAR;"SIN_CANAL_FISICO_VALIDO; seguimiento de escritor SIN_ESCRITOR; alcance Program:FERMENTACION; área histórica 200 (no prueba área actual)";NO;;;;;;;;;;;;;;;;;;;;;;;;;;;;;;;;;;;;;;;;;;DESTILERIA_16062026;;"PLC_Origen=DESTILERIA_16062026; XML=DESTILERIA.L5X; declaracion Program:FERMENTACION.MELAZA_TEMPERATURA; seguimiento de escritor SIN_ESCRITOR; canales ninguno";SIN_CANAL_FISICO_VALIDO;;;;;;;NO_APLICA;;;;
AUDITORIA_SIN_LAZO_241;AUDITORIA_222_EXCLUSIONES;;;;;;;;TT_CUBA_1_2;;REVISION_NO_NUMERAR;"SIN_CANAL_FISICO_VALIDO; seguimiento de escritor SIN_DATOS; alcance Program:FERMENTACION; área histórica 200 (no prueba área actual)";NO;;;;;;;;;;;;;;;;;;;;;;;;;;;;;;;;;;;;;;;;;;DESTILERIA_16062026;;"PLC_Origen=DESTILERIA_16062026; XML=DESTILERIA.L5X; declaracion Program:FERMENTACION.TT_CUBA_1_2; seguimiento de escritor SIN_DATOS; canales ninguno";SIN_CANAL_FISICO_VALIDO;;;;;;;NO_APLICA;;;;
AUDITORIA_SIN_LAZO_241;AUDITORIA_222_EXCLUSIONES;;;;;;;;TT_MOSTO;;REVISION_NO_NUMERAR;"RESCATADO_MONITOREO_V3; canal único de entrada; 200_TT_027; alcance Program:FERMENTACION; área histórica 200 (no prueba área actual)";NO;;;;;;;;;;;;;;;;;;;;;;;;;;;;;;;;;;;;;;;;;;DESTILERIA_16062026;;"PLC_Origen=DESTILERIA_16062026; XML=DESTILERIA.L5X; declaracion Program:FERMENTACION.TT_MOSTO; canal único de entrada; 200_TT_027; canales ninguno";RESCATADO_MONITOREO_V3;;;;;;;NO_APLICA;;;;
AUDITORIA_SIN_LAZO_241;AUDITORIA_222_EXCLUSIONES;;;;;;;;alcohol_densidad;;REVISION_NO_NUMERAR;"SIN_CANAL_FISICO_VALIDO; seguimiento de escritor SIN_DATOS; alcance Program:JW; área histórica 300 (no prueba área actual)";NO;;;;;;;;;;;;;;;;;;;;;;;;;;;;;;;;;;;;;;;;;;DESTILERIA_16062026;;"PLC_Origen=DESTILERIA_16062026; XML=DESTILERIA.L5X; declaracion Program:JW.alcohol_densidad; seguimiento de escritor SIN_DATOS; canales ninguno";SIN_CANAL_FISICO_VALIDO;;;;;;;NO_APLICA;;;;
AUDITORIA_SIN_LAZO_241;AUDITORIA_222_EXCLUSIONES;;;;;;;;ALM_TT_205;;REVISION_NO_NUMERAR;"SIN_CANAL_FISICO_VALIDO; seguimiento de escritor SIN_ESCRITOR; alcance Program:JW; área histórica 300 (no prueba área actual)";NO;;;;;;;;;;;;;;;;;;;;;;;;;;;;;;;;;;;;;;;;;;DESTILERIA_16062026;;"PLC_Origen=DESTILERIA_16062026; XML=DESTILERIA.L5X; declaracion Program:JW.ALM_TT_205; seguimiento de escritor SIN_ESCRITOR; canales ninguno";SIN_CANAL_FISICO_VALIDO;;;;;;;NO_APLICA;;;;
AUDITORIA_SIN_LAZO_241;AUDITORIA_222_EXCLUSIONES;;;;;;;;ALM_TT_206;;REVISION_NO_NUMERAR;"SIN_CANAL_FISICO_VALIDO; seguimiento de escritor SIN_ESCRITOR; alcance Program:JW; área histórica 300 (no prueba área actual)";NO;;;;;;;;;;;;;;;;;;;;;;;;;;;;;;;;;;;;;;;;;;DESTILERIA_16062026;;"PLC_Origen=DESTILERIA_16062026; XML=DESTILERIA.L5X; declaracion Program:JW.ALM_TT_206; seguimiento de escritor SIN_ESCRITOR; canales ninguno";SIN_CANAL_FISICO_VALIDO;;;;;;;NO_APLICA;;;;
AUDITORIA_SIN_LAZO_241;AUDITORIA_222_EXCLUSIONES;;;;;;;;ALM_TT_207;;REVISION_NO_NUMERAR;"SIN_CANAL_FISICO_VALIDO; seguimiento de escritor SIN_ESCRITOR; alcance Program:JW; área histórica 300 (no prueba área actual)";NO;;;;;;;;;;;;;;;;;;;;;;;;;;;;;;;;;;;;;;;;;;DESTILERIA_16062026;;"PLC_Origen=DESTILERIA_16062026; XML=DESTILERIA.L5X; declaracion Program:JW.ALM_TT_207; seguimiento de escritor SIN_ESCRITOR; canales ninguno";SIN_CANAL_FISICO_VALIDO;;;;;;;NO_APLICA;;;;
AUDITORIA_SIN_LAZO_241;AUDITORIA_222_EXCLUSIONES;;;;;;;;ALM_TT_208;;REVISION_NO_NUMERAR;"SIN_CANAL_FISICO_VALIDO; seguimiento de escritor SIN_ESCRITOR; alcance Program:JW; área histórica 300 (no prueba área actual)";NO;;;;;;;;;;;;;;;;;;;;;;;;;;;;;;;;;;;;;;;;;;DESTILERIA_16062026;;"PLC_Origen=DESTILERIA_16062026; XML=DESTILERIA.L5X; declaracion Program:JW.ALM_TT_208; seguimiento de escritor SIN_ESCRITOR; canales ninguno";SIN_CANAL_FISICO_VALIDO;;;;;;;NO_APLICA;;;;
AUDITORIA_SIN_LAZO_241;AUDITORIA_222_EXCLUSIONES;;;;;;;;ALM_TT_209;;REVISION_NO_NUMERAR;"SIN_CANAL_FISICO_VALIDO; seguimiento de escritor SIN_ESCRITOR; alcance Program:JW; área histórica 300 (no prueba área actual)";NO;;;;;;;;;;;;;;;;;;;;;;;;;;;;;;;;;;;;;;;;;;DESTILERIA_16062026;;"PLC_Origen=DESTILERIA_16062026; XML=DESTILERIA.L5X; declaracion Program:JW.ALM_TT_209; seguimiento de escritor SIN_ESCRITOR; canales ninguno";SIN_CANAL_FISICO_VALIDO;;;;;;;NO_APLICA;;;;
AUDITORIA_SIN_LAZO_241;AUDITORIA_222_EXCLUSIONES;;;;;;;;ALM_TT_210;;REVISION_NO_NUMERAR;"SIN_CANAL_FISICO_VALIDO; seguimiento de escritor SIN_ESCRITOR; alcance Program:JW; área histórica 300 (no prueba área actual)";NO;;;;;;;;;;;;;;;;;;;;;;;;;;;;;;;;;;;;;;;;;;DESTILERIA_16062026;;"PLC_Origen=DESTILERIA_16062026; XML=DESTILERIA.L5X; declaracion Program:JW.ALM_TT_210; seguimiento de escritor SIN_ESCRITOR; canales ninguno";SIN_CANAL_FISICO_VALIDO;;;;;;;NO_APLICA;;;;
AUDITORIA_SIN_LAZO_241;AUDITORIA_222_EXCLUSIONES;;;;;;;;ALM_TT_ENTRADA_CAL_VINO;;REVISION_NO_NUMERAR;"SIN_CANAL_FISICO_VALIDO; seguimiento de escritor SIN_ESCRITOR; alcance Program:JW; área histórica 300 (no prueba área actual)";NO;;;;;;;;;;;;;;;;;;;;;;;;;;;;;;;;;;;;;;;;;;DESTILERIA_16062026;;"PLC_Origen=DESTILERIA_16062026; XML=DESTILERIA.L5X; declaracion Program:JW.ALM_TT_ENTRADA_CAL_VINO; seguimiento de escritor SIN_ESCRITOR; canales ninguno";SIN_CANAL_FISICO_VALIDO;;;;;;;NO_APLICA;;;;
AUDITORIA_SIN_LAZO_241;AUDITORIA_222_EXCLUSIONES;;;;;;;;ALM_TT_ENTRADA_ENF_ALCOHOL;;REVISION_NO_NUMERAR;"SIN_CANAL_FISICO_VALIDO; seguimiento de escritor SIN_ESCRITOR; alcance Program:JW; área histórica 300 (no prueba área actual)";NO;;;;;;;;;;;;;;;;;;;;;;;;;;;;;;;;;;;;;;;;;;DESTILERIA_16062026;;"PLC_Origen=DESTILERIA_16062026; XML=DESTILERIA.L5X; declaracion Program:JW.ALM_TT_ENTRADA_ENF_ALCOHOL; seguimiento de escritor SIN_ESCRITOR; canales ninguno";SIN_CANAL_FISICO_VALIDO;;;;;;;NO_APLICA;;;;
AUDITORIA_SIN_LAZO_241;AUDITORIA_222_EXCLUSIONES;;;;;;;;ALM_TT_SALIDA_CAL_VINO;;REVISION_NO_NUMERAR;"SIN_CANAL_FISICO_VALIDO; seguimiento de escritor SIN_ESCRITOR; alcance Program:JW; área histórica 300 (no prueba área actual)";NO;;;;;;;;;;;;;;;;;;;;;;;;;;;;;;;;;;;;;;;;;;DESTILERIA_16062026;;"PLC_Origen=DESTILERIA_16062026; XML=DESTILERIA.L5X; declaracion Program:JW.ALM_TT_SALIDA_CAL_VINO; seguimiento de escritor SIN_ESCRITOR; canales ninguno";SIN_CANAL_FISICO_VALIDO;;;;;;;NO_APLICA;;;;
AUDITORIA_SIN_LAZO_241;AUDITORIA_222_EXCLUSIONES;;;;;;;;ALM_TT_SALIDA_CIGARRO;;REVISION_NO_NUMERAR;"SIN_CANAL_FISICO_VALIDO; seguimiento de escritor SIN_ESCRITOR; alcance Program:JW; área histórica 300 (no prueba área actual)";NO;;;;;;;;;;;;;;;;;;;;;;;;;;;;;;;;;;;;;;;;;;DESTILERIA_16062026;;"PLC_Origen=DESTILERIA_16062026; XML=DESTILERIA.L5X; declaracion Program:JW.ALM_TT_SALIDA_CIGARRO; seguimiento de escritor SIN_ESCRITOR; canales ninguno";SIN_CANAL_FISICO_VALIDO;;;;;;;NO_APLICA;;;;
AUDITORIA_SIN_LAZO_241;AUDITORIA_222_EXCLUSIONES;;;;;;;;ALM_TT_SALIDA_ENF_ALCOHOL;;REVISION_NO_NUMERAR;"SIN_CANAL_FISICO_VALIDO; seguimiento de escritor SIN_ESCRITOR; alcance Program:JW; área histórica 300 (no prueba área actual)";NO;;;;;;;;;;;;;;;;;;;;;;;;;;;;;;;;;;;;;;;;;;DESTILERIA_16062026;;"PLC_Origen=DESTILERIA_16062026; XML=DESTILERIA.L5X; declaracion Program:JW.ALM_TT_SALIDA_ENF_ALCOHOL; seguimiento de escritor SIN_ESCRITOR; canales ninguno";SIN_CANAL_FISICO_VALIDO;;;;;;;NO_APLICA;;;;
AUDITORIA_SIN_LAZO_241;AUDITORIA_222_EXCLUSIONES;;;;;;;;DENSIDAD_ALCOHOL;;REVISION_NO_NUMERAR;"INCORPORADO_LAZO_DENSIDAD_V3; ; alcance Program:JW; área histórica 300 (no prueba área actual)";NO;;;;;;;;;;;;;;;;;;;;;;;;;;;;;;;;;;;;;;;;;;DESTILERIA_16062026;;"PLC_Origen=DESTILERIA_16062026; XML=DESTILERIA.L5X; declaracion Program:JW.DENSIDAD_ALCOHOL; ; canales ninguno";INCORPORADO_LAZO_DENSIDAD_V3;;;;;;;NO_APLICA;;;;
AUDITORIA_SIN_LAZO_241;AUDITORIA_222_EXCLUSIONES;;;;;;;;FT_CAUDAL_ALCOHOL_CORREGIDO;;REVISION_NO_NUMERAR;"SIN_CANAL_FISICO_VALIDO; seguimiento de escritor SIN_ESCRITOR; alcance Program:JW; área histórica 200 (no prueba área actual)";NO;;;;;;;;;;;;;;;;;;;;;;;;;;;;;;;;;;;;;;;;;;DESTILERIA_16062026;;"PLC_Origen=DESTILERIA_16062026; XML=DESTILERIA.L5X; declaracion Program:JW.FT_CAUDAL_ALCOHOL_CORREGIDO; seguimiento de escritor SIN_ESCRITOR; canales ninguno";SIN_CANAL_FISICO_VALIDO;;;;;;;NO_APLICA;;;;
AUDITORIA_SIN_LAZO_241;AUDITORIA_222_EXCLUSIONES;;;;;;;;FT_CAUDAL_ALCOHOL_m3;;REVISION_NO_NUMERAR;"RESCATADO_MONITOREO_V3; canal único de entrada; 200_FT_028; alcance Program:JW; área histórica 200 (no prueba área actual)";NO;;;;;;;;;;;;;;;;;;;;;;;;;;;;;;;;;;;;;;;;;;DESTILERIA_16062026;;"PLC_Origen=DESTILERIA_16062026; XML=DESTILERIA.L5X; declaracion Program:JW.FT_CAUDAL_ALCOHOL_m3; canal único de entrada; 200_FT_028; canales ninguno";RESCATADO_MONITOREO_V3;;;;;;;NO_APLICA;;;;
AUDITORIA_SIN_LAZO_241;AUDITORIA_222_EXCLUSIONES;;;;;;;;FT_CAUDAL_ALCOHOL_m3_ACUM_DIA_ACT;fermerntacion2022_islas:3:I.Ch[5].Data;REVISION_NO_NUMERAR;"CANAL_YA_PROPUESTO; seguimiento de escritor FISICO; alcance Program:JW; área histórica 200 (no prueba área actual)";NO;;;;;;;;;;;;;;;;;;;;;;;;;;;;;;;;;;;;;;;;;;DESTILERIA_16062026;;"PLC_Origen=DESTILERIA_16062026; XML=DESTILERIA.L5X; declaracion Program:JW.FT_CAUDAL_ALCOHOL_m3_ACUM_DIA_ACT; seguimiento de escritor FISICO; canales fermerntacion2022_islas:3:I.Ch[5].Data";CANAL_YA_PROPUESTO;;;;;;;NO_APLICA;;;;
AUDITORIA_SIN_LAZO_241;AUDITORIA_222_EXCLUSIONES;;;;;;;;FT_CAUDAL_ALCOHOL_m3_ACUM_DIA_ANT;fermerntacion2022_islas:3:I.Ch[5].Data;REVISION_NO_NUMERAR;"CANAL_YA_PROPUESTO; seguimiento de escritor FISICO; alcance Program:JW; área histórica 200 (no prueba área actual)";NO;;;;;;;;;;;;;;;;;;;;;;;;;;;;;;;;;;;;;;;;;;DESTILERIA_16062026;;"PLC_Origen=DESTILERIA_16062026; XML=DESTILERIA.L5X; declaracion Program:JW.FT_CAUDAL_ALCOHOL_m3_ACUM_DIA_ANT; seguimiento de escritor FISICO; canales fermerntacion2022_islas:3:I.Ch[5].Data";CANAL_YA_PROPUESTO;;;;;;;NO_APLICA;;;;
AUDITORIA_SIN_LAZO_241;AUDITORIA_222_EXCLUSIONES;;;;;;;;FT_CAUDAL_ALCOHOL_m3_ACUM_HR_ACT;fermerntacion2022_islas:3:I.Ch[5].Data;REVISION_NO_NUMERAR;"CANAL_YA_PROPUESTO; seguimiento de escritor FISICO; alcance Program:JW; área histórica 200 (no prueba área actual)";NO;;;;;;;;;;;;;;;;;;;;;;;;;;;;;;;;;;;;;;;;;;DESTILERIA_16062026;;"PLC_Origen=DESTILERIA_16062026; XML=DESTILERIA.L5X; declaracion Program:JW.FT_CAUDAL_ALCOHOL_m3_ACUM_HR_ACT; seguimiento de escritor FISICO; canales fermerntacion2022_islas:3:I.Ch[5].Data";CANAL_YA_PROPUESTO;;;;;;;NO_APLICA;;;;
AUDITORIA_SIN_LAZO_241;AUDITORIA_222_EXCLUSIONES;;;;;;;;FT_CAUDAL_ALCOHOL_m3_ACUM_HR_ANT;fermerntacion2022_islas:3:I.Ch[5].Data;REVISION_NO_NUMERAR;"CANAL_YA_PROPUESTO; seguimiento de escritor FISICO; alcance Program:JW; área histórica 200 (no prueba área actual)";NO;;;;;;;;;;;;;;;;;;;;;;;;;;;;;;;;;;;;;;;;;;DESTILERIA_16062026;;"PLC_Origen=DESTILERIA_16062026; XML=DESTILERIA.L5X; declaracion Program:JW.FT_CAUDAL_ALCOHOL_m3_ACUM_HR_ANT; seguimiento de escritor FISICO; canales fermerntacion2022_islas:3:I.Ch[5].Data";CANAL_YA_PROPUESTO;;;;;;;NO_APLICA;;;;
AUDITORIA_SIN_LAZO_241;AUDITORIA_222_EXCLUSIONES;;;;;;;;FT_CAUDAL_ALCOHOL_m3_ACUM_TOTAL;fermerntacion2022_islas:3:I.Ch[5].Data;REVISION_NO_NUMERAR;"CANAL_YA_PROPUESTO; seguimiento de escritor FISICO; alcance Program:JW; área histórica 200 (no prueba área actual)";NO;;;;;;;;;;;;;;;;;;;;;;;;;;;;;;;;;;;;;;;;;;DESTILERIA_16062026;;"PLC_Origen=DESTILERIA_16062026; XML=DESTILERIA.L5X; declaracion Program:JW.FT_CAUDAL_ALCOHOL_m3_ACUM_TOTAL; seguimiento de escritor FISICO; canales fermerntacion2022_islas:3:I.Ch[5].Data";CANAL_YA_PROPUESTO;;;;;;;NO_APLICA;;;;
AUDITORIA_SIN_LAZO_241;AUDITORIA_222_EXCLUSIONES;;;;;;;;FT_CORREGIDO_ALCOHOL;;REVISION_NO_NUMERAR;"SIN_CANAL_FISICO_VALIDO; seguimiento de escritor SIN_ESCRITOR; alcance Program:JW; área histórica 200 (no prueba área actual)";NO;;;;;;;;;;;;;;;;;;;;;;;;;;;;;;;;;;;;;;;;;;DESTILERIA_16062026;;"PLC_Origen=DESTILERIA_16062026; XML=DESTILERIA.L5X; declaracion Program:JW.FT_CORREGIDO_ALCOHOL; seguimiento de escritor SIN_ESCRITOR; canales ninguno";SIN_CANAL_FISICO_VALIDO;;;;;;;NO_APLICA;;;;
AUDITORIA_SIN_LAZO_241;AUDITORIA_222_EXCLUSIONES;;;;;;;;FT_VINO_A_JW_ACUM_DIA_ACT;fermerntacion2022_islas:2:I.Ch3Data;REVISION_NO_NUMERAR;"DERIVADO_NO_INSTRUMENTO_INDEPENDIENTE; seguimiento de escritor FISICO; alcance Program:JW; área histórica 200 (no prueba área actual)";NO;;;;;;;;;;;;;;;;;;;;;;;;;;;;;;;;;;;;;;;;;;DESTILERIA_16062026;;"PLC_Origen=DESTILERIA_16062026; XML=DESTILERIA.L5X; declaracion Program:JW.FT_VINO_A_JW_ACUM_DIA_ACT; seguimiento de escritor FISICO; canales fermerntacion2022_islas:2:I.Ch3Data";DERIVADO_NO_INSTRUMENTO_INDEPENDIENTE;;;;;;;NO_APLICA;;;;
AUDITORIA_SIN_LAZO_241;AUDITORIA_222_EXCLUSIONES;;;;;;;;FT_VINO_A_JW_ACUM_DIA_ANT;fermerntacion2022_islas:2:I.Ch3Data;REVISION_NO_NUMERAR;"DERIVADO_NO_INSTRUMENTO_INDEPENDIENTE; seguimiento de escritor FISICO; alcance Program:JW; área histórica 200 (no prueba área actual)";NO;;;;;;;;;;;;;;;;;;;;;;;;;;;;;;;;;;;;;;;;;;DESTILERIA_16062026;;"PLC_Origen=DESTILERIA_16062026; XML=DESTILERIA.L5X; declaracion Program:JW.FT_VINO_A_JW_ACUM_DIA_ANT; seguimiento de escritor FISICO; canales fermerntacion2022_islas:2:I.Ch3Data";DERIVADO_NO_INSTRUMENTO_INDEPENDIENTE;;;;;;;NO_APLICA;;;;
AUDITORIA_SIN_LAZO_241;AUDITORIA_222_EXCLUSIONES;;;;;;;;LT_BL201;fermerntacion2022_islas:3:I.Ch[3].Data;REVISION_NO_NUMERAR;"YA_EN_PRODUCCION_POR_IDENTIDAD; seguimiento de escritor FISICO; alcance Program:JW; área histórica 200 (no prueba área actual)";NO;;;;;;;;;;;;;;;;;;;;;;;;;;;;;;;;;;;;;;;;;;DESTILERIA_16062026;;"PLC_Origen=DESTILERIA_16062026; XML=DESTILERIA.L5X; declaracion Program:JW.LT_BL201; seguimiento de escritor FISICO; canales fermerntacion2022_islas:3:I.Ch[3].Data";YA_EN_PRODUCCION_POR_IDENTIDAD;;;;;;;NO_APLICA;;;;
AUDITORIA_SIN_LAZO_241;AUDITORIA_222_EXCLUSIONES;;;;;;;;LT_COLUMNA_DESTILADORA_CD101;fermerntacion2022_islas:3:I.Ch[1].Data;REVISION_NO_NUMERAR;"YA_EN_PRODUCCION_POR_IDENTIDAD; seguimiento de escritor FISICO; alcance Program:JW; área histórica 200 (no prueba área actual)";NO;;;;;;;;;;;;;;;;;;;;;;;;;;;;;;;;;;;;;;;;;;DESTILERIA_16062026;;"PLC_Origen=DESTILERIA_16062026; XML=DESTILERIA.L5X; declaracion Program:JW.LT_COLUMNA_DESTILADORA_CD101; seguimiento de escritor FISICO; canales fermerntacion2022_islas:3:I.Ch[1].Data";YA_EN_PRODUCCION_POR_IDENTIDAD;;;;;;;NO_APLICA;;;;
AUDITORIA_SIN_LAZO_241;AUDITORIA_222_EXCLUSIONES;;;;;;;;LT_COLUMNA_RECTIFICADORA_CR202;fermerntacion2022_islas:3:I.Ch[4].Data;REVISION_NO_NUMERAR;"YA_EN_PRODUCCION_POR_IDENTIDAD; seguimiento de escritor FISICO; alcance Program:JW; área histórica 200 (no prueba área actual)";NO;;;;;;;;;;;;;;;;;;;;;;;;;;;;;;;;;;;;;;;;;;DESTILERIA_16062026;;"PLC_Origen=DESTILERIA_16062026; XML=DESTILERIA.L5X; declaracion Program:JW.LT_COLUMNA_RECTIFICADORA_CR202; seguimiento de escritor FISICO; canales fermerntacion2022_islas:3:I.Ch[4].Data";YA_EN_PRODUCCION_POR_IDENTIDAD;;;;;;;NO_APLICA;;;;
AUDITORIA_SIN_LAZO_241;AUDITORIA_222_EXCLUSIONES;;;;;;;;LT_CONDENSADO_BL101;fermerntacion2022_islas:3:I.Ch[2].Data;REVISADO_EN_V4;"INTERNO_ESCALADO_PENDIENTE_EXCLUSIVIDAD; seguimiento de escritor FISICO; alcance Program:JW; área histórica 300 (no prueba área actual); revisado en v4: ver filas Grupo_V4=item4_canales";NO;;;;;;;;;;;;;;;;;;;;;;;;;;;;;;;;;;;;;;;;;;DESTILERIA_16062026;;"PLC_Origen=DESTILERIA_16062026; XML=DESTILERIA.L5X; declaracion Program:JW.LT_CONDENSADO_BL101; seguimiento de escritor FISICO; canales fermerntacion2022_islas:3:I.Ch[2].Data";REVISADO_EN_V4;;;;;;;NO_APLICA;;;;
AUDITORIA_SIN_LAZO_241;AUDITORIA_222_EXCLUSIONES;;;;;;;;LT_FLEGMA;fermerntacion2022_islas:3:I.Ch[0].Data;REVISION_NO_NUMERAR;"YA_EN_PRODUCCION_POR_IDENTIDAD; seguimiento de escritor FISICO; alcance Program:JW; área histórica 200 (no prueba área actual)";NO;;;;;;;;;;;;;;;;;;;;;;;;;;;;;;;;;;;;;;;;;;DESTILERIA_16062026;;"PLC_Origen=DESTILERIA_16062026; XML=DESTILERIA.L5X; declaracion Program:JW.LT_FLEGMA; seguimiento de escritor FISICO; canales fermerntacion2022_islas:3:I.Ch[0].Data";YA_EN_PRODUCCION_POR_IDENTIDAD;;;;;;;NO_APLICA;;;;
AUDITORIA_SIN_LAZO_241;AUDITORIA_222_EXCLUSIONES;;;;;;;;PRESION_PIT_102;;REVISION_NO_NUMERAR;"SIN_CANAL_FISICO_VALIDO; seguimiento de escritor SIN_ESCRITOR; alcance Program:JW; área histórica 200 (no prueba área actual)";NO;;;;;;;;;;;;;;;;;;;;;;;;;;;;;;;;;;;;;;;;;;DESTILERIA_16062026;;"PLC_Origen=DESTILERIA_16062026; XML=DESTILERIA.L5X; declaracion Program:JW.PRESION_PIT_102; seguimiento de escritor SIN_ESCRITOR; canales ninguno";SIN_CANAL_FISICO_VALIDO;;;;;;;NO_APLICA;;;;
AUDITORIA_SIN_LAZO_241;AUDITORIA_222_EXCLUSIONES;;;;;;;;PT_COLUMNA_DESTILADORA_CD101;fermerntacion2022_islas:2:I.Ch0Data;REVISION_NO_NUMERAR;"YA_EN_PRODUCCION_POR_IDENTIDAD; seguimiento de escritor FISICO; alcance Program:JW; área histórica 200 (no prueba área actual)";NO;;;;;;;;;;;;;;;;;;;;;;;;;;;;;;;;;;;;;;;;;;DESTILERIA_16062026;;"PLC_Origen=DESTILERIA_16062026; XML=DESTILERIA.L5X; declaracion Program:JW.PT_COLUMNA_DESTILADORA_CD101; seguimiento de escritor FISICO; canales fermerntacion2022_islas:2:I.Ch0Data";YA_EN_PRODUCCION_POR_IDENTIDAD;;;;;;;NO_APLICA;;;;
AUDITORIA_SIN_LAZO_241;AUDITORIA_222_EXCLUSIONES;;;;;;;;PT_COLUMNA_RECTIFICADORA_CR201;fermerntacion2022_islas:2:I.Ch2Data;REVISION_NO_NUMERAR;"YA_EN_PRODUCCION_POR_IDENTIDAD; seguimiento de escritor FISICO; alcance Program:JW; área histórica 200 (no prueba área actual)";NO;;;;;;;;;;;;;;;;;;;;;;;;;;;;;;;;;;;;;;;;;;DESTILERIA_16062026;;"PLC_Origen=DESTILERIA_16062026; XML=DESTILERIA.L5X; declaracion Program:JW.PT_COLUMNA_RECTIFICADORA_CR201; seguimiento de escritor FISICO; canales fermerntacion2022_islas:2:I.Ch2Data";YA_EN_PRODUCCION_POR_IDENTIDAD;;;;;;;NO_APLICA;;;;
AUDITORIA_SIN_LAZO_241;AUDITORIA_222_EXCLUSIONES;;;;;;;;PT_VAPOR_ENTRADA;;REVISION_NO_NUMERAR;"RESCATADO_MONITOREO_V3; canal único de entrada; 200_PT_029; alcance Program:JW; área histórica 200 (no prueba área actual)";NO;;;;;;;;;;;;;;;;;;;;;;;;;;;;;;;;;;;;;;;;;;DESTILERIA_16062026;;"PLC_Origen=DESTILERIA_16062026; XML=DESTILERIA.L5X; declaracion Program:JW.PT_VAPOR_ENTRADA; canal único de entrada; 200_PT_029; canales ninguno";RESCATADO_MONITOREO_V3;;;;;;;NO_APLICA;;;;
AUDITORIA_SIN_LAZO_241;AUDITORIA_222_EXCLUSIONES;;;;;;;;TT_101_BASE_DESTILADORA;;REVISION_NO_NUMERAR;"RESCATADO_MONITOREO_V3; canal único de entrada; 200_TT_030; alcance Program:JW; área histórica 200 (no prueba área actual)";NO;;;;;;;;;;;;;;;;;;;;;;;;;;;;;;;;;;;;;;;;;;DESTILERIA_16062026;;"PLC_Origen=DESTILERIA_16062026; XML=DESTILERIA.L5X; declaracion Program:JW.TT_101_BASE_DESTILADORA; canal único de entrada; 200_TT_030; canales ninguno";RESCATADO_MONITOREO_V3;;;;;;;NO_APLICA;;;;
AUDITORIA_SIN_LAZO_241;AUDITORIA_222_EXCLUSIONES;;;;;;;;TT_102_CABEZA_DESTILADORA;;REVISION_NO_NUMERAR;"RESCATADO_MONITOREO_V3; canal único de entrada; 200_TT_031; alcance Program:JW; área histórica 200 (no prueba área actual)";NO;;;;;;;;;;;;;;;;;;;;;;;;;;;;;;;;;;;;;;;;;;DESTILERIA_16062026;;"PLC_Origen=DESTILERIA_16062026; XML=DESTILERIA.L5X; declaracion Program:JW.TT_102_CABEZA_DESTILADORA; canal único de entrada; 200_TT_031; canales ninguno";RESCATADO_MONITOREO_V3;;;;;;;NO_APLICA;;;;
AUDITORIA_SIN_LAZO_241;AUDITORIA_222_EXCLUSIONES;;;;;;;;TT_103_PRECAL_VINO;;REVISION_NO_NUMERAR;"RESCATADO_MONITOREO_V3; canal único de entrada; 200_TT_032; alcance Program:JW; área histórica 200 (no prueba área actual)";NO;;;;;;;;;;;;;;;;;;;;;;;;;;;;;;;;;;;;;;;;;;DESTILERIA_16062026;;"PLC_Origen=DESTILERIA_16062026; XML=DESTILERIA.L5X; declaracion Program:JW.TT_103_PRECAL_VINO; canal único de entrada; 200_TT_032; canales ninguno";RESCATADO_MONITOREO_V3;;;;;;;NO_APLICA;;;;
AUDITORIA_SIN_LAZO_241;AUDITORIA_222_EXCLUSIONES;;;;;;;;TT_104_SAL_PRECAL_VINO;;REVISION_NO_NUMERAR;"RESCATADO_MONITOREO_V3; canal único de entrada; 200_TT_033; alcance Program:JW; área histórica 200 (no prueba área actual)";NO;;;;;;;;;;;;;;;;;;;;;;;;;;;;;;;;;;;;;;;;;;DESTILERIA_16062026;;"PLC_Origen=DESTILERIA_16062026; XML=DESTILERIA.L5X; declaracion Program:JW.TT_104_SAL_PRECAL_VINO; canal único de entrada; 200_TT_033; canales ninguno";RESCATADO_MONITOREO_V3;;;;;;;NO_APLICA;;;;
AUDITORIA_SIN_LAZO_241;AUDITORIA_222_EXCLUSIONES;;;;;;;;TT_105_CONDENSADOR_TC101;;REVISION_NO_NUMERAR;"RESCATADO_MONITOREO_V3; canal único de entrada; 200_TT_034; alcance Program:JW; área histórica 200 (no prueba área actual)";NO;;;;;;;;;;;;;;;;;;;;;;;;;;;;;;;;;;;;;;;;;;DESTILERIA_16062026;;"PLC_Origen=DESTILERIA_16062026; XML=DESTILERIA.L5X; declaracion Program:JW.TT_105_CONDENSADOR_TC101; canal único de entrada; 200_TT_034; canales ninguno";RESCATADO_MONITOREO_V3;;;;;;;NO_APLICA;;;;
AUDITORIA_SIN_LAZO_241;AUDITORIA_222_EXCLUSIONES;;;;;;;;TT_106_CONDENSADOR_TC102;fermerntacion2022_islas:4:I.Ch5Data;REVISION_NO_NUMERAR;"YA_EN_PRODUCCION_POR_IDENTIDAD; seguimiento de escritor FISICO; alcance Program:JW; área histórica 200 (no prueba área actual)";NO;;;;;;;;;;;;;;;;;;;;;;;;;;;;;;;;;;;;;;;;;;DESTILERIA_16062026;;"PLC_Origen=DESTILERIA_16062026; XML=DESTILERIA.L5X; declaracion Program:JW.TT_106_CONDENSADOR_TC102; seguimiento de escritor FISICO; canales fermerntacion2022_islas:4:I.Ch5Data";YA_EN_PRODUCCION_POR_IDENTIDAD;;;;;;;NO_APLICA;;;;
AUDITORIA_SIN_LAZO_241;AUDITORIA_222_EXCLUSIONES;;;;;;;;TT_107_DESGASIFICADOR_TC102;;REVISION_NO_NUMERAR;"RESCATADO_MONITOREO_V3; canal único de entrada; 200_TT_036; alcance Program:JW; área histórica 200 (no prueba área actual)";NO;;;;;;;;;;;;;;;;;;;;;;;;;;;;;;;;;;;;;;;;;;DESTILERIA_16062026;;"PLC_Origen=DESTILERIA_16062026; XML=DESTILERIA.L5X; declaracion Program:JW.TT_107_DESGASIFICADOR_TC102; canal único de entrada; 200_TT_036; canales ninguno";RESCATADO_MONITOREO_V3;;;;;;;NO_APLICA;;;;
AUDITORIA_SIN_LAZO_241;AUDITORIA_222_EXCLUSIONES;;;;;;;;TT_108_ENTRADA_CONDENSADORES;fermerntacion2022_islas:5:I.Ch1Data;REVISADO_EN_V4;"INTERNO_ESCALADO_PENDIENTE_EXCLUSIVIDAD; seguimiento de escritor FISICO; alcance Program:JW; área histórica 300 (no prueba área actual); revisado en v4: ver filas Grupo_V4=item4_canales";NO;;;;;;;;;;;;;;;;;;;;;;;;;;;;;;;;;;;;;;;;;;DESTILERIA_16062026;;"PLC_Origen=DESTILERIA_16062026; XML=DESTILERIA.L5X; declaracion Program:JW.TT_108_ENTRADA_CONDENSADORES; seguimiento de escritor FISICO; canales fermerntacion2022_islas:5:I.Ch1Data";REVISADO_EN_V4;;;;;;;NO_APLICA;;;;
AUDITORIA_SIN_LAZO_241;AUDITORIA_222_EXCLUSIONES;;;;;;;;TT_109_VAPOR_ENTRADA;;REVISION_NO_NUMERAR;"RESCATADO_MONITOREO_V3; canal único de entrada; 200_TT_037; alcance Program:JW; área histórica 200 (no prueba área actual)";NO;;;;;;;;;;;;;;;;;;;;;;;;;;;;;;;;;;;;;;;;;;DESTILERIA_16062026;;"PLC_Origen=DESTILERIA_16062026; XML=DESTILERIA.L5X; declaracion Program:JW.TT_109_VAPOR_ENTRADA; canal único de entrada; 200_TT_037; canales ninguno";RESCATADO_MONITOREO_V3;;;;;;;NO_APLICA;;;;
AUDITORIA_SIN_LAZO_241;AUDITORIA_222_EXCLUSIONES;;;;;;;;TT_201_BASE_RECTIFICADORA;;REVISION_NO_NUMERAR;"RESCATADO_MONITOREO_V3; canal único de entrada; 200_TT_038; alcance Program:JW; área histórica 200 (no prueba área actual)";NO;;;;;;;;;;;;;;;;;;;;;;;;;;;;;;;;;;;;;;;;;;DESTILERIA_16062026;;"PLC_Origen=DESTILERIA_16062026; XML=DESTILERIA.L5X; declaracion Program:JW.TT_201_BASE_RECTIFICADORA; canal único de entrada; 200_TT_038; canales ninguno";RESCATADO_MONITOREO_V3;;;;;;;NO_APLICA;;;;
AUDITORIA_SIN_LAZO_241;AUDITORIA_222_EXCLUSIONES;;;;;;;;TT_202_MEDIO_RECTIFICADORA;;REVISION_NO_NUMERAR;"RESCATADO_MONITOREO_V3; canal único de entrada; 200_TT_039; alcance Program:JW; área histórica 200 (no prueba área actual)";NO;;;;;;;;;;;;;;;;;;;;;;;;;;;;;;;;;;;;;;;;;;DESTILERIA_16062026;;"PLC_Origen=DESTILERIA_16062026; XML=DESTILERIA.L5X; declaracion Program:JW.TT_202_MEDIO_RECTIFICADORA; canal único de entrada; 200_TT_039; canales ninguno";RESCATADO_MONITOREO_V3;;;;;;;NO_APLICA;;;;
AUDITORIA_SIN_LAZO_241;AUDITORIA_222_EXCLUSIONES;;;;;;;;TT_203_CABEZA_RECTIFICADORA;;REVISION_NO_NUMERAR;"RESCATADO_MONITOREO_V3; canal único de entrada; 200_TT_040; alcance Program:JW; área histórica 200 (no prueba área actual)";NO;;;;;;;;;;;;;;;;;;;;;;;;;;;;;;;;;;;;;;;;;;DESTILERIA_16062026;;"PLC_Origen=DESTILERIA_16062026; XML=DESTILERIA.L5X; declaracion Program:JW.TT_203_CABEZA_RECTIFICADORA; canal único de entrada; 200_TT_040; canales ninguno";RESCATADO_MONITOREO_V3;;;;;;;NO_APLICA;;;;
AUDITORIA_SIN_LAZO_241;AUDITORIA_222_EXCLUSIONES;;;;;;;;TT_204_CONDENSADOR_TC202;;REVISION_NO_NUMERAR;"RESCATADO_MONITOREO_V3; canal único de entrada; 200_TT_041; alcance Program:JW; área histórica 200 (no prueba área actual)";NO;;;;;;;;;;;;;;;;;;;;;;;;;;;;;;;;;;;;;;;;;;DESTILERIA_16062026;;"PLC_Origen=DESTILERIA_16062026; XML=DESTILERIA.L5X; declaracion Program:JW.TT_204_CONDENSADOR_TC202; canal único de entrada; 200_TT_041; canales ninguno";RESCATADO_MONITOREO_V3;;;;;;;NO_APLICA;;;;
AUDITORIA_SIN_LAZO_241;AUDITORIA_222_EXCLUSIONES;;;;;;;;TT_205_CONDENSADOR_TC203;;REVISION_NO_NUMERAR;"RESCATADO_MONITOREO_V3; canal único de entrada; 200_TT_042; alcance Program:JW; área histórica 200 (no prueba área actual)";NO;;;;;;;;;;;;;;;;;;;;;;;;;;;;;;;;;;;;;;;;;;DESTILERIA_16062026;;"PLC_Origen=DESTILERIA_16062026; XML=DESTILERIA.L5X; declaracion Program:JW.TT_205_CONDENSADOR_TC203; canal único de entrada; 200_TT_042; canales ninguno";RESCATADO_MONITOREO_V3;;;;;;;NO_APLICA;;;;
AUDITORIA_SIN_LAZO_241;AUDITORIA_222_EXCLUSIONES;;;;;;;;TT_206_CONDENSADOR_TC204;;REVISION_NO_NUMERAR;"RESCATADO_MONITOREO_V3; canal único de entrada; 200_TT_043; alcance Program:JW; área histórica 200 (no prueba área actual)";NO;;;;;;;;;;;;;;;;;;;;;;;;;;;;;;;;;;;;;;;;;;DESTILERIA_16062026;;"PLC_Origen=DESTILERIA_16062026; XML=DESTILERIA.L5X; declaracion Program:JW.TT_206_CONDENSADOR_TC204; canal único de entrada; 200_TT_043; canales ninguno";RESCATADO_MONITOREO_V3;;;;;;;NO_APLICA;;;;
AUDITORIA_SIN_LAZO_241;AUDITORIA_222_EXCLUSIONES;;;;;;;;TT_207_CONDENSADOR_TC204;fermerntacion2022_islas:6:I.Ch3Data;REVISION_NO_NUMERAR;"YA_EN_PRODUCCION_POR_IDENTIDAD; seguimiento de escritor FISICO; alcance Program:JW; área histórica 200 (no prueba área actual)";NO;;;;;;;;;;;;;;;;;;;;;;;;;;;;;;;;;;;;;;;;;;DESTILERIA_16062026;;"PLC_Origen=DESTILERIA_16062026; XML=DESTILERIA.L5X; declaracion Program:JW.TT_207_CONDENSADOR_TC204; seguimiento de escritor FISICO; canales fermerntacion2022_islas:6:I.Ch3Data";YA_EN_PRODUCCION_POR_IDENTIDAD;;;;;;;NO_APLICA;;;;
AUDITORIA_SIN_LAZO_241;AUDITORIA_222_EXCLUSIONES;;;;;;;;TT_208_ALCOHOL_HIDRATADO;;REVISION_NO_NUMERAR;"RESCATADO_MONITOREO_V3; canal único de entrada; 200_TT_044; alcance Program:JW; área histórica 200 (no prueba área actual)";NO;;;;;;;;;;;;;;;;;;;;;;;;;;;;;;;;;;;;;;;;;;DESTILERIA_16062026;;"PLC_Origen=DESTILERIA_16062026; XML=DESTILERIA.L5X; declaracion Program:JW.TT_208_ALCOHOL_HIDRATADO; canal único de entrada; 200_TT_044; canales ninguno";RESCATADO_MONITOREO_V3;;;;;;;NO_APLICA;;;;
AUDITORIA_SIN_LAZO_241;AUDITORIA_222_EXCLUSIONES;;;;;;;;TT_209_VINAZA;;REVISION_NO_NUMERAR;"RESCATADO_MONITOREO_V3; canal único de entrada; 200_TT_045; alcance Program:JW; área histórica 200 (no prueba área actual)";NO;;;;;;;;;;;;;;;;;;;;;;;;;;;;;;;;;;;;;;;;;;DESTILERIA_16062026;;"PLC_Origen=DESTILERIA_16062026; XML=DESTILERIA.L5X; declaracion Program:JW.TT_209_VINAZA; canal único de entrada; 200_TT_045; canales ninguno";RESCATADO_MONITOREO_V3;;;;;;;NO_APLICA;;;;
AUDITORIA_SIN_LAZO_241;AUDITORIA_222_EXCLUSIONES;;;;;;;;TT_ENTRADA_CAL_VINO;jw_fermerntacion_2022:2:I.Ch4Data;REVISADO_EN_V4;"INTERNO_ESCALADO_PENDIENTE_EXCLUSIVIDAD; seguimiento de escritor FISICO; alcance Program:JW; área histórica 300 (no prueba área actual); revisado en v4: ver filas Grupo_V4=item4_canales";NO;;;;;;;;;;;;;;;;;;;;;;;;;;;;;;;;;;;;;;;;;;DESTILERIA_16062026;;"PLC_Origen=DESTILERIA_16062026; XML=DESTILERIA.L5X; declaracion Program:JW.TT_ENTRADA_CAL_VINO; seguimiento de escritor FISICO; canales jw_fermerntacion_2022:2:I.Ch4Data";REVISADO_EN_V4;;;;;;;NO_APLICA;;;;
AUDITORIA_SIN_LAZO_241;AUDITORIA_222_EXCLUSIONES;;;;;;;;TT_ENTRADA_ENF_ALCOHOL;jw_fermerntacion_2022:2:I.Ch2Data;REVISADO_EN_V4;"INTERNO_ESCALADO_PENDIENTE_EXCLUSIVIDAD; seguimiento de escritor FISICO; alcance Program:JW; área histórica 300 (no prueba área actual); revisado en v4: ver filas Grupo_V4=item4_canales";NO;;;;;;;;;;;;;;;;;;;;;;;;;;;;;;;;;;;;;;;;;;DESTILERIA_16062026;;"PLC_Origen=DESTILERIA_16062026; XML=DESTILERIA.L5X; declaracion Program:JW.TT_ENTRADA_ENF_ALCOHOL; seguimiento de escritor FISICO; canales jw_fermerntacion_2022:2:I.Ch2Data";REVISADO_EN_V4;;;;;;;NO_APLICA;;;;
AUDITORIA_SIN_LAZO_241;AUDITORIA_222_EXCLUSIONES;;;;;;;;CONDUC_AGUACOND_VINAZA;;REVISION_NO_NUMERAR;"SIN_CANAL_FISICO_VALIDO; seguimiento de escritor SIN_ESCRITOR; alcance Controller; área histórica 200 (no prueba área actual)";NO;;;;;;;;;;;;;;;;;;;;;;;;;;;;;;;;;;;;;;;;;;Calderas_8_9_10_Des;;"PLC_Origen=Calderas_8_9_10_Des; XML=Calderas_8_9_10_Desaireador.L5X; declaracion Controller.CONDUC_AGUACOND_VINAZA; seguimiento de escritor SIN_ESCRITOR; canales ninguno";SIN_CANAL_FISICO_VALIDO;;;;;;;NO_APLICA;;;;
AUDITORIA_SIN_LAZO_241;AUDITORIA_222_EXCLUSIONES;;;;;;;;DES_2_S2_IT_BBA_11_REP_TK_20_NORTE;Desaireador_2:2:I.Ch[0].Data;REVISADO_EN_V4;"AREA_MULTISECTOR_NO_CONFIRMADA; AliasFor exacto; alcance Controller; área histórica 200 (no prueba área actual); revisado en v4: ver filas Grupo_V4=item2_desaireador";NO;;;;;;;;;;;;;;;;;;;;;;;;;;;;;;;;;;;;;;;;;;Calderas_8_9_10_Des;;"PLC_Origen=Calderas_8_9_10_Des; XML=Calderas_8_9_10_Desaireador.L5X; declaracion Controller.DES_2_S2_IT_BBA_11_REP_TK_20_NORTE; AliasFor exacto; canales Desaireador_2:2:I.Ch[0].Data";REVISADO_EN_V4;;;;;;;NO_APLICA;;;;
AUDITORIA_SIN_LAZO_241;AUDITORIA_222_EXCLUSIONES;;;;;;;;DES_2_S2_IT_BBA_12_REP_TK_20_SUR;Desaireador_2:2:I.Ch[2].Data;REVISADO_EN_V4;"AREA_MULTISECTOR_NO_CONFIRMADA; AliasFor exacto; alcance Controller; área histórica 200 (no prueba área actual); revisado en v4: ver filas Grupo_V4=item2_desaireador";NO;;;;;;;;;;;;;;;;;;;;;;;;;;;;;;;;;;;;;;;;;;Calderas_8_9_10_Des;;"PLC_Origen=Calderas_8_9_10_Des; XML=Calderas_8_9_10_Desaireador.L5X; declaracion Controller.DES_2_S2_IT_BBA_12_REP_TK_20_SUR; AliasFor exacto; canales Desaireador_2:2:I.Ch[2].Data";REVISADO_EN_V4;;;;;;;NO_APLICA;;;;
AUDITORIA_SIN_LAZO_241;AUDITORIA_222_EXCLUSIONES;;;;;;;;DES_2_S2_ST_BBA_11_REP_TK_20_NORTE;Desaireador_2:2:I.Ch[1].Data;REVISADO_EN_V4;"AREA_MULTISECTOR_NO_CONFIRMADA; AliasFor exacto; alcance Controller; área histórica 200 (no prueba área actual); revisado en v4: ver filas Grupo_V4=item2_desaireador";NO;;;;;;;;;;;;;;;;;;;;;;;;;;;;;;;;;;;;;;;;;;Calderas_8_9_10_Des;;"PLC_Origen=Calderas_8_9_10_Des; XML=Calderas_8_9_10_Desaireador.L5X; declaracion Controller.DES_2_S2_ST_BBA_11_REP_TK_20_NORTE; AliasFor exacto; canales Desaireador_2:2:I.Ch[1].Data";REVISADO_EN_V4;;;;;;;NO_APLICA;;;;
AUDITORIA_SIN_LAZO_241;AUDITORIA_222_EXCLUSIONES;;;;;;;;DES_2_S2_ST_BBA_12_REP_TK_20_SUR;Desaireador_2:2:I.Ch[3].Data;REVISADO_EN_V4;"AREA_MULTISECTOR_NO_CONFIRMADA; AliasFor exacto; alcance Controller; área histórica 200 (no prueba área actual); revisado en v4: ver filas Grupo_V4=item2_desaireador";NO;;;;;;;;;;;;;;;;;;;;;;;;;;;;;;;;;;;;;;;;;;Calderas_8_9_10_Des;;"PLC_Origen=Calderas_8_9_10_Des; XML=Calderas_8_9_10_Desaireador.L5X; declaracion Controller.DES_2_S2_ST_BBA_12_REP_TK_20_SUR; AliasFor exacto; canales Desaireador_2:2:I.Ch[3].Data";REVISADO_EN_V4;;;;;;;NO_APLICA;;;;
AUDITORIA_SIN_LAZO_241;AUDITORIA_222_EXCLUSIONES;;;;;;;;DES_2_S3_LT_TK_AGUA_DE_POZO;Desaireador_2:3:I.Ch[0].Data;REVISADO_EN_V4;"AREA_MULTISECTOR_NO_CONFIRMADA; AliasFor exacto; alcance Controller; área histórica 200 (no prueba área actual); revisado en v4: ver filas Grupo_V4=item2_desaireador";NO;;;;;;;;;;;;;;;;;;;;;;;;;;;;;;;;;;;;;;;;;;Calderas_8_9_10_Des;;"PLC_Origen=Calderas_8_9_10_Des; XML=Calderas_8_9_10_Desaireador.L5X; declaracion Controller.DES_2_S3_LT_TK_AGUA_DE_POZO; AliasFor exacto; canales Desaireador_2:3:I.Ch[0].Data";REVISADO_EN_V4;;;;;;;NO_APLICA;;;;
AUDITORIA_SIN_LAZO_241;AUDITORIA_222_EXCLUSIONES;;;;;;;;DES_S1_LT_TK_1000;Desaireador:2:I.Ch[3].Data;REVISADO_EN_V4;"AREA_MULTISECTOR_NO_CONFIRMADA; AliasFor exacto; alcance Controller; área histórica 200 (no prueba área actual); revisado en v4: ver filas Grupo_V4=item2_desaireador";NO;;;;;;;;;;;;;;;;;;;;;;;;;;;;;;;;;;;;;;;;;;Calderas_8_9_10_Des;;"PLC_Origen=Calderas_8_9_10_Des; XML=Calderas_8_9_10_Desaireador.L5X; declaracion Controller.DES_S1_LT_TK_1000; AliasFor exacto; canales Desaireador:2:I.Ch[3].Data";REVISADO_EN_V4;;;;;;;NO_APLICA;;;;
AUDITORIA_SIN_LAZO_241;AUDITORIA_222_EXCLUSIONES;;;;;;;;DES_S1_LT_TK_20;Desaireador:2:I.Ch[1].Data;REVISADO_EN_V4;"AREA_MULTISECTOR_NO_CONFIRMADA; AliasFor exacto; alcance Controller; área histórica 200 (no prueba área actual); revisado en v4: ver filas Grupo_V4=item2_desaireador";NO;;;;;;;;;;;;;;;;;;;;;;;;;;;;;;;;;;;;;;;;;;Calderas_8_9_10_Des;;"PLC_Origen=Calderas_8_9_10_Des; XML=Calderas_8_9_10_Desaireador.L5X; declaracion Controller.DES_S1_LT_TK_20; AliasFor exacto; canales Desaireador:2:I.Ch[1].Data";REVISADO_EN_V4;;;;;;;NO_APLICA;;;;
AUDITORIA_SIN_LAZO_241;AUDITORIA_222_EXCLUSIONES;;;;;;;;DES_S1_LT_TK_DESAIREADOR;Desaireador:2:I.Ch[4].Data;REVISADO_EN_V4;"AREA_MULTISECTOR_NO_CONFIRMADA; AliasFor exacto; alcance Controller; área histórica 200 (no prueba área actual); revisado en v4: ver filas Grupo_V4=item2_desaireador";NO;;;;;;;;;;;;;;;;;;;;;;;;;;;;;;;;;;;;;;;;;;Calderas_8_9_10_Des;;"PLC_Origen=Calderas_8_9_10_Des; XML=Calderas_8_9_10_Desaireador.L5X; declaracion Controller.DES_S1_LT_TK_DESAIREADOR; AliasFor exacto; canales Desaireador:2:I.Ch[4].Data";REVISADO_EN_V4;;;;;;;NO_APLICA;;;;
AUDITORIA_SIN_LAZO_241;AUDITORIA_222_EXCLUSIONES;;;;;;;;DES_S1_LT_TK_INOXIDABLE;Desaireador:2:I.Ch[0].Data;REVISADO_EN_V4;"AREA_MULTISECTOR_NO_CONFIRMADA; AliasFor exacto; alcance Controller; área histórica 200 (no prueba área actual); revisado en v4: ver filas Grupo_V4=item2_desaireador";NO;;;;;;;;;;;;;;;;;;;;;;;;;;;;;;;;;;;;;;;;;;Calderas_8_9_10_Des;;"PLC_Origen=Calderas_8_9_10_Des; XML=Calderas_8_9_10_Desaireador.L5X; declaracion Controller.DES_S1_LT_TK_INOXIDABLE; AliasFor exacto; canales Desaireador:2:I.Ch[0].Data";REVISADO_EN_V4;;;;;;;NO_APLICA;;;;
AUDITORIA_SIN_LAZO_241;AUDITORIA_222_EXCLUSIONES;;;;;;;;DES_S1_PT_COLECTOR_AGUA_A_CALDERA;Desaireador:2:I.Ch[7].Data;REVISADO_EN_V4;"AREA_MULTISECTOR_NO_CONFIRMADA; AliasFor exacto; alcance Controller; área histórica 200 (no prueba área actual); revisado en v4: ver filas Grupo_V4=item2_desaireador";NO;;;;;;;;;;;;;;;;;;;;;;;;;;;;;;;;;;;;;;;;;;Calderas_8_9_10_Des;;"PLC_Origen=Calderas_8_9_10_Des; XML=Calderas_8_9_10_Desaireador.L5X; declaracion Controller.DES_S1_PT_COLECTOR_AGUA_A_CALDERA; AliasFor exacto; canales Desaireador:2:I.Ch[7].Data";REVISADO_EN_V4;;;;;;;NO_APLICA;;;;
AUDITORIA_SIN_LAZO_241;AUDITORIA_222_EXCLUSIONES;;;;;;;;DES_S1_PT_DESAIREADOR;Desaireador:2:I.Ch[2].Data;REVISADO_EN_V4;"AREA_MULTISECTOR_NO_CONFIRMADA; AliasFor exacto; alcance Controller; área histórica 200 (no prueba área actual); revisado en v4: ver filas Grupo_V4=item2_desaireador";NO;;;;;;;;;;;;;;;;;;;;;;;;;;;;;;;;;;;;;;;;;;Calderas_8_9_10_Des;;"PLC_Origen=Calderas_8_9_10_Des; XML=Calderas_8_9_10_Desaireador.L5X; declaracion Controller.DES_S1_PT_DESAIREADOR; AliasFor exacto; canales Desaireador:2:I.Ch[2].Data";REVISADO_EN_V4;;;;;;;NO_APLICA;;;;
AUDITORIA_SIN_LAZO_241;AUDITORIA_222_EXCLUSIONES;;;;;;;;DES_S1_PT_VALVULA_10_0;Desaireador:2:I.Ch[6].Data;REVISION_NO_NUMERAR;"YA_EN_PRODUCCION_POR_IDENTIDAD; AliasFor exacto; alcance Controller; área histórica 200 (no prueba área actual)";NO;;;;;;;;;;;;;;;;;;;;;;;;;;;;;;;;;;;;;;;;;;Calderas_8_9_10_Des;;"PLC_Origen=Calderas_8_9_10_Des; XML=Calderas_8_9_10_Desaireador.L5X; declaracion Controller.DES_S1_PT_VALVULA_10_0; AliasFor exacto; canales Desaireador:2:I.Ch[6].Data";YA_EN_PRODUCCION_POR_IDENTIDAD;;;;;;;NO_APLICA;;;;
AUDITORIA_SIN_LAZO_241;AUDITORIA_222_EXCLUSIONES;;;;;;;;DES_S1_PT_VALVULA_20_10;Desaireador:2:I.Ch[5].Data;REVISADO_EN_V4;"AREA_MULTISECTOR_NO_CONFIRMADA; AliasFor exacto; alcance Controller; área histórica 200 (no prueba área actual); revisado en v4: ver filas Grupo_V4=item2_desaireador";NO;;;;;;;;;;;;;;;;;;;;;;;;;;;;;;;;;;;;;;;;;;Calderas_8_9_10_Des;;"PLC_Origen=Calderas_8_9_10_Des; XML=Calderas_8_9_10_Desaireador.L5X; declaracion Controller.DES_S1_PT_VALVULA_20_10; AliasFor exacto; canales Desaireador:2:I.Ch[5].Data";REVISADO_EN_V4;;;;;;;NO_APLICA;;;;
AUDITORIA_SIN_LAZO_241;AUDITORIA_222_EXCLUSIONES;;;;;;;;DES_S2_ST_BBA_1;Desaireador:2:I.Ch[0].Data;REVISADO_EN_V4;"AREA_MULTISECTOR_NO_CONFIRMADA; AliasFor exacto; alcance Controller; área histórica 200 (no prueba área actual); revisado en v4: ver filas Grupo_V4=item2_desaireador";NO;;;;;;;;;;;;;;;;;;;;;;;;;;;;;;;;;;;;;;;;;;Calderas_8_9_10_Des;;"PLC_Origen=Calderas_8_9_10_Des; XML=Calderas_8_9_10_Desaireador.L5X; declaracion Controller.DES_S2_ST_BBA_1; AliasFor exacto; canales Desaireador:2:I.Ch[0].Data";REVISADO_EN_V4;;;;;;;NO_APLICA;;;;
AUDITORIA_SIN_LAZO_241;AUDITORIA_222_EXCLUSIONES;;;;;;;;DES_S2_ST_BBA_2;Desaireador:2:I.Ch[1].Data;REVISADO_EN_V4;"AREA_MULTISECTOR_NO_CONFIRMADA; AliasFor exacto; alcance Controller; área histórica 200 (no prueba área actual); revisado en v4: ver filas Grupo_V4=item2_desaireador";NO;;;;;;;;;;;;;;;;;;;;;;;;;;;;;;;;;;;;;;;;;;Calderas_8_9_10_Des;;"PLC_Origen=Calderas_8_9_10_Des; XML=Calderas_8_9_10_Desaireador.L5X; declaracion Controller.DES_S2_ST_BBA_2; AliasFor exacto; canales Desaireador:2:I.Ch[1].Data";REVISADO_EN_V4;;;;;;;NO_APLICA;;;;
AUDITORIA_SIN_LAZO_241;AUDITORIA_222_EXCLUSIONES;;;;;;;;DES_S2_ST_BBA_3;Desaireador:2:I.Ch[2].Data;REVISADO_EN_V4;"AREA_MULTISECTOR_NO_CONFIRMADA; AliasFor exacto; alcance Controller; área histórica 200 (no prueba área actual); revisado en v4: ver filas Grupo_V4=item2_desaireador";NO;;;;;;;;;;;;;;;;;;;;;;;;;;;;;;;;;;;;;;;;;;Calderas_8_9_10_Des;;"PLC_Origen=Calderas_8_9_10_Des; XML=Calderas_8_9_10_Desaireador.L5X; declaracion Controller.DES_S2_ST_BBA_3; AliasFor exacto; canales Desaireador:2:I.Ch[2].Data";REVISADO_EN_V4;;;;;;;NO_APLICA;;;;
AUDITORIA_SIN_LAZO_241;AUDITORIA_222_EXCLUSIONES;;;;;;;;DES_S2_ST_BBA_4;Desaireador:2:I.Ch[3].Data;REVISADO_EN_V4;"AREA_MULTISECTOR_NO_CONFIRMADA; AliasFor exacto; alcance Controller; área histórica 200 (no prueba área actual); revisado en v4: ver filas Grupo_V4=item2_desaireador";NO;;;;;;;;;;;;;;;;;;;;;;;;;;;;;;;;;;;;;;;;;;Calderas_8_9_10_Des;;"PLC_Origen=Calderas_8_9_10_Des; XML=Calderas_8_9_10_Desaireador.L5X; declaracion Controller.DES_S2_ST_BBA_4; AliasFor exacto; canales Desaireador:2:I.Ch[3].Data";REVISADO_EN_V4;;;;;;;NO_APLICA;;;;
AUDITORIA_SIN_LAZO_241;AUDITORIA_222_EXCLUSIONES;;;;;;;;DES_S2_ST_BBA_5;Desaireador:2:I.Ch[4].Data;REVISADO_EN_V4;"AREA_MULTISECTOR_NO_CONFIRMADA; AliasFor exacto; alcance Controller; área histórica 200 (no prueba área actual); revisado en v4: ver filas Grupo_V4=item2_desaireador";NO;;;;;;;;;;;;;;;;;;;;;;;;;;;;;;;;;;;;;;;;;;Calderas_8_9_10_Des;;"PLC_Origen=Calderas_8_9_10_Des; XML=Calderas_8_9_10_Desaireador.L5X; declaracion Controller.DES_S2_ST_BBA_5; AliasFor exacto; canales Desaireador:2:I.Ch[4].Data";REVISADO_EN_V4;;;;;;;NO_APLICA;;;;
AUDITORIA_SIN_LAZO_241;AUDITORIA_222_EXCLUSIONES;;;;;;;;DES_S2_ST_BBA_6;Desaireador:2:I.Ch[5].Data;REVISADO_EN_V4;"AREA_MULTISECTOR_NO_CONFIRMADA; AliasFor exacto; alcance Controller; área histórica 200 (no prueba área actual); revisado en v4: ver filas Grupo_V4=item2_desaireador";NO;;;;;;;;;;;;;;;;;;;;;;;;;;;;;;;;;;;;;;;;;;Calderas_8_9_10_Des;;"PLC_Origen=Calderas_8_9_10_Des; XML=Calderas_8_9_10_Desaireador.L5X; declaracion Controller.DES_S2_ST_BBA_6; AliasFor exacto; canales Desaireador:2:I.Ch[5].Data";REVISADO_EN_V4;;;;;;;NO_APLICA;;;;
AUDITORIA_SIN_LAZO_241;AUDITORIA_222_EXCLUSIONES;;;;;;;;DES_S2_ST_BBA_7;Desaireador:2:I.Ch[6].Data;REVISION_NO_NUMERAR;"CANAL_DE_LAZO_PRODUCTIVO; AliasFor exacto; alcance Controller; área histórica 200 (no prueba área actual)";NO;;;;;;;;;;;;;;;;;;;;;;;;;;;;;;;;;;;;;;;;;;Calderas_8_9_10_Des;;"PLC_Origen=Calderas_8_9_10_Des; XML=Calderas_8_9_10_Desaireador.L5X; declaracion Controller.DES_S2_ST_BBA_7; AliasFor exacto; canales Desaireador:2:I.Ch[6].Data";CANAL_DE_LAZO_PRODUCTIVO;;;;;;;NO_APLICA;;;;
AUDITORIA_SIN_LAZO_241;AUDITORIA_222_EXCLUSIONES;;;;;;;;DES_S2_ST_BBA_8;Desaireador:2:I.Ch[7].Data;REVISADO_EN_V4;"AREA_MULTISECTOR_NO_CONFIRMADA; AliasFor exacto; alcance Controller; área histórica 200 (no prueba área actual); revisado en v4: ver filas Grupo_V4=item2_desaireador";NO;;;;;;;;;;;;;;;;;;;;;;;;;;;;;;;;;;;;;;;;;;Calderas_8_9_10_Des;;"PLC_Origen=Calderas_8_9_10_Des; XML=Calderas_8_9_10_Desaireador.L5X; declaracion Controller.DES_S2_ST_BBA_8; AliasFor exacto; canales Desaireador:2:I.Ch[7].Data";REVISADO_EN_V4;;;;;;;NO_APLICA;;;;
AUDITORIA_SIN_LAZO_241;AUDITORIA_222_EXCLUSIONES;;;;;;;;DES_S3_IT_BBA_1;Desaireador:3:I.Ch[2].Data;REVISADO_EN_V4;"AREA_MULTISECTOR_NO_CONFIRMADA; AliasFor exacto; alcance Controller; área histórica 200 (no prueba área actual); revisado en v4: ver filas Grupo_V4=item2_desaireador";NO;;;;;;;;;;;;;;;;;;;;;;;;;;;;;;;;;;;;;;;;;;Calderas_8_9_10_Des;;"PLC_Origen=Calderas_8_9_10_Des; XML=Calderas_8_9_10_Desaireador.L5X; declaracion Controller.DES_S3_IT_BBA_1; AliasFor exacto; canales Desaireador:3:I.Ch[2].Data";REVISADO_EN_V4;;;;;;;NO_APLICA;;;;
AUDITORIA_SIN_LAZO_241;AUDITORIA_222_EXCLUSIONES;;;;;;;;DES_S3_IT_BBA_2;Desaireador:3:I.Ch[3].Data;REVISADO_EN_V4;"AREA_MULTISECTOR_NO_CONFIRMADA; AliasFor exacto; alcance Controller; área histórica 200 (no prueba área actual); revisado en v4: ver filas Grupo_V4=item2_desaireador";NO;;;;;;;;;;;;;;;;;;;;;;;;;;;;;;;;;;;;;;;;;;Calderas_8_9_10_Des;;"PLC_Origen=Calderas_8_9_10_Des; XML=Calderas_8_9_10_Desaireador.L5X; declaracion Controller.DES_S3_IT_BBA_2; AliasFor exacto; canales Desaireador:3:I.Ch[3].Data";REVISADO_EN_V4;;;;;;;NO_APLICA;;;;
AUDITORIA_SIN_LAZO_241;AUDITORIA_222_EXCLUSIONES;;;;;;;;DES_S3_IT_BBA_3;Desaireador:3:I.Ch[4].Data;REVISADO_EN_V4;"AREA_MULTISECTOR_NO_CONFIRMADA; AliasFor exacto; alcance Controller; área histórica 200 (no prueba área actual); revisado en v4: ver filas Grupo_V4=item2_desaireador";NO;;;;;;;;;;;;;;;;;;;;;;;;;;;;;;;;;;;;;;;;;;Calderas_8_9_10_Des;;"PLC_Origen=Calderas_8_9_10_Des; XML=Calderas_8_9_10_Desaireador.L5X; declaracion Controller.DES_S3_IT_BBA_3; AliasFor exacto; canales Desaireador:3:I.Ch[4].Data";REVISADO_EN_V4;;;;;;;NO_APLICA;;;;
AUDITORIA_SIN_LAZO_241;AUDITORIA_222_EXCLUSIONES;;;;;;;;DES_S3_IT_BBA_4;Desaireador:3:I.Ch[5].Data;REVISADO_EN_V4;"AREA_MULTISECTOR_NO_CONFIRMADA; AliasFor exacto; alcance Controller; área histórica 200 (no prueba área actual); revisado en v4: ver filas Grupo_V4=item2_desaireador";NO;;;;;;;;;;;;;;;;;;;;;;;;;;;;;;;;;;;;;;;;;;Calderas_8_9_10_Des;;"PLC_Origen=Calderas_8_9_10_Des; XML=Calderas_8_9_10_Desaireador.L5X; declaracion Controller.DES_S3_IT_BBA_4; AliasFor exacto; canales Desaireador:3:I.Ch[5].Data";REVISADO_EN_V4;;;;;;;NO_APLICA;;;;
AUDITORIA_SIN_LAZO_241;AUDITORIA_222_EXCLUSIONES;;;;;;;;DES_S3_IT_BBA_6;Desaireador:3:I.Ch[6].Data;REVISADO_EN_V4;"AREA_MULTISECTOR_NO_CONFIRMADA; AliasFor exacto; alcance Controller; área histórica 200 (no prueba área actual); revisado en v4: ver filas Grupo_V4=item2_desaireador";NO;;;;;;;;;;;;;;;;;;;;;;;;;;;;;;;;;;;;;;;;;;Calderas_8_9_10_Des;;"PLC_Origen=Calderas_8_9_10_Des; XML=Calderas_8_9_10_Desaireador.L5X; declaracion Controller.DES_S3_IT_BBA_6; AliasFor exacto; canales Desaireador:3:I.Ch[6].Data";REVISADO_EN_V4;;;;;;;NO_APLICA;;;;
AUDITORIA_SIN_LAZO_241;AUDITORIA_222_EXCLUSIONES;;;;;;;;DES_S3_IT_BBA_7;Desaireador:3:I.Ch[7].Data;REVISADO_EN_V4;"AREA_MULTISECTOR_NO_CONFIRMADA; AliasFor exacto; alcance Controller; área histórica 200 (no prueba área actual); revisado en v4: ver filas Grupo_V4=item2_desaireador";NO;;;;;;;;;;;;;;;;;;;;;;;;;;;;;;;;;;;;;;;;;;Calderas_8_9_10_Des;;"PLC_Origen=Calderas_8_9_10_Des; XML=Calderas_8_9_10_Desaireador.L5X; declaracion Controller.DES_S3_IT_BBA_7; AliasFor exacto; canales Desaireador:3:I.Ch[7].Data";REVISADO_EN_V4;;;;;;;NO_APLICA;;;;
AUDITORIA_SIN_LAZO_241;AUDITORIA_222_EXCLUSIONES;;;;;;;;DES_S3_ST_BBA_10;Desaireador:3:I.Ch[1].Data;REVISADO_EN_V4;"AREA_MULTISECTOR_NO_CONFIRMADA; AliasFor exacto; alcance Controller; área histórica 200 (no prueba área actual); revisado en v4: ver filas Grupo_V4=item2_desaireador";NO;;;;;;;;;;;;;;;;;;;;;;;;;;;;;;;;;;;;;;;;;;Calderas_8_9_10_Des;;"PLC_Origen=Calderas_8_9_10_Des; XML=Calderas_8_9_10_Desaireador.L5X; declaracion Controller.DES_S3_ST_BBA_10; AliasFor exacto; canales Desaireador:3:I.Ch[1].Data";REVISADO_EN_V4;;;;;;;NO_APLICA;;;;
AUDITORIA_SIN_LAZO_241;AUDITORIA_222_EXCLUSIONES;;;;;;;;DES_S3_ST_BBA_9;Desaireador:3:I.Ch[0].Data;REVISADO_EN_V4;"AREA_MULTISECTOR_NO_CONFIRMADA; AliasFor exacto; alcance Controller; área histórica 200 (no prueba área actual); revisado en v4: ver filas Grupo_V4=item2_desaireador";NO;;;;;;;;;;;;;;;;;;;;;;;;;;;;;;;;;;;;;;;;;;Calderas_8_9_10_Des;;"PLC_Origen=Calderas_8_9_10_Des; XML=Calderas_8_9_10_Desaireador.L5X; declaracion Controller.DES_S3_ST_BBA_9; AliasFor exacto; canales Desaireador:3:I.Ch[0].Data";REVISADO_EN_V4;;;;;;;NO_APLICA;;;;
AUDITORIA_SIN_LAZO_241;AUDITORIA_222_EXCLUSIONES;;;;;;;;DES_S5_SI_BBA_1;Desaireador:5:O.Ch0Data;REVISION_NO_NUMERAR;"AREA_MULTISECTOR_NO_CONFIRMADA; AliasFor exacto; alcance Controller; área histórica 200 (no prueba área actual)";NO;;;;;;;;;;;;;;;;;;;;;;;;;;;;;;;;;;;;;;;;;;Calderas_8_9_10_Des;;"PLC_Origen=Calderas_8_9_10_Des; XML=Calderas_8_9_10_Desaireador.L5X; declaracion Controller.DES_S5_SI_BBA_1; AliasFor exacto; canales Desaireador:5:O.Ch0Data";AREA_MULTISECTOR_NO_CONFIRMADA;;;;;;;NO_APLICA;;;;
AUDITORIA_SIN_LAZO_241;AUDITORIA_222_EXCLUSIONES;;;;;;;;DES_S5_SI_BBA_2;Desaireador:5:O.Ch1Data;REVISION_NO_NUMERAR;"AREA_MULTISECTOR_NO_CONFIRMADA; AliasFor exacto; alcance Controller; área histórica 200 (no prueba área actual)";NO;;;;;;;;;;;;;;;;;;;;;;;;;;;;;;;;;;;;;;;;;;Calderas_8_9_10_Des;;"PLC_Origen=Calderas_8_9_10_Des; XML=Calderas_8_9_10_Desaireador.L5X; declaracion Controller.DES_S5_SI_BBA_2; AliasFor exacto; canales Desaireador:5:O.Ch1Data";AREA_MULTISECTOR_NO_CONFIRMADA;;;;;;;NO_APLICA;;;;
AUDITORIA_SIN_LAZO_241;AUDITORIA_222_EXCLUSIONES;;;;;;;;DES_S5_SI_BBA_3;Desaireador:5:O.Ch2Data;REVISION_NO_NUMERAR;"AREA_MULTISECTOR_NO_CONFIRMADA; AliasFor exacto; alcance Controller; área histórica 200 (no prueba área actual)";NO;;;;;;;;;;;;;;;;;;;;;;;;;;;;;;;;;;;;;;;;;;Calderas_8_9_10_Des;;"PLC_Origen=Calderas_8_9_10_Des; XML=Calderas_8_9_10_Desaireador.L5X; declaracion Controller.DES_S5_SI_BBA_3; AliasFor exacto; canales Desaireador:5:O.Ch2Data";AREA_MULTISECTOR_NO_CONFIRMADA;;;;;;;NO_APLICA;;;;
AUDITORIA_SIN_LAZO_241;AUDITORIA_222_EXCLUSIONES;;;;;;;;DES_S5_SI_BBA_4;Desaireador:5:O.Ch3Data;REVISION_NO_NUMERAR;"AREA_MULTISECTOR_NO_CONFIRMADA; AliasFor exacto; alcance Controller; área histórica 200 (no prueba área actual)";NO;;;;;;;;;;;;;;;;;;;;;;;;;;;;;;;;;;;;;;;;;;Calderas_8_9_10_Des;;"PLC_Origen=Calderas_8_9_10_Des; XML=Calderas_8_9_10_Desaireador.L5X; declaracion Controller.DES_S5_SI_BBA_4; AliasFor exacto; canales Desaireador:5:O.Ch3Data";AREA_MULTISECTOR_NO_CONFIRMADA;;;;;;;NO_APLICA;;;;
AUDITORIA_SIN_LAZO_241;AUDITORIA_222_EXCLUSIONES;;;;;;;;DES_S5_SI_BBA_6;Desaireador:5:O.Ch5Data;REVISION_NO_NUMERAR;"AREA_MULTISECTOR_NO_CONFIRMADA; AliasFor exacto; alcance Controller; área histórica 200 (no prueba área actual)";NO;;;;;;;;;;;;;;;;;;;;;;;;;;;;;;;;;;;;;;;;;;Calderas_8_9_10_Des;;"PLC_Origen=Calderas_8_9_10_Des; XML=Calderas_8_9_10_Desaireador.L5X; declaracion Controller.DES_S5_SI_BBA_6; AliasFor exacto; canales Desaireador:5:O.Ch5Data";AREA_MULTISECTOR_NO_CONFIRMADA;;;;;;;NO_APLICA;;;;
AUDITORIA_SIN_LAZO_241;AUDITORIA_222_EXCLUSIONES;;;;;;;;DES_S5_SI_BBA_7;Desaireador:5:O.Ch4Data;REVISION_NO_NUMERAR;"AREA_MULTISECTOR_NO_CONFIRMADA; AliasFor exacto; alcance Controller; área histórica 200 (no prueba área actual)";NO;;;;;;;;;;;;;;;;;;;;;;;;;;;;;;;;;;;;;;;;;;Calderas_8_9_10_Des;;"PLC_Origen=Calderas_8_9_10_Des; XML=Calderas_8_9_10_Desaireador.L5X; declaracion Controller.DES_S5_SI_BBA_7; AliasFor exacto; canales Desaireador:5:O.Ch4Data";AREA_MULTISECTOR_NO_CONFIRMADA;;;;;;;NO_APLICA;;;;
AUDITORIA_SIN_LAZO_241;AUDITORIA_222_EXCLUSIONES;;;;;;;;DES_S5_SI_BBA_8;Desaireador:5:O.Ch6Data;REVISION_NO_NUMERAR;"AREA_MULTISECTOR_NO_CONFIRMADA; AliasFor exacto; alcance Controller; área histórica 200 (no prueba área actual)";NO;;;;;;;;;;;;;;;;;;;;;;;;;;;;;;;;;;;;;;;;;;Calderas_8_9_10_Des;;"PLC_Origen=Calderas_8_9_10_Des; XML=Calderas_8_9_10_Desaireador.L5X; declaracion Controller.DES_S5_SI_BBA_8; AliasFor exacto; canales Desaireador:5:O.Ch6Data";AREA_MULTISECTOR_NO_CONFIRMADA;;;;;;;NO_APLICA;;;;
AUDITORIA_SIN_LAZO_241;AUDITORIA_222_EXCLUSIONES;;;;;;;;DES_S6_PV_VALVULA_10_0;Desaireador:6:O.Ch3Data;REVISION_NO_NUMERAR;"YA_EN_PRODUCCION_POR_IDENTIDAD; AliasFor exacto; alcance Controller; área histórica 200 (no prueba área actual)";NO;;;;;;;;;;;;;;;;;;;;;;;;;;;;;;;;;;;;;;;;;;Calderas_8_9_10_Des;;"PLC_Origen=Calderas_8_9_10_Des; XML=Calderas_8_9_10_Desaireador.L5X; declaracion Controller.DES_S6_PV_VALVULA_10_0; AliasFor exacto; canales Desaireador:6:O.Ch3Data";YA_EN_PRODUCCION_POR_IDENTIDAD;;;;;;;NO_APLICA;;;;
AUDITORIA_SIN_LAZO_241;AUDITORIA_222_EXCLUSIONES;;;;;;;;DES_S6_PV_VALVULA_20_10;Desaireador:6:O.Ch2Data;REVISION_NO_NUMERAR;"YA_EN_PRODUCCION_POR_IDENTIDAD; AliasFor exacto; alcance Controller; área histórica 200 (no prueba área actual)";NO;;;;;;;;;;;;;;;;;;;;;;;;;;;;;;;;;;;;;;;;;;Calderas_8_9_10_Des;;"PLC_Origen=Calderas_8_9_10_Des; XML=Calderas_8_9_10_Desaireador.L5X; declaracion Controller.DES_S6_PV_VALVULA_20_10; AliasFor exacto; canales Desaireador:6:O.Ch2Data";YA_EN_PRODUCCION_POR_IDENTIDAD;;;;;;;NO_APLICA;;;;
AUDITORIA_SIN_LAZO_241;AUDITORIA_222_EXCLUSIONES;;;;;;;;DES_S6_PV_VALVULA_EVACUACION_DES;Desaireador:6:O.Ch4Data;REVISADO_EN_V4;"AREA_MULTISECTOR_NO_CONFIRMADA; AliasFor exacto; alcance Controller; área histórica 200 (no prueba área actual); revisado en v4: ver filas Grupo_V4=item2_desaireador";NO;;;;;;;;;;;;;;;;;;;;;;;;;;;;;;;;;;;;;;;;;;Calderas_8_9_10_Des;;"PLC_Origen=Calderas_8_9_10_Des; XML=Calderas_8_9_10_Desaireador.L5X; declaracion Controller.DES_S6_PV_VALVULA_EVACUACION_DES; AliasFor exacto; canales Desaireador:6:O.Ch4Data";REVISADO_EN_V4;;;;;;;NO_APLICA;;;;
AUDITORIA_SIN_LAZO_241;AUDITORIA_222_EXCLUSIONES;;;;;;;;DES_S6_SI_BBA_10;Desaireador:6:O.Ch1Data;REVISION_NO_NUMERAR;"AREA_MULTISECTOR_NO_CONFIRMADA; AliasFor exacto; alcance Controller; área histórica 200 (no prueba área actual)";NO;;;;;;;;;;;;;;;;;;;;;;;;;;;;;;;;;;;;;;;;;;Calderas_8_9_10_Des;;"PLC_Origen=Calderas_8_9_10_Des; XML=Calderas_8_9_10_Desaireador.L5X; declaracion Controller.DES_S6_SI_BBA_10; AliasFor exacto; canales Desaireador:6:O.Ch1Data";AREA_MULTISECTOR_NO_CONFIRMADA;;;;;;;NO_APLICA;;;;
AUDITORIA_SIN_LAZO_241;AUDITORIA_222_EXCLUSIONES;;;;;;;;DES_S6_SI_BBA_9;Desaireador:6:O.Ch0Data;REVISION_NO_NUMERAR;"AREA_MULTISECTOR_NO_CONFIRMADA; AliasFor exacto; alcance Controller; área histórica 200 (no prueba área actual)";NO;;;;;;;;;;;;;;;;;;;;;;;;;;;;;;;;;;;;;;;;;;Calderas_8_9_10_Des;;"PLC_Origen=Calderas_8_9_10_Des; XML=Calderas_8_9_10_Desaireador.L5X; declaracion Controller.DES_S6_SI_BBA_9; AliasFor exacto; canales Desaireador:6:O.Ch0Data";AREA_MULTISECTOR_NO_CONFIRMADA;;;;;;;NO_APLICA;;;;
AUDITORIA_SIN_LAZO_241;AUDITORIA_222_EXCLUSIONES;;;;;;;;FT_VAPOR_C11;;REVISION_NO_NUMERAR;"SIN_CANAL_FISICO_VALIDO; seguimiento de escritor SIN_ESCRITOR; alcance Controller; área histórica 300 (no prueba área actual)";NO;;;;;;;;;;;;;;;;;;;;;;;;;;;;;;;;;;;;;;;;;;Calderas_8_9_10_Des;;"PLC_Origen=Calderas_8_9_10_Des; XML=Calderas_8_9_10_Desaireador.L5X; declaracion Controller.FT_VAPOR_C11; seguimiento de escritor SIN_ESCRITOR; canales ninguno";SIN_CANAL_FISICO_VALIDO;;;;;;;NO_APLICA;;;;
AUDITORIA_SIN_LAZO_241;AUDITORIA_222_EXCLUSIONES;;;;;;;;LIT_102_CALDERA_11;Desaireador:6:O.Ch7Data;REVISADO_EN_V4;"AREA_MULTISECTOR_NO_CONFIRMADA; AliasFor exacto; alcance Controller; área histórica 200 (no prueba área actual); revisado en v4: ver filas Grupo_V4=item4_canales";NO;;;;;;;;;;;;;;;;;;;;;;;;;;;;;;;;;;;;;;;;;;Calderas_8_9_10_Des;;"PLC_Origen=Calderas_8_9_10_Des; XML=Calderas_8_9_10_Desaireador.L5X; declaracion Controller.LIT_102_CALDERA_11; AliasFor exacto; canales Desaireador:6:O.Ch7Data";REVISADO_EN_V4;;;;;;;NO_APLICA;;;;
AUDITORIA_SIN_LAZO_241;AUDITORIA_222_EXCLUSIONES;;;;;;;;NIVEL_PILETA_USINA;;REVISION_NO_NUMERAR;"SIN_CANAL_FISICO_VALIDO; seguimiento de escritor SIN_ESCRITOR; alcance Controller; área histórica 200 (no prueba área actual)";NO;;;;;;;;;;;;;;;;;;;;;;;;;;;;;;;;;;;;;;;;;;Calderas_8_9_10_Des;;"PLC_Origen=Calderas_8_9_10_Des; XML=Calderas_8_9_10_Desaireador.L5X; declaracion Controller.NIVEL_PILETA_USINA; seguimiento de escritor SIN_ESCRITOR; canales ninguno";SIN_CANAL_FISICO_VALIDO;;;;;;;NO_APLICA;;;;
AUDITORIA_SIN_LAZO_241;AUDITORIA_222_EXCLUSIONES;;;;;;;;C10_FT_VAPOR_REAL;BP_ANALOGICA:3:I.Ch[1].Data;REVISADO_EN_V4;"INTERNO_ESCALADO_PENDIENTE_EXCLUSIVIDAD; seguimiento de escritor FISICO; alcance Program:C10; área histórica 300 (no prueba área actual); revisado en v4: ver filas Grupo_V4=item4_canales";NO;;;;;;;;;;;;;;;;;;;;;;;;;;;;;;;;;;;;;;;;;;Calderas_8_9_10_Des;;"PLC_Origen=Calderas_8_9_10_Des; XML=Calderas_8_9_10_Desaireador.L5X; declaracion Program:C10.C10_FT_VAPOR_REAL; seguimiento de escritor FISICO; canales BP_ANALOGICA:3:I.Ch[1].Data";REVISADO_EN_V4;;;;;;;NO_APLICA;;;;
AUDITORIA_SIN_LAZO_241;AUDITORIA_222_EXCLUSIONES;;;;;;;;C10_PC_VAPOR_KP;;REVISION_NO_NUMERAR;"SIN_CANAL_FISICO_VALIDO; seguimiento de escritor SIN_ESCRITOR; alcance Program:C10; área histórica 300 (no prueba área actual)";NO;;;;;;;;;;;;;;;;;;;;;;;;;;;;;;;;;;;;;;;;;;Calderas_8_9_10_Des;;"PLC_Origen=Calderas_8_9_10_Des; XML=Calderas_8_9_10_Desaireador.L5X; declaracion Program:C10.C10_PC_VAPOR_KP; seguimiento de escritor SIN_ESCRITOR; canales ninguno";SIN_CANAL_FISICO_VALIDO;;;;;;;NO_APLICA;;;;
AUDITORIA_SIN_LAZO_241;AUDITORIA_222_EXCLUSIONES;;;;;;;;C10_PC_VAPOR_MV_MAX;;REVISION_NO_NUMERAR;"SIN_CANAL_FISICO_VALIDO; seguimiento de escritor SIN_ESCRITOR; alcance Program:C10; área histórica 300 (no prueba área actual)";NO;;;;;;;;;;;;;;;;;;;;;;;;;;;;;;;;;;;;;;;;;;Calderas_8_9_10_Des;;"PLC_Origen=Calderas_8_9_10_Des; XML=Calderas_8_9_10_Desaireador.L5X; declaracion Program:C10.C10_PC_VAPOR_MV_MAX; seguimiento de escritor SIN_ESCRITOR; canales ninguno";SIN_CANAL_FISICO_VALIDO;;;;;;;NO_APLICA;;;;
AUDITORIA_SIN_LAZO_241;AUDITORIA_222_EXCLUSIONES;;;;;;;;C10_PC_VAPOR_MV_MIN;;REVISION_NO_NUMERAR;"SIN_CANAL_FISICO_VALIDO; seguimiento de escritor SIN_ESCRITOR; alcance Program:C10; área histórica 300 (no prueba área actual)";NO;;;;;;;;;;;;;;;;;;;;;;;;;;;;;;;;;;;;;;;;;;Calderas_8_9_10_Des;;"PLC_Origen=Calderas_8_9_10_Des; XML=Calderas_8_9_10_Desaireador.L5X; declaracion Program:C10.C10_PC_VAPOR_MV_MIN; seguimiento de escritor SIN_ESCRITOR; canales ninguno";SIN_CANAL_FISICO_VALIDO;;;;;;;NO_APLICA;;;;
AUDITORIA_SIN_LAZO_241;AUDITORIA_222_EXCLUSIONES;;;;;;;;C10_PC_VAPOR_PV_MAX;;REVISION_NO_NUMERAR;"SIN_CANAL_FISICO_VALIDO; seguimiento de escritor SIN_ESCRITOR; alcance Program:C10; área histórica 300 (no prueba área actual)";NO;;;;;;;;;;;;;;;;;;;;;;;;;;;;;;;;;;;;;;;;;;Calderas_8_9_10_Des;;"PLC_Origen=Calderas_8_9_10_Des; XML=Calderas_8_9_10_Desaireador.L5X; declaracion Program:C10.C10_PC_VAPOR_PV_MAX; seguimiento de escritor SIN_ESCRITOR; canales ninguno";SIN_CANAL_FISICO_VALIDO;;;;;;;NO_APLICA;;;;
AUDITORIA_SIN_LAZO_241;AUDITORIA_222_EXCLUSIONES;;;;;;;;C10_PC_VAPOR_PV_MIN;;REVISION_NO_NUMERAR;"SIN_CANAL_FISICO_VALIDO; seguimiento de escritor SIN_ESCRITOR; alcance Program:C10; área histórica 300 (no prueba área actual)";NO;;;;;;;;;;;;;;;;;;;;;;;;;;;;;;;;;;;;;;;;;;Calderas_8_9_10_Des;;"PLC_Origen=Calderas_8_9_10_Des; XML=Calderas_8_9_10_Desaireador.L5X; declaracion Program:C10.C10_PC_VAPOR_PV_MIN; seguimiento de escritor SIN_ESCRITOR; canales ninguno";SIN_CANAL_FISICO_VALIDO;;;;;;;NO_APLICA;;;;
AUDITORIA_SIN_LAZO_241;AUDITORIA_222_EXCLUSIONES;;;;;;;;C10_PC_VAPOR_RELACION_AIRE;;REVISION_NO_NUMERAR;"SIN_CANAL_FISICO_VALIDO; seguimiento de escritor SIN_ESCRITOR; alcance Program:C10; área histórica 300 (no prueba área actual)";NO;;;;;;;;;;;;;;;;;;;;;;;;;;;;;;;;;;;;;;;;;;Calderas_8_9_10_Des;;"PLC_Origen=Calderas_8_9_10_Des; XML=Calderas_8_9_10_Desaireador.L5X; declaracion Program:C10.C10_PC_VAPOR_RELACION_AIRE; seguimiento de escritor SIN_ESCRITOR; canales ninguno";SIN_CANAL_FISICO_VALIDO;;;;;;;NO_APLICA;;;;
AUDITORIA_SIN_LAZO_241;AUDITORIA_222_EXCLUSIONES;;;;;;;;C10_PC_VAPOR_SEG_PRESION_SUP_H;;REVISION_NO_NUMERAR;"SIN_CANAL_FISICO_VALIDO; seguimiento de escritor SIN_ESCRITOR; alcance Program:C10; área histórica 300 (no prueba área actual)";NO;;;;;;;;;;;;;;;;;;;;;;;;;;;;;;;;;;;;;;;;;;Calderas_8_9_10_Des;;"PLC_Origen=Calderas_8_9_10_Des; XML=Calderas_8_9_10_Desaireador.L5X; declaracion Program:C10.C10_PC_VAPOR_SEG_PRESION_SUP_H; seguimiento de escritor SIN_ESCRITOR; canales ninguno";SIN_CANAL_FISICO_VALIDO;;;;;;;NO_APLICA;;;;
AUDITORIA_SIN_LAZO_241;AUDITORIA_222_EXCLUSIONES;;;;;;;;C10_PC_VAPOR_SEG_PRESION_SUP_L;;REVISION_NO_NUMERAR;"SIN_CANAL_FISICO_VALIDO; seguimiento de escritor SIN_ESCRITOR; alcance Program:C10; área histórica 300 (no prueba área actual)";NO;;;;;;;;;;;;;;;;;;;;;;;;;;;;;;;;;;;;;;;;;;Calderas_8_9_10_Des;;"PLC_Origen=Calderas_8_9_10_Des; XML=Calderas_8_9_10_Desaireador.L5X; declaracion Program:C10.C10_PC_VAPOR_SEG_PRESION_SUP_L; seguimiento de escritor SIN_ESCRITOR; canales ninguno";SIN_CANAL_FISICO_VALIDO;;;;;;;NO_APLICA;;;;
AUDITORIA_SIN_LAZO_241;AUDITORIA_222_EXCLUSIONES;;;;;;;;C10_PC_VAPOR_TD;;REVISION_NO_NUMERAR;"SIN_CANAL_FISICO_VALIDO; seguimiento de escritor SIN_ESCRITOR; alcance Program:C10; área histórica 300 (no prueba área actual)";NO;;;;;;;;;;;;;;;;;;;;;;;;;;;;;;;;;;;;;;;;;;Calderas_8_9_10_Des;;"PLC_Origen=Calderas_8_9_10_Des; XML=Calderas_8_9_10_Desaireador.L5X; declaracion Program:C10.C10_PC_VAPOR_TD; seguimiento de escritor SIN_ESCRITOR; canales ninguno";SIN_CANAL_FISICO_VALIDO;;;;;;;NO_APLICA;;;;
AUDITORIA_SIN_LAZO_241;AUDITORIA_222_EXCLUSIONES;;;;;;;;C10_PC_VAPOR_TR;;REVISION_NO_NUMERAR;"SIN_CANAL_FISICO_VALIDO; seguimiento de escritor SIN_ESCRITOR; alcance Program:C10; área histórica 300 (no prueba área actual)";NO;;;;;;;;;;;;;;;;;;;;;;;;;;;;;;;;;;;;;;;;;;Calderas_8_9_10_Des;;"PLC_Origen=Calderas_8_9_10_Des; XML=Calderas_8_9_10_Desaireador.L5X; declaracion Program:C10.C10_PC_VAPOR_TR; seguimiento de escritor SIN_ESCRITOR; canales ninguno";SIN_CANAL_FISICO_VALIDO;;;;;;;NO_APLICA;;;;
AUDITORIA_SIN_LAZO_241;AUDITORIA_222_EXCLUSIONES;;;;;;;;CAUDAL_VAPOR_C10_DIA_ANT;BP_ANALOGICA:3:I.Ch[1].Data;REVISADO_EN_V4;"INTERNO_ESCALADO_PENDIENTE_EXCLUSIVIDAD; seguimiento de escritor FISICO; alcance Program:C10; área histórica 300 (no prueba área actual); revisado en v4: ver filas Grupo_V4=item4_canales";NO;;;;;;;;;;;;;;;;;;;;;;;;;;;;;;;;;;;;;;;;;;Calderas_8_9_10_Des;;"PLC_Origen=Calderas_8_9_10_Des; XML=Calderas_8_9_10_Desaireador.L5X; declaracion Program:C10.CAUDAL_VAPOR_C10_DIA_ANT; seguimiento de escritor FISICO; canales BP_ANALOGICA:3:I.Ch[1].Data";REVISADO_EN_V4;;;;;;;NO_APLICA;;;;
AUDITORIA_SIN_LAZO_241;AUDITORIA_222_EXCLUSIONES;;;;;;;;TT_CHIMENEA_CAL_10_ESTE;;REVISION_NO_NUMERAR;"RESCATADO_MONITOREO_V3; canal único de entrada; 300_TT_040; alcance Program:C10; área histórica 300 (no prueba área actual)";NO;;;;;;;;;;;;;;;;;;;;;;;;;;;;;;;;;;;;;;;;;;Calderas_8_9_10_Des;;"PLC_Origen=Calderas_8_9_10_Des; XML=Calderas_8_9_10_Desaireador.L5X; declaracion Program:C10.TT_CHIMENEA_CAL_10_ESTE; canal único de entrada; 300_TT_040; canales ninguno";RESCATADO_MONITOREO_V3;;;;;;;NO_APLICA;;;;
AUDITORIA_SIN_LAZO_241;AUDITORIA_222_EXCLUSIONES;;;;;;;;TT_CHIMENEA_CAL_10_OESTE;;REVISION_NO_NUMERAR;"RESCATADO_MONITOREO_V3; canal único de entrada; 300_TT_048; alcance Program:C10; área histórica 300 (no prueba área actual)";NO;;;;;;;;;;;;;;;;;;;;;;;;;;;;;;;;;;;;;;;;;;Calderas_8_9_10_Des;;"PLC_Origen=Calderas_8_9_10_Des; XML=Calderas_8_9_10_Desaireador.L5X; declaracion Program:C10.TT_CHIMENEA_CAL_10_OESTE; canal único de entrada; 300_TT_048; canales ninguno";RESCATADO_MONITOREO_V3;;;;;;;NO_APLICA;;;;
AUDITORIA_SIN_LAZO_241;AUDITORIA_222_EXCLUSIONES;;;;;;;;C8_FT_VAPOR_REAL;BP_ANALOGICA:1:I.Ch[1].Data;REVISADO_EN_V4;"INTERNO_ESCALADO_PENDIENTE_EXCLUSIVIDAD; seguimiento de escritor FISICO; alcance Program:C8; área histórica 300 (no prueba área actual); revisado en v4: ver filas Grupo_V4=item4_canales";NO;;;;;;;;;;;;;;;;;;;;;;;;;;;;;;;;;;;;;;;;;;Calderas_8_9_10_Des;;"PLC_Origen=Calderas_8_9_10_Des; XML=Calderas_8_9_10_Desaireador.L5X; declaracion Program:C8.C8_FT_VAPOR_REAL; seguimiento de escritor FISICO; canales BP_ANALOGICA:1:I.Ch[1].Data";REVISADO_EN_V4;;;;;;;NO_APLICA;;;;
AUDITORIA_SIN_LAZO_241;AUDITORIA_222_EXCLUSIONES;;;;;;;;CAUDAL_VAPOR_C8_DIA_ANT;BP_ANALOGICA:1:I.Ch[1].Data;REVISADO_EN_V4;"INTERNO_ESCALADO_PENDIENTE_EXCLUSIVIDAD; seguimiento de escritor FISICO; alcance Program:C8; área histórica 300 (no prueba área actual); revisado en v4: ver filas Grupo_V4=item4_canales";NO;;;;;;;;;;;;;;;;;;;;;;;;;;;;;;;;;;;;;;;;;;Calderas_8_9_10_Des;;"PLC_Origen=Calderas_8_9_10_Des; XML=Calderas_8_9_10_Desaireador.L5X; declaracion Program:C8.CAUDAL_VAPOR_C8_DIA_ANT; seguimiento de escritor FISICO; canales BP_ANALOGICA:1:I.Ch[1].Data";REVISADO_EN_V4;;;;;;;NO_APLICA;;;;
AUDITORIA_SIN_LAZO_241;AUDITORIA_222_EXCLUSIONES;;;;;;;;TT_CHIMENEA_CAL_8;;REVISION_NO_NUMERAR;"RESCATADO_MONITOREO_V3; canal único de entrada; 300_TT_038; alcance Program:C8; área histórica 300 (no prueba área actual)";NO;;;;;;;;;;;;;;;;;;;;;;;;;;;;;;;;;;;;;;;;;;Calderas_8_9_10_Des;;"PLC_Origen=Calderas_8_9_10_Des; XML=Calderas_8_9_10_Desaireador.L5X; declaracion Program:C8.TT_CHIMENEA_CAL_8; canal único de entrada; 300_TT_038; canales ninguno";RESCATADO_MONITOREO_V3;;;;;;;NO_APLICA;;;;
AUDITORIA_SIN_LAZO_241;AUDITORIA_222_EXCLUSIONES;;;;;;;;C9_FT_VAPOR_REAL;BP_ANALOGICA:2:I.Ch[1].Data;REVISADO_EN_V4;"INTERNO_ESCALADO_PENDIENTE_EXCLUSIVIDAD; seguimiento de escritor FISICO; alcance Program:C9; área histórica 300 (no prueba área actual); revisado en v4: ver filas Grupo_V4=item4_canales";NO;;;;;;;;;;;;;;;;;;;;;;;;;;;;;;;;;;;;;;;;;;Calderas_8_9_10_Des;;"PLC_Origen=Calderas_8_9_10_Des; XML=Calderas_8_9_10_Desaireador.L5X; declaracion Program:C9.C9_FT_VAPOR_REAL; seguimiento de escritor FISICO; canales BP_ANALOGICA:2:I.Ch[1].Data";REVISADO_EN_V4;;;;;;;NO_APLICA;;;;
AUDITORIA_SIN_LAZO_241;AUDITORIA_222_EXCLUSIONES;;;;;;;;C9_TT_HOGAR_SUR;BP_ANALOGICA:2:I.Ch[6].Data;REVISADO_EN_V4;"INTERNO_ESCALADO_PENDIENTE_EXCLUSIVIDAD; seguimiento de escritor FISICO; alcance Program:C9; área histórica 300 (no prueba área actual); revisado en v4: ver filas Grupo_V4=item4_canales";NO;;;;;;;;;;;;;;;;;;;;;;;;;;;;;;;;;;;;;;;;;;Calderas_8_9_10_Des;;"PLC_Origen=Calderas_8_9_10_Des; XML=Calderas_8_9_10_Desaireador.L5X; declaracion Program:C9.C9_TT_HOGAR_SUR; seguimiento de escritor FISICO; canales BP_ANALOGICA:2:I.Ch[6].Data";REVISADO_EN_V4;;;;;;;NO_APLICA;;;;
AUDITORIA_SIN_LAZO_241;AUDITORIA_222_EXCLUSIONES;;;;;;;;CAUDAL_VAPOR_C9_DIA_ANT;BP_ANALOGICA:2:I.Ch[1].Data;REVISADO_EN_V4;"INTERNO_ESCALADO_PENDIENTE_EXCLUSIVIDAD; seguimiento de escritor FISICO; alcance Program:C9; área histórica 300 (no prueba área actual); revisado en v4: ver filas Grupo_V4=item4_canales";NO;;;;;;;;;;;;;;;;;;;;;;;;;;;;;;;;;;;;;;;;;;Calderas_8_9_10_Des;;"PLC_Origen=Calderas_8_9_10_Des; XML=Calderas_8_9_10_Desaireador.L5X; declaracion Program:C9.CAUDAL_VAPOR_C9_DIA_ANT; seguimiento de escritor FISICO; canales BP_ANALOGICA:2:I.Ch[1].Data";REVISADO_EN_V4;;;;;;;NO_APLICA;;;;
AUDITORIA_SIN_LAZO_241;AUDITORIA_222_EXCLUSIONES;;;;;;;;TT_CHIMENEA_CAL_9;;REVISION_NO_NUMERAR;"RESCATADO_MONITOREO_V3; canal único de entrada; 300_TT_039; alcance Program:C9; área histórica 300 (no prueba área actual)";NO;;;;;;;;;;;;;;;;;;;;;;;;;;;;;;;;;;;;;;;;;;Calderas_8_9_10_Des;;"PLC_Origen=Calderas_8_9_10_Des; XML=Calderas_8_9_10_Desaireador.L5X; declaracion Program:C9.TT_CHIMENEA_CAL_9; canal único de entrada; 300_TT_039; canales ninguno";RESCATADO_MONITOREO_V3;;;;;;;NO_APLICA;;;;
AUDITORIA_SIN_LAZO_241;AUDITORIA_222_EXCLUSIONES;;;;;;;;DES_NIVEL_ALTO;;REVISION_NO_NUMERAR;"SIN_CANAL_FISICO_VALIDO; seguimiento de escritor SIN_ESCRITOR; alcance Program:DES; área histórica 200 (no prueba área actual)";NO;;;;;;;;;;;;;;;;;;;;;;;;;;;;;;;;;;;;;;;;;;Calderas_8_9_10_Des;;"PLC_Origen=Calderas_8_9_10_Des; XML=Calderas_8_9_10_Desaireador.L5X; declaracion Program:DES.DES_NIVEL_ALTO; seguimiento de escritor SIN_ESCRITOR; canales ninguno";SIN_CANAL_FISICO_VALIDO;;;;;;;NO_APLICA;;;;
AUDITORIA_SIN_LAZO_241;AUDITORIA_222_EXCLUSIONES;;;;;;;;DES_NIVEL_BAJO;;REVISION_NO_NUMERAR;"SIN_CANAL_FISICO_VALIDO; seguimiento de escritor SIN_ESCRITOR; alcance Program:DES; área histórica 200 (no prueba área actual)";NO;;;;;;;;;;;;;;;;;;;;;;;;;;;;;;;;;;;;;;;;;;Calderas_8_9_10_Des;;"PLC_Origen=Calderas_8_9_10_Des; XML=Calderas_8_9_10_Desaireador.L5X; declaracion Program:DES.DES_NIVEL_BAJO; seguimiento de escritor SIN_ESCRITOR; canales ninguno";SIN_CANAL_FISICO_VALIDO;;;;;;;NO_APLICA;;;;
AUDITORIA_SIN_LAZO_241;AUDITORIA_222_EXCLUSIONES;;;;;;;;DES_TT_DESAEREADOR;Desaireador:3:I.Ch[7].Data;REVISADO_EN_V4;"INTERNO_ESCALADO_PENDIENTE_EXCLUSIVIDAD; seguimiento de escritor FISICO; alcance Program:DES; área histórica 200 (no prueba área actual); revisado en v4: ver filas Grupo_V4=item2_desaireador";NO;;;;;;;;;;;;;;;;;;;;;;;;;;;;;;;;;;;;;;;;;;Calderas_8_9_10_Des;;"PLC_Origen=Calderas_8_9_10_Des; XML=Calderas_8_9_10_Desaireador.L5X; declaracion Program:DES.DES_TT_DESAEREADOR; seguimiento de escritor FISICO; canales Desaireador:3:I.Ch[7].Data";REVISADO_EN_V4;;;;;;;NO_APLICA;;;;
AUDITORIA_SIN_LAZO_241;AUDITORIA_222_EXCLUSIONES;;;;;;;;IT_DES_ARRANQUE_BBA_TK_1000_BACKUP;Desaireador:3:I.Ch[4].Data;REVISADO_EN_V4;"INTERNO_ESCALADO_PENDIENTE_EXCLUSIVIDAD; seguimiento de escritor FISICO; alcance Program:DES; área histórica 200 (no prueba área actual); revisado en v4: ver filas Grupo_V4=item4_canales";NO;;;;;;;;;;;;;;;;;;;;;;;;;;;;;;;;;;;;;;;;;;Calderas_8_9_10_Des;;"PLC_Origen=Calderas_8_9_10_Des; XML=Calderas_8_9_10_Desaireador.L5X; declaracion Program:DES.IT_DES_ARRANQUE_BBA_TK_1000_BACKUP; seguimiento de escritor FISICO; canales Desaireador:3:I.Ch[4].Data";REVISADO_EN_V4;;;;;;;NO_APLICA;;;;
AUDITORIA_SIN_LAZO_241;AUDITORIA_222_EXCLUSIONES;;;;;;;;LT_PILETA_USINA;;REVISION_NO_NUMERAR;"SIN_CANAL_FISICO_VALIDO; seguimiento de escritor SIN_DATOS; alcance Program:DES; área histórica 200 (no prueba área actual)";NO;;;;;;;;;;;;;;;;;;;;;;;;;;;;;;;;;;;;;;;;;;Calderas_8_9_10_Des;;"PLC_Origen=Calderas_8_9_10_Des; XML=Calderas_8_9_10_Desaireador.L5X; declaracion Program:DES.LT_PILETA_USINA; seguimiento de escritor SIN_DATOS; canales ninguno";SIN_CANAL_FISICO_VALIDO;;;;;;;NO_APLICA;;;;
AUDITORIA_SIN_LAZO_241;AUDITORIA_222_EXCLUSIONES;;;;;;;;DES_LT_TK_20;Desaireador:2:I.Ch[1].Data;REVISADO_EN_V4;"INTERNO_ESCALADO_PENDIENTE_EXCLUSIVIDAD; seguimiento de escritor FISICO; alcance Program:DES; área histórica 200 (no prueba área actual); revisado en v4: ver filas Grupo_V4=item2_desaireador";NO;;;;;;;;;;;;;;;;;;;;;;;;;;;;;;;;;;;;;;;;;;Calderas_8_9_10_Des;;"PLC_Origen=Calderas_8_9_10_Des; XML=Calderas_8_9_10_Desaireador.L5X; declaracion Program:DES.DES_LT_TK_20; seguimiento de escritor FISICO; canales Desaireador:2:I.Ch[1].Data";REVISADO_EN_V4;;;;;;;NO_APLICA;;;;
AUDITORIA_SIN_LAZO_241;AUDITORIA_222_EXCLUSIONES;;;;;;;;CAUDAL_VAPOR_C11;;REVISION_NO_NUMERAR;"SIN_CANAL_FISICO_VALIDO; seguimiento de escritor SIN_DATOS; alcance Program:MainProgram; área histórica 300 (no prueba área actual)";NO;;;;;;;;;;;;;;;;;;;;;;;;;;;;;;;;;;;;;;;;;;Calderas_8_9_10_Des;;"PLC_Origen=Calderas_8_9_10_Des; XML=Calderas_8_9_10_Desaireador.L5X; declaracion Program:MainProgram.CAUDAL_VAPOR_C11; seguimiento de escritor SIN_DATOS; canales ninguno";SIN_CANAL_FISICO_VALIDO;;;;;;;NO_APLICA;;;;
AUDITORIA_SIN_LAZO_241;AUDITORIA_222_EXCLUSIONES;;;;;;;;CORRIENTE_CARGA_C2;;REVISION_NO_NUMERAR;"DECLARACION_NO_EXACTA; ; alcance Program:MainProgram; área histórica 700 (no prueba área actual)";NO;;;;;;;;;;;;;;;;;;;;;;;;;;;;;;;;;;;;;;;;;;CENTRIFUGA_2_de_primera;;"PLC_Origen=CENTRIFUGA_2_de_primera; XML=CENTRIFUGA_DE_PRIMERA.L5X; declaracion Program:MainProgram.CORRIENTE_CARGA_C2; ; canales ninguno";DECLARACION_NO_EXACTA;;;;;;;NO_APLICA;;;;
AUDITORIA_SIN_LAZO_241;AUDITORIA_222_EXCLUSIONES;;;;;;;;DFV_IT_PORCENTAJE;;REVISION_NO_NUMERAR;"SIN_CANAL_FISICO_VALIDO; seguimiento de escritor SIN_ESCRITOR; alcance Program:MainProgram; área histórica 700 (no prueba área actual)";NO;;;;;;;;;;;;;;;;;;;;;;;;;;;;;;;;;;;;;;;;;;CENTRIFUGA_2_de_primera;;"PLC_Origen=CENTRIFUGA_2_de_primera; XML=CENTRIFUGA_DE_PRIMERA.L5X; declaracion Program:MainProgram.DFV_IT_PORCENTAJE; seguimiento de escritor SIN_ESCRITOR; canales ninguno";SIN_CANAL_FISICO_VALIDO;;;;;;;NO_APLICA;;;;
AUDITORIA_SIN_LAZO_241;AUDITORIA_222_EXCLUSIONES;;;;;;;;Diferencia_relativa_entre_velocidades;VDF755TR_CENT1:I.modulo;REVISION_NO_NUMERAR;"SIN_CANAL_FISICO_VALIDO; seguimiento de escritor FISICO; alcance Program:MainProgram; área histórica 700 (no prueba área actual)";NO;;;;;;;;;;;;;;;;;;;;;;;;;;;;;;;;;;;;;;;;;;CENTRIFUGA_2_de_primera;;"PLC_Origen=CENTRIFUGA_2_de_primera; XML=CENTRIFUGA_DE_PRIMERA.L5X; declaracion Program:MainProgram.Diferencia_relativa_entre_velocidades; seguimiento de escritor FISICO; canales VDF755TR_CENT1:I.modulo";SIN_CANAL_FISICO_VALIDO;;;;;;;NO_APLICA;;;;
AUDITORIA_SIN_LAZO_241;AUDITORIA_222_EXCLUSIONES;;;;;;;;RPM_motor1;;REVISION_NO_NUMERAR;"SIN_CANAL_FISICO_VALIDO; seguimiento de escritor SIN_ESCRITOR; alcance Program:MainProgram; área histórica 700 (no prueba área actual)";NO;;;;;;;;;;;;;;;;;;;;;;;;;;;;;;;;;;;;;;;;;;CENTRIFUGA_2_de_primera;;"PLC_Origen=CENTRIFUGA_2_de_primera; XML=CENTRIFUGA_DE_PRIMERA.L5X; declaracion Program:MainProgram.RPM_motor1; seguimiento de escritor SIN_ESCRITOR; canales ninguno";SIN_CANAL_FISICO_VALIDO;;;;;;;NO_APLICA;;;;
AUDITORIA_SIN_LAZO_241;AUDITORIA_222_EXCLUSIONES;;;;;;;;rpm_Real_motor;Remota_Weidmuller:I.ETHERNET-MODULE;REVISION_NO_NUMERAR;"SIN_CANAL_FISICO_VALIDO; seguimiento de escritor FISICO; alcance Program:MainProgram; área histórica 700 (no prueba área actual)";NO;;;;;;;;;;;;;;;;;;;;;;;;;;;;;;;;;;;;;;;;;;CENTRIFUGA_2_de_primera;;"PLC_Origen=CENTRIFUGA_2_de_primera; XML=CENTRIFUGA_DE_PRIMERA.L5X; declaracion Program:MainProgram.rpm_Real_motor; seguimiento de escritor FISICO; canales Remota_Weidmuller:I.ETHERNET-MODULE";SIN_CANAL_FISICO_VALIDO;;;;;;;NO_APLICA;;;;
AUDITORIA_SIN_LAZO_241;AUDITORIA_222_EXCLUSIONES;;;;;;;;rpm_VDF_motor;VDF755TR_CENT1:I.modulo;REVISION_NO_NUMERAR;"SIN_CANAL_FISICO_VALIDO; seguimiento de escritor FISICO; alcance Program:MainProgram; área histórica 700 (no prueba área actual)";NO;;;;;;;;;;;;;;;;;;;;;;;;;;;;;;;;;;;;;;;;;;CENTRIFUGA_2_de_primera;;"PLC_Origen=CENTRIFUGA_2_de_primera; XML=CENTRIFUGA_DE_PRIMERA.L5X; declaracion Program:MainProgram.rpm_VDF_motor; seguimiento de escritor FISICO; canales VDF755TR_CENT1:I.modulo";SIN_CANAL_FISICO_VALIDO;;;;;;;NO_APLICA;;;;
AUDITORIA_SIN_LAZO_241;AUDITORIA_222_EXCLUSIONES;;;;;;;;umbral_porcentual_de_velocidad;;REVISION_NO_NUMERAR;"SIN_CANAL_FISICO_VALIDO; seguimiento de escritor SIN_ESCRITOR; alcance Program:MainProgram; área histórica 700 (no prueba área actual)";NO;;;;;;;;;;;;;;;;;;;;;;;;;;;;;;;;;;;;;;;;;;CENTRIFUGA_2_de_primera;;"PLC_Origen=CENTRIFUGA_2_de_primera; XML=CENTRIFUGA_DE_PRIMERA.L5X; declaracion Program:MainProgram.umbral_porcentual_de_velocidad; seguimiento de escritor SIN_ESCRITOR; canales ninguno";SIN_CANAL_FISICO_VALIDO;;;;;;;NO_APLICA;;;;
AUDITORIA_SIN_LAZO_241;AUDITORIA_222_EXCLUSIONES;;;;;;;;Velocidad_4_20mA;Remota_Weidmuller:I.ETHERNET-MODULE;REVISION_NO_NUMERAR;"SIN_CANAL_FISICO_VALIDO; seguimiento de escritor FISICO; alcance Program:MainProgram; área histórica 700 (no prueba área actual)";NO;;;;;;;;;;;;;;;;;;;;;;;;;;;;;;;;;;;;;;;;;;CENTRIFUGA_2_de_primera;;"PLC_Origen=CENTRIFUGA_2_de_primera; XML=CENTRIFUGA_DE_PRIMERA.L5X; declaracion Program:MainProgram.Velocidad_4_20mA; seguimiento de escritor FISICO; canales Remota_Weidmuller:I.ETHERNET-MODULE";SIN_CANAL_FISICO_VALIDO;;;;;;;NO_APLICA;;;;
BARRIDO_ALIAS_V3;AUDITORIA_PLC_ADICIONALES;;;;;;;;USINA_LA_FLORIDA;;REVISION_NO_NUMERAR;"AliasFor físicos exactos declarados: 0; no sumar operaciones sin señal independiente, variable y área";NO;;;;;;;;;;;;;;;;;;;;;;;;;;;;;;;;;;;;;;;;;;USINA_LA_FLORIDA;;L5X_Produccion/USINA_LA_FLORIDA.L5X;REVISION_NO_NUMERAR;;;;;;;NO_APLICA;;;;
BARRIDO_ALIAS_V3;AUDITORIA_PLC_ADICIONALES;;;;;;;;CENTRIFUGA_DE_PRIMERA;;REVISION_NO_NUMERAR;"AliasFor físicos exactos declarados: 0; no sumar operaciones sin señal independiente, variable y área";NO;;;;;;;;;;;;;;;;;;;;;;;;;;;;;;;;;;;;;;;;;;CENTRIFUGA_DE_PRIMERA;;L5X_Produccion/CENTRIFUGA_DE_PRIMERA.L5X;REVISION_NO_NUMERAR;;;;;;;NO_APLICA;;;;
INGENIERIA_3LAZOS_170926;LAZO_3LAZOS_YA_EN_PRODUCCION;;;300_LT_083;;300;L;083;DES_S1_LT_TK_DESAIREADOR;;YA_EN_PRODUCCION;"Ya existe en tags_ingenio.db (id 1095); no se reinserta ni se renumera";NO;;;;;;;;;;;;;;;;;LT;LT;;;;;;;;;;;;;;;;;;;;;;;;Calderas_8_9_10_Desaireador;;;;"propuesta_numeracion_3_lazos.csv; verificado en producción id 1095";YA_EN_PRODUCCION;item1_3lazos;;;;NO_APLICA;;;;
INGENIERIA_3LAZOS_170926;LAZO_3LAZOS_YA_EN_PRODUCCION;;;300_LIC_083;;300;L;083;B_DES_LC_DOMO;;YA_EN_PRODUCCION;"Ya existe en tags_ingenio.db (id 1096); no se reinserta ni se renumera";NO;;;;;;;;;;;;;;;;;LIC;LIC;;;;;;;;;;;;;;;;;;;;;;;;Calderas_8_9_10_Desaireador;;;;"propuesta_numeracion_3_lazos.csv; verificado en producción id 1096";YA_EN_PRODUCCION;item1_3lazos;;;;NO_APLICA;;;;
INGENIERIA_3LAZOS_170926;LAZO_3LAZOS_YA_EN_PRODUCCION;;;300_LV_083;;300;L;083;DES_S6_PV_VALVULA_EVACUACION_DES;;YA_EN_PRODUCCION;"Ya existe en tags_ingenio.db (id 1097); no se reinserta ni se renumera";NO;;;;;;;;;;;;;;;;;LV;LV;;;;;;;;;;;;;;;;;;;;;;;;Calderas_8_9_10_Desaireador;;;;"propuesta_numeracion_3_lazos.csv; verificado en producción id 1097";YA_EN_PRODUCCION;item1_3lazos;;;;NO_APLICA;;;;
INGENIERIA_3LAZOS_170926;LAZO_3LAZOS_YA_EN_PRODUCCION;;;200_FT_081;;200;F;081;Slot_FT_AGUA;;YA_EN_PRODUCCION;"Ya existe en tags_ingenio.db (id 1098); no se reinserta ni se renumera";NO;;;;;;;;;;;;;;;;;FT;FT;;;;;;;;;;;;;;;;;;;;;;;;DESTILERIA;;;;"propuesta_numeracion_3_lazos.csv; verificado en producción id 1098";YA_EN_PRODUCCION;item1_3lazos;;;;NO_APLICA;;;;
INGENIERIA_3LAZOS_170926;LAZO_3LAZOS_YA_EN_PRODUCCION;;;200_FIC_081;;200;F;081;B_Ctrol_FT_AGUA_A_MOSTO;;YA_EN_PRODUCCION;"Ya existe en tags_ingenio.db (id 1099); no se reinserta ni se renumera";NO;;;;;;;;;;;;;;;;;FIC;FIC;;;;;;;;;;;;;;;;;;;;;;;;DESTILERIA;;;;"propuesta_numeracion_3_lazos.csv; verificado en producción id 1099";YA_EN_PRODUCCION;item1_3lazos;;;;NO_APLICA;;;;
INGENIERIA_3LAZOS_170926;LAZO_3LAZOS_YA_EN_PRODUCCION;;;200_FV_081;;200;F;081;Slot_PV_VALVULA_CAUDAL_AGUA;;YA_EN_PRODUCCION;"Ya existe en tags_ingenio.db (id 1100); no se reinserta ni se renumera";NO;;;;;;;;;;;;;;;;;FV;FV;;;;;;;;;;;;;;;;;;;;;;;;DESTILERIA;;;;"propuesta_numeracion_3_lazos.csv; verificado en producción id 1100";YA_EN_PRODUCCION;item1_3lazos;;;;NO_APLICA;;;;
INGENIERIA_3LAZOS_170926;LAZO_3LAZOS_YA_EN_PRODUCCION;;;200_LT_082;;200;L;082;Slot_LT_TK_AGUA_POTABLE;;YA_EN_PRODUCCION;"Ya existe en tags_ingenio.db (id 1101); no se reinserta ni se renumera";NO;;;;;;;;;;;;;;;;;LT;LT;;;;;;;;;;;;;;;;;;;;;;;;DESTILERIA;;;;"propuesta_numeracion_3_lazos.csv; verificado en producción id 1101";YA_EN_PRODUCCION;item1_3lazos;;;;NO_APLICA;;;;
INGENIERIA_3LAZOS_170926;LAZO_3LAZOS_YA_EN_PRODUCCION;;;200_LIC_082;;200;L;082;B_Ctrol_TK_AGUA_POTABLE;;YA_EN_PRODUCCION;"Ya existe en tags_ingenio.db (id 1102); no se reinserta ni se renumera";NO;;;;;;;;;;;;;;;;;LIC;LIC;;;;;;;;;;;;;;;;;;;;;;;;DESTILERIA;;;;"propuesta_numeracion_3_lazos.csv; verificado en producción id 1102";YA_EN_PRODUCCION;item1_3lazos;;;;NO_APLICA;;;;
INGENIERIA_3LAZOS_170926;LAZO_3LAZOS_YA_EN_PRODUCCION;;;200_LV_082;;200;L;082;Slot_PV_VALVULA_NIVEL_TK_AGUA;;YA_EN_PRODUCCION;"Ya existe en tags_ingenio.db (id 1103); no se reinserta ni se renumera";NO;;;;;;;;;;;;;;;;;LV;LV;;;;;;;;;;;;;;;;;;;;;;;;DESTILERIA;;;;"propuesta_numeracion_3_lazos.csv; verificado en producción id 1103";YA_EN_PRODUCCION;item1_3lazos;;;;NO_APLICA;;;;
AUDITORIA_DESAIREADOR_V4;DESAIREADOR_CANAL_YA_REPRESENTADO;;;;;;;;DES_S1_LT_TK_DESAIREADOR;Desaireador:2:I.Ch[4].Data;YA_EN_PRODUCCION;"Canal ya numerado en producción (300_LT_083); no se renumera";NO;;;;;;;;;;;;;;;;;;;;;;;;;;;;;;;;;;;;;;;;;;Calderas_8_9_10_Desaireador;;;;XML Desaireador:2:I.Ch[4].Data alias DES_S1_LT_TK_DESAIREADOR -> DES_LT_TK_DESAIREADOR;YA_EN_PRODUCCION;item2_desaireador;;;;NO_APLICA;;;;
AUDITORIA_DESAIREADOR_V4;DESAIREADOR_CANAL_YA_REPRESENTADO;;;;;;;;DES_S1_PT_VALVULA_10_0;Desaireador:2:I.Ch[6].Data;YA_EN_PRODUCCION;"Canal ya numerado en producción (300_PT_042); no se renumera";NO;;;;;;;;;;;;;;;;;;;;;;;;;;;;;;;;;;;;;;;;;;Calderas_8_9_10_Desaireador;;;;XML Desaireador:2:I.Ch[6].Data alias DES_S1_PT_VALVULA_10_0 -> DES_PT_VALVULA_10_0;YA_EN_PRODUCCION;item2_desaireador;;;;NO_APLICA;;;;
AUDITORIA_DESAIREADOR_V4;DESAIREADOR_AREA_300;INSERT;;300_LT_022;;300;L;22;DES_S1_LT_TK_INOXIDABLE;Desaireador:2:I.Ch[0].Data;NO_INSERTAR_REVISION;"Área 300 confirmada por Ingeniería; identidad tomada del alias y del escalado de DES_S1_LT_TK_INOXIDABLE con duplicado DES_S2_ST_BBA_1 declarado sobre el mismo canal, consolidado en trazabilidad (no se numera)";NO;;;;;;;;;;;;;;;;;T;T;;;;;;;;;;;;;;;;;;;;;;;;Calderas_8_9_10_Desaireador;;;;"Calderas_8_9_10_Desaireador.L5X DES/DES_S1_ESCALADO_AI: Desaireador:2:I.Ch[0].Data -> DES_S1_LT_TK_INOXIDABLE.In -> DES_LT_TK_INOXIDABLE; el duplicado DES_S2_ST_BBA_1 también tiene escalado cableado [('DES_S2_ESCALADO_AI', 'B_DES_ST_BBA_1', [])]: dos lecturas del mismo canal, requiere verificación de campo";NO_INSERTAR_REVISION;item2_desaireador;;;;HOMOLOGADO;300_LT_051;51;;lazo nuevo del área 300: 51 → 22
AUDITORIA_DESAIREADOR_V4;DESAIREADOR_AREA_300;INSERT;;300_LT_023;;300;L;23;DES_S1_LT_TK_20;Desaireador:2:I.Ch[1].Data;NO_INSERTAR_REVISION;"Área 300 confirmada por Ingeniería; identidad tomada del alias y del escalado de DES_S1_LT_TK_20 con duplicado DES_S2_ST_BBA_2 declarado sobre el mismo canal, consolidado en trazabilidad (no se numera)";NO;;;;;;;;;;;;;;;;;T;T;;;;;;;;;;;;;;;;;;;;;;;;Calderas_8_9_10_Desaireador;;;;"Calderas_8_9_10_Desaireador.L5X DES/DES_S1_ESCALADO_AI: Desaireador:2:I.Ch[1].Data -> DES_S1_LT_TK_20.In -> DES_LT_TK_20; el duplicado declarado DES_S2_ST_BBA_2 no tiene salida de escalado cableada (etiqueta muerta)";NO_INSERTAR_REVISION;item2_desaireador;;;;HOMOLOGADO;300_LT_052;52;;lazo nuevo del área 300: 52 → 23
AUDITORIA_DESAIREADOR_V4;DESAIREADOR_AREA_300;INSERT;;300_PT_024;;300;P;24;DES_S1_PT_DESAIREADOR;Desaireador:2:I.Ch[2].Data;NO_INSERTAR_REVISION;"Área 300 confirmada por Ingeniería; identidad tomada del alias y del escalado de DES_S1_PT_DESAIREADOR con duplicado DES_S2_ST_BBA_3 declarado sobre el mismo canal, consolidado en trazabilidad (no se numera)";NO;;;;;;;;;;;;;;;;;T;T;;;;;;;;;;;;;;;;;;;;;;;;Calderas_8_9_10_Desaireador;;;;"Calderas_8_9_10_Desaireador.L5X DES/DES_S1_ESCALADO_AI: Desaireador:2:I.Ch[2].Data -> DES_S1_PT_DESAIREADOR.In -> DES_PT_DESAIREADOR; el duplicado declarado DES_S2_ST_BBA_3 no tiene salida de escalado cableada (etiqueta muerta)";NO_INSERTAR_REVISION;item2_desaireador;;;;HOMOLOGADO;300_PT_053;53;;lazo nuevo del área 300: 53 → 24
AUDITORIA_DESAIREADOR_V4;DESAIREADOR_AREA_300;INSERT;;300_LT_025;;300;L;25;DES_S1_LT_TK_1000;Desaireador:2:I.Ch[3].Data;NO_INSERTAR_REVISION;"Área 300 confirmada por Ingeniería; identidad tomada del alias y del escalado de DES_S1_LT_TK_1000 con duplicado DES_S2_ST_BBA_4 declarado sobre el mismo canal, consolidado en trazabilidad (no se numera)";NO;;;;;;;;;;;;;;;;;T;T;;;;;;;;;;;;;;;;;;;;;;;;Calderas_8_9_10_Desaireador;;;;"Calderas_8_9_10_Desaireador.L5X DES/DES_S1_ESCALADO_AI: Desaireador:2:I.Ch[3].Data -> DES_S1_LT_TK_1000.In -> DES_LT_TK_1000; el duplicado DES_S2_ST_BBA_4 también tiene escalado cableado [('DES_S2_ESCALADO_AI', 'B_DES_ST_BBA_4', [])]: dos lecturas del mismo canal, requiere verificación de campo";NO_INSERTAR_REVISION;item2_desaireador;;;;HOMOLOGADO;300_LT_054;54;;lazo nuevo del área 300: 54 → 25
AUDITORIA_DESAIREADOR_V4;DESAIREADOR_AREA_300;INSERT;;300_PT_026;;300;P;26;DES_S1_PT_VALVULA_20_10;Desaireador:2:I.Ch[5].Data;NO_INSERTAR_REVISION;"Área 300 confirmada por Ingeniería; identidad tomada del alias y del escalado de DES_S1_PT_VALVULA_20_10 con duplicado DES_S2_ST_BBA_6 declarado sobre el mismo canal, consolidado en trazabilidad (no se numera)";NO;;;;;;;;;;;;;;;;;T;T;;;;;;;;;;;;;;;;;;;;;;;;Calderas_8_9_10_Desaireador;;;;"Calderas_8_9_10_Desaireador.L5X DES/DES_S1_ESCALADO_AI: Desaireador:2:I.Ch[5].Data -> DES_S1_PT_VALVULA_20_10.In -> DES_PT_VALVULA_20_10; el duplicado declarado DES_S2_ST_BBA_6 no tiene salida de escalado cableada (etiqueta muerta)";NO_INSERTAR_REVISION;item2_desaireador;;;;HOMOLOGADO;300_PT_055;55;;lazo nuevo del área 300: 55 → 26
AUDITORIA_DESAIREADOR_V4;DESAIREADOR_AREA_300;INSERT;;300_PT_027;;300;P;27;DES_S1_PT_COLECTOR_AGUA_A_CALDERA;Desaireador:2:I.Ch[7].Data;NO_INSERTAR_REVISION;"Área 300 confirmada por Ingeniería; identidad tomada del alias y del escalado de DES_S1_PT_COLECTOR_AGUA_A_CALDERA con duplicado DES_S2_ST_BBA_8 declarado sobre el mismo canal, consolidado en trazabilidad (no se numera)";NO;;;;;;;;;;;;;;;;;T;T;;;;;;;;;;;;;;;;;;;;;;;;Calderas_8_9_10_Desaireador;;;;"Calderas_8_9_10_Desaireador.L5X DES/DES_S1_ESCALADO_AI: Desaireador:2:I.Ch[7].Data -> DES_S1_PT_COLECTOR_AGUA_A_CALDERA.In -> DES_PT_COLECTOR_AGUA_A_CALDERA; el duplicado DES_S2_ST_BBA_8 también tiene escalado cableado [('DES_S2_ESCALADO_AI', 'B_DES_ST_BBA_8', ['DES_ST_BBA_8'])]: dos lecturas del mismo canal, requiere verificación de campo";NO_INSERTAR_REVISION;item2_desaireador;;;;HOMOLOGADO;300_PT_056;56;;lazo nuevo del área 300: 56 → 27
AUDITORIA_DESAIREADOR_V4;DESAIREADOR_CONFLICTO_SIN_NUMERO;;;;;;;;DES_S3_ST_BBA_9;Desaireador:3:I.Ch[0].Data;REVISADO_EN_V5;Área 300 confirmada, sin número: el alias declarado (DES_S3_ST_BBA_9) y el bloque de escalado no coinciden en variable ni función;NO;;;;;;;;;;;;;;;;;;;;;;;;;;;;;;;;;;;;;;;;;;Calderas_8_9_10_Desaireador;;;REVISADO_EN_V5;"XML Desaireador:3:I.Ch[0].Data; alias ['DES_S3_ST_BBA_9']; escalados [('SCL_16', ('DES_ST_BBA_9',))]";CANAL_CONFLICTO_ALIAS_VS_LOGICA;item2_desaireador;;;;NO_APLICA;;;;
AUDITORIA_DESAIREADOR_V4;DESAIREADOR_CONFLICTO_SIN_NUMERO;;;;;;;;DES_S3_ST_BBA_10;Desaireador:3:I.Ch[1].Data;REVISADO_EN_V5;Área 300 confirmada, sin número: el alias declarado (DES_S3_ST_BBA_10) y el bloque de escalado no coinciden en variable ni función;NO;;;;;;;;;;;;;;;;;;;;;;;;;;;;;;;;;;;;;;;;;;Calderas_8_9_10_Desaireador;;;REVISADO_EN_V5;"XML Desaireador:3:I.Ch[1].Data; alias ['DES_S3_ST_BBA_10']; escalados []";CANAL_CONFLICTO_ALIAS_VS_LOGICA;item2_desaireador;;;;NO_APLICA;;;;
AUDITORIA_DESAIREADOR_V4;DESAIREADOR_CONFLICTO_SIN_NUMERO;;;;;;;;DES_S3_IT_BBA_1;Desaireador:3:I.Ch[2].Data;REVISADO_EN_V5;Área 300 confirmada, sin número: el alias declarado (DES_S3_IT_BBA_1) y el bloque de escalado no coinciden en variable ni función;NO;;;;;;;;;;;;;;;;;;;;;;;;;;;;;;;;;;;;;;;;;;Calderas_8_9_10_Desaireador;;;REVISADO_EN_V5;"XML Desaireador:3:I.Ch[2].Data; alias ['DES_S3_IT_BBA_1']; escalados [('B_DES_IT_BBA_1', ())]";CANAL_CONFLICTO_ALIAS_VS_LOGICA;item2_desaireador;;;;NO_APLICA;;;;
AUDITORIA_DESAIREADOR_V4;DESAIREADOR_CONFLICTO_SIN_NUMERO;;;;;;;;DES_S3_IT_BBA_2;Desaireador:3:I.Ch[3].Data;REVISADO_EN_V5;Área 300 confirmada, sin número: el alias declarado (DES_S3_IT_BBA_2) y el bloque de escalado no coinciden en variable ni función;NO;;;;;;;;;;;;;;;;;;;;;;;;;;;;;;;;;;;;;;;;;;Calderas_8_9_10_Desaireador;;;REVISADO_EN_V5;"XML Desaireador:3:I.Ch[3].Data; alias ['DES_S3_IT_BBA_2']; escalados [('B_DES_IT_BBA_7', ())]";CANAL_CONFLICTO_ALIAS_VS_LOGICA;item2_desaireador;;;;NO_APLICA;;;;
AUDITORIA_DESAIREADOR_V4;DESAIREADOR_CONFLICTO_SIN_NUMERO;;;;;;;;DES_S3_IT_BBA_3;Desaireador:3:I.Ch[4].Data;REVISADO_EN_V5;Área 300 confirmada, sin número: el alias declarado (DES_S3_IT_BBA_3) y el bloque de escalado no coinciden en variable ni función;NO;;;;;;;;;;;;;;;;;;;;;;;;;;;;;;;;;;;;;;;;;;Calderas_8_9_10_Desaireador;;;REVISADO_EN_V5;"XML Desaireador:3:I.Ch[4].Data; alias ['DES_S3_IT_BBA_3']; escalados []";CANAL_CONFLICTO_ALIAS_VS_LOGICA;item2_desaireador;;;;NO_APLICA;;;;
AUDITORIA_DESAIREADOR_V4;DESAIREADOR_CONFLICTO_SIN_NUMERO;;;;;;;;DES_S3_IT_BBA_4;Desaireador:3:I.Ch[5].Data;REVISADO_EN_V5;Área 300 confirmada, sin número: el alias declarado (DES_S3_IT_BBA_4) y el bloque de escalado no coinciden en variable ni función;NO;;;;;;;;;;;;;;;;;;;;;;;;;;;;;;;;;;;;;;;;;;Calderas_8_9_10_Desaireador;;;REVISADO_EN_V5;"XML Desaireador:3:I.Ch[5].Data; alias ['DES_S3_IT_BBA_4']; escalados [('SCL_15', ('ST_DES_ARRANQUE_BBA_TK_1000_BACKUP',)), ('SCL_19', ('TEMP_CCM_DES',))]";CANAL_CONFLICTO_ALIAS_VS_LOGICA;item2_desaireador;;;;NO_APLICA;;;;
AUDITORIA_DESAIREADOR_V4;DESAIREADOR_CONFLICTO_SIN_NUMERO;;;;;;;;DES_S3_IT_BBA_6;Desaireador:3:I.Ch[6].Data;REVISADO_EN_V5;Área 300 confirmada, sin número: el alias declarado (DES_S3_IT_BBA_6) y el bloque de escalado no coinciden en variable ni función;NO;;;;;;;;;;;;;;;;;;;;;;;;;;;;;;;;;;;;;;;;;;Calderas_8_9_10_Desaireador;;;REVISADO_EN_V5;"XML Desaireador:3:I.Ch[6].Data; alias ['DES_S3_IT_BBA_6']; escalados [('B_DES_LT_TK_1001', ('DES_LT_TK2_1000',))]";CANAL_CONFLICTO_ALIAS_VS_LOGICA;item2_desaireador;;;;NO_APLICA;;;;
AUDITORIA_DESAIREADOR_V4;DESAIREADOR_CONFLICTO_SIN_NUMERO;;;;;;;;DES_S3_IT_BBA_7;Desaireador:3:I.Ch[7].Data;REVISADO_EN_V5;Área 300 confirmada, sin número: el alias declarado (DES_S3_IT_BBA_7) y el bloque de escalado no coinciden en variable ni función;NO;;;;;;;;;;;;;;;;;;;;;;;;;;;;;;;;;;;;;;;;;;Calderas_8_9_10_Desaireador;;;REVISADO_EN_V5;"XML Desaireador:3:I.Ch[7].Data; alias ['DES_S3_IT_BBA_7']; escalados [('SCL_08', ('DES_TT_DESAEREADOR',))]";CANAL_CONFLICTO_ALIAS_VS_LOGICA;item2_desaireador;;;;NO_APLICA;;;;
AUDITORIA_DESAIREADOR_V4;DESAIREADOR_SALIDA_SIN_NUMERO;;;;;;;;DES_S5_SI_BBA_1;Desaireador:5:O.Ch0Data;SALIDA_NO_INSTRUMENTO_SIN_NUMERO;"Área 300 confirmada por Ingeniería; canal de salida (comando) — no se numera como sensor";NO;;;;;;;;;;;;;;;;;;;;;;;;;;;;;;;;;;;;;;;;;;Calderas_8_9_10_Desaireador;;;;XML Calderas_8_9_10_Desaireador.L5X alias DES_S5_SI_BBA_1 -> Desaireador:5:O.Ch0Data;SALIDA_NO_INSTRUMENTO_SIN_NUMERO;item2_desaireador;;;;NO_APLICA;;;;
AUDITORIA_DESAIREADOR_V4;DESAIREADOR_SALIDA_SIN_NUMERO;;;;;;;;DES_S6_PV_VALVULA_EVACUACION_DES;Desaireador:6:O.Ch4Data;SALIDA_NO_INSTRUMENTO_SIN_NUMERO;"Área 300 confirmada por Ingeniería; canal de salida (comando) — no se numera como sensor";NO;;;;;;;;;;;;;;;;;;;;;;;;;;;;;;;;;;;;;;;;;;Calderas_8_9_10_Desaireador;;;;XML Calderas_8_9_10_Desaireador.L5X alias DES_S6_PV_VALVULA_EVACUACION_DES -> Desaireador:6:O.Ch4Data;SALIDA_NO_INSTRUMENTO_SIN_NUMERO;item2_desaireador;;;;NO_APLICA;;;;
AUDITORIA_DESAIREADOR_V4;DESAIREADOR_SALIDA_SIN_NUMERO;;;;;;;;LIT_102_CALDERA_11;Desaireador:6:O.Ch7Data;SALIDA_NO_INSTRUMENTO_SIN_NUMERO;"Área 300 confirmada por Ingeniería; canal de salida (comando) — no se numera como sensor";NO;;;;;;;;;;;;;;;;;;;;;;;;;;;;;;;;;;;;;;;;;;Calderas_8_9_10_Desaireador;;;;XML Calderas_8_9_10_Desaireador.L5X alias LIT_102_CALDERA_11 -> Desaireador:6:O.Ch7Data;SALIDA_NO_INSTRUMENTO_SIN_NUMERO;item2_desaireador;;;;NO_APLICA;;;;
AUDITORIA_DESAIREADOR_V4;DESAIREADOR_2_REPOSICION_TK20;INSERT;;300_LT_028;;300;L;28;DES_2_S3_LT_TK_AGUA_DE_POZO;Desaireador_2:3:I.Ch[0].Data;NO_INSERTAR_REVISION;Área 300 por la excepción de Ingeniería (agua de pozo / reposición TK 20). Los tanques de alcohol y agua destilería del mismo adaptador siguen en área 200 (propuestas v2);NO;;;;;;;;;;;;;;;;;T;T;;;;;;;;;;;;;;;;;;;;;;;;Calderas_8_9_10_Desaireador;;;;Calderas_8_9_10_Desaireador.L5X DES_2/DES_2_S3_ESCALADO_AI: Desaireador_2:3:I.Ch[0].Data -> DES_2_S3_LT_TK_AGUA_DE_POZO.In -> DES_2_LT_TK_AGUA_DE_POZO;NO_INSERTAR_REVISION;item2_desaireador;;;;HOMOLOGADO;300_LT_061;61;;lazo nuevo del área 300: 61 → 28
INGENIERIA_DOMOS_290926;DOMO_CALDERA_CERRADO;INSERT;;300_LT_029A;;300;L;29;B_C8_LT_DOMO_NORTE;BP_ANALOGICA:1:I.Ch[2].Data;NO_INSERTAR_REVISION;"Dos mediciones de nivel del domo sobre el mismo lazo; sufijo A = NORTE";NO;;;;;;;;;;;;;;;;;T;T;;;;;;;;;;;;;;;;;;;;;;;;Calderas_8_9_10_Desaireador;;;;"Calderas_8_9_10_Desaireador.L5X C8/C8_S1_ESCALADO_AI + C8_LC_DOMO: BP_ANALOGICA:1:I.Ch[2].Data->B_C8_LT_DOMO_NORTE.In y BP_ANALOGICA:1:I.Ch[3].Data->B_C8_LT_DOMO_SUR.In; ambos LT al selector -> PV de B_C8_LC_DOMO; B_C8_LC_DOMO.MV -> BP_ANALOGICA:10:O.Ch3Data; caudales auxiliares C8_FT_VAPOR";NO_INSERTAR_REVISION;item3_domos;;;;HOMOLOGADO;300_LT_062A;62;;lazo nuevo del área 300: 62 → 29
INGENIERIA_DOMOS_290926;DOMO_CALDERA_CERRADO;INSERT;;300_LT_029B;;300;L;29;B_C8_LT_DOMO_SUR;BP_ANALOGICA:1:I.Ch[3].Data;NO_INSERTAR_REVISION;"Sufijo B = SUR; misma numeración de lazo que A";NO;;;;;;;;;;;;;;;;;T;T;;;;;;;;;;;;;;;;;;;;;;;;Calderas_8_9_10_Desaireador;;;;"Calderas_8_9_10_Desaireador.L5X C8/C8_S1_ESCALADO_AI + C8_LC_DOMO: BP_ANALOGICA:1:I.Ch[2].Data->B_C8_LT_DOMO_NORTE.In y BP_ANALOGICA:1:I.Ch[3].Data->B_C8_LT_DOMO_SUR.In; ambos LT al selector -> PV de B_C8_LC_DOMO; B_C8_LC_DOMO.MV -> BP_ANALOGICA:10:O.Ch3Data; caudales auxiliares C8_FT_VAPOR";NO_INSERTAR_REVISION;item3_domos;;;;HOMOLOGADO;300_LT_062B;62;;lazo nuevo del área 300: 62 → 29
INGENIERIA_DOMOS_290926;DOMO_CALDERA_CERRADO;INSERT;;300_LIC_029;;300;L;29;B_C8_LC_DOMO;;NO_INSERTAR_REVISION;"PV por selector de los dos LT; MV a la salida de agua de alimentación";NO;;;;;;;;;;;;;;;;;IC;IC;;;;;;;;;;;;;;;;;;;;;;;;Calderas_8_9_10_Desaireador;;;;"Calderas_8_9_10_Desaireador.L5X C8/C8_S1_ESCALADO_AI + C8_LC_DOMO: BP_ANALOGICA:1:I.Ch[2].Data->B_C8_LT_DOMO_NORTE.In y BP_ANALOGICA:1:I.Ch[3].Data->B_C8_LT_DOMO_SUR.In; ambos LT al selector -> PV de B_C8_LC_DOMO; B_C8_LC_DOMO.MV -> BP_ANALOGICA:10:O.Ch3Data; caudales auxiliares C8_FT_VAPOR";NO_INSERTAR_REVISION;item3_domos;;;;HOMOLOGADO;300_LIC_062;62;;lazo nuevo del área 300: 62 → 29
INGENIERIA_DOMOS_290926;DOMO_CALDERA_CERRADO;INSERT;;300_LV_029;;300;L;29;BP_ANALOGICA:10:O.Ch3Data;BP_ANALOGICA:10:O.Ch3Data;NO_INSERTAR_REVISION;"Función LV designada por Ingeniería; el XML demuestra el canal MV, no el tipo de elemento final en campo";NO;;;;;;;;;;;;;;;;;V;V;;;;;;;;;;;;;;;;;;;;;;;;Calderas_8_9_10_Desaireador;;;;"Calderas_8_9_10_Desaireador.L5X C8/C8_S1_ESCALADO_AI + C8_LC_DOMO: BP_ANALOGICA:1:I.Ch[2].Data->B_C8_LT_DOMO_NORTE.In y BP_ANALOGICA:1:I.Ch[3].Data->B_C8_LT_DOMO_SUR.In; ambos LT al selector -> PV de B_C8_LC_DOMO; B_C8_LC_DOMO.MV -> BP_ANALOGICA:10:O.Ch3Data; caudales auxiliares C8_FT_VAPOR";NO_INSERTAR_REVISION;item3_domos;;;;HOMOLOGADO;300_LV_062;62;;lazo nuevo del área 300: 62 → 29
INGENIERIA_DOMOS_290926;DOMO_CALDERA_CERRADO;INSERT;;300_LT_030A;;300;L;30;B_C9_LT_DOMO_NORTE;BP_ANALOGICA:2:I.Ch[2].Data;NO_INSERTAR_REVISION;"Dos mediciones de nivel del domo sobre el mismo lazo; sufijo A = NORTE";NO;;;;;;;;;;;;;;;;;T;T;;;;;;;;;;;;;;;;;;;;;;;;Calderas_8_9_10_Desaireador;;;;"Calderas_8_9_10_Desaireador.L5X C9/C9_S1_ESCALADO_AI + C9_LC_DOMO: BP_ANALOGICA:2:I.Ch[2].Data->B_C9_LT_DOMO_NORTE.In y BP_ANALOGICA:2:I.Ch[3].Data->B_C9_LT_DOMO_SUR.In; ambos LT al selector -> PV de B_C9_LC_DOMO; B_C9_LC_DOMO.MV -> BP_ANALOGICA:11:O.Ch5Data; caudales auxiliares C9_FT_VAPOR";NO_INSERTAR_REVISION;item3_domos;;;;HOMOLOGADO;300_LT_063A;63;;lazo nuevo del área 300: 63 → 30
INGENIERIA_DOMOS_290926;DOMO_CALDERA_CERRADO;INSERT;;300_LT_030B;;300;L;30;B_C9_LT_DOMO_SUR;BP_ANALOGICA:2:I.Ch[3].Data;NO_INSERTAR_REVISION;"Sufijo B = SUR; misma numeración de lazo que A";NO;;;;;;;;;;;;;;;;;T;T;;;;;;;;;;;;;;;;;;;;;;;;Calderas_8_9_10_Desaireador;;;;"Calderas_8_9_10_Desaireador.L5X C9/C9_S1_ESCALADO_AI + C9_LC_DOMO: BP_ANALOGICA:2:I.Ch[2].Data->B_C9_LT_DOMO_NORTE.In y BP_ANALOGICA:2:I.Ch[3].Data->B_C9_LT_DOMO_SUR.In; ambos LT al selector -> PV de B_C9_LC_DOMO; B_C9_LC_DOMO.MV -> BP_ANALOGICA:11:O.Ch5Data; caudales auxiliares C9_FT_VAPOR";NO_INSERTAR_REVISION;item3_domos;;;;HOMOLOGADO;300_LT_063B;63;;lazo nuevo del área 300: 63 → 30
INGENIERIA_DOMOS_290926;DOMO_CALDERA_CERRADO;INSERT;;300_LIC_030;;300;L;30;B_C9_LC_DOMO;;NO_INSERTAR_REVISION;"PV por selector de los dos LT; MV a la salida de agua de alimentación";NO;;;;;;;;;;;;;;;;;IC;IC;;;;;;;;;;;;;;;;;;;;;;;;Calderas_8_9_10_Desaireador;;;;"Calderas_8_9_10_Desaireador.L5X C9/C9_S1_ESCALADO_AI + C9_LC_DOMO: BP_ANALOGICA:2:I.Ch[2].Data->B_C9_LT_DOMO_NORTE.In y BP_ANALOGICA:2:I.Ch[3].Data->B_C9_LT_DOMO_SUR.In; ambos LT al selector -> PV de B_C9_LC_DOMO; B_C9_LC_DOMO.MV -> BP_ANALOGICA:11:O.Ch5Data; caudales auxiliares C9_FT_VAPOR";NO_INSERTAR_REVISION;item3_domos;;;;HOMOLOGADO;300_LIC_063;63;;lazo nuevo del área 300: 63 → 30
INGENIERIA_DOMOS_290926;DOMO_CALDERA_CERRADO;INSERT;;300_LV_030;;300;L;30;BP_ANALOGICA:11:O.Ch5Data;BP_ANALOGICA:11:O.Ch5Data;NO_INSERTAR_REVISION;"Función LV designada por Ingeniería; el XML demuestra el canal MV, no el tipo de elemento final en campo";NO;;;;;;;;;;;;;;;;;V;V;;;;;;;;;;;;;;;;;;;;;;;;Calderas_8_9_10_Desaireador;;;;"Calderas_8_9_10_Desaireador.L5X C9/C9_S1_ESCALADO_AI + C9_LC_DOMO: BP_ANALOGICA:2:I.Ch[2].Data->B_C9_LT_DOMO_NORTE.In y BP_ANALOGICA:2:I.Ch[3].Data->B_C9_LT_DOMO_SUR.In; ambos LT al selector -> PV de B_C9_LC_DOMO; B_C9_LC_DOMO.MV -> BP_ANALOGICA:11:O.Ch5Data; caudales auxiliares C9_FT_VAPOR";NO_INSERTAR_REVISION;item3_domos;;;;HOMOLOGADO;300_LV_063;63;;lazo nuevo del área 300: 63 → 30
INGENIERIA_DOMOS_290926;DOMO_CALDERA_CERRADO;INSERT;;300_LT_031A;;300;L;31;B_C10_LT_DOMO_NORTE;BP_ANALOGICA:4:I.Ch[1].Data;NO_INSERTAR_REVISION;"Dos mediciones de nivel del domo sobre el mismo lazo; sufijo A = NORTE";NO;;;;;;;;;;;;;;;;;T;T;;;;;;;;;;;;;;;;;;;;;;;;Calderas_8_9_10_Desaireador;;;;"Calderas_8_9_10_Desaireador.L5X C10/C10_S1_ESCALADO_AI + C10_LC_DOMO: BP_ANALOGICA:4:I.Ch[1].Data->B_C10_LT_DOMO_NORTE.In y BP_ANALOGICA:3:I.Ch[3].Data->B_C10_LT_DOMO_SUR.In; ambos LT al selector -> PV de B_C10_LC_DOMO; B_C10_LC_DOMO.MV -> BP_ANALOGICA:12:O.Ch2Data; caudales auxiliares C10_FT_VAPOR";NO_INSERTAR_REVISION;item3_domos;;;;HOMOLOGADO;300_LT_064A;64;;lazo nuevo del área 300: 64 → 31
INGENIERIA_DOMOS_290926;DOMO_CALDERA_CERRADO;INSERT;;300_LT_031B;;300;L;31;B_C10_LT_DOMO_SUR;BP_ANALOGICA:3:I.Ch[3].Data;NO_INSERTAR_REVISION;"Sufijo B = SUR; misma numeración de lazo que A";NO;;;;;;;;;;;;;;;;;T;T;;;;;;;;;;;;;;;;;;;;;;;;Calderas_8_9_10_Desaireador;;;;"Calderas_8_9_10_Desaireador.L5X C10/C10_S1_ESCALADO_AI + C10_LC_DOMO: BP_ANALOGICA:4:I.Ch[1].Data->B_C10_LT_DOMO_NORTE.In y BP_ANALOGICA:3:I.Ch[3].Data->B_C10_LT_DOMO_SUR.In; ambos LT al selector -> PV de B_C10_LC_DOMO; B_C10_LC_DOMO.MV -> BP_ANALOGICA:12:O.Ch2Data; caudales auxiliares C10_FT_VAPOR";NO_INSERTAR_REVISION;item3_domos;;;;HOMOLOGADO;300_LT_064B;64;;lazo nuevo del área 300: 64 → 31
INGENIERIA_DOMOS_290926;DOMO_CALDERA_CERRADO;INSERT;;300_LIC_031;;300;L;31;B_C10_LC_DOMO;;NO_INSERTAR_REVISION;"PV por selector de los dos LT; MV a la salida de agua de alimentación";NO;;;;;;;;;;;;;;;;;IC;IC;;;;;;;;;;;;;;;;;;;;;;;;Calderas_8_9_10_Desaireador;;;;"Calderas_8_9_10_Desaireador.L5X C10/C10_S1_ESCALADO_AI + C10_LC_DOMO: BP_ANALOGICA:4:I.Ch[1].Data->B_C10_LT_DOMO_NORTE.In y BP_ANALOGICA:3:I.Ch[3].Data->B_C10_LT_DOMO_SUR.In; ambos LT al selector -> PV de B_C10_LC_DOMO; B_C10_LC_DOMO.MV -> BP_ANALOGICA:12:O.Ch2Data; caudales auxiliares C10_FT_VAPOR";NO_INSERTAR_REVISION;item3_domos;;;;HOMOLOGADO;300_LIC_064;64;;lazo nuevo del área 300: 64 → 31
INGENIERIA_DOMOS_290926;DOMO_CALDERA_CERRADO;INSERT;;300_LV_031;;300;L;31;BP_ANALOGICA:12:O.Ch2Data;BP_ANALOGICA:12:O.Ch2Data;NO_INSERTAR_REVISION;"Función LV designada por Ingeniería; el XML demuestra el canal MV, no el tipo de elemento final en campo";NO;;;;;;;;;;;;;;;;;V;V;;;;;;;;;;;;;;;;;;;;;;;;Calderas_8_9_10_Desaireador;;;;"Calderas_8_9_10_Desaireador.L5X C10/C10_S1_ESCALADO_AI + C10_LC_DOMO: BP_ANALOGICA:4:I.Ch[1].Data->B_C10_LT_DOMO_NORTE.In y BP_ANALOGICA:3:I.Ch[3].Data->B_C10_LT_DOMO_SUR.In; ambos LT al selector -> PV de B_C10_LC_DOMO; B_C10_LC_DOMO.MV -> BP_ANALOGICA:12:O.Ch2Data; caudales auxiliares C10_FT_VAPOR";NO_INSERTAR_REVISION;item3_domos;;;;HOMOLOGADO;300_LV_064;64;;lazo nuevo del área 300: 64 → 31
INGENIERIA_EVAP_290926;LAZO_046_047_COMPLETADO;INSERT;;200_LV_042;;200;L;42;PID_CONTROL_NIVEL_1ER_EFECTO.MV_VALV_NC;EVAPORADOR:6:O.Ch0Data;NO_INSERTAR_REVISION;"Completa el lazo 046 (200_LT_046 / 200_LIC_046 ya propuestos); MV_VALV_NC es pin lógico: el tipo de elemento final requiere confirmación de campo";NO;;;;;;;;;;;;;;;;;V;V;;;;;;;;;;;;;;;;;;;;;;;;DESTILERIA;;;;DESTILERIA.L5X EVAPORADOR/PID_EVAPORADOR: PID_CONTROL_NIVEL_1ER_EFECTO.MV_VALV_NC -> EVAPORADOR:6:O.Ch0Data;NO_INSERTAR_REVISION;item3_evaporador;;;;HOMOLOGADO;200_LV_046;046;;lazo nuevo del área 200: 46 → 42
INGENIERIA_EVAP_290926;LAZO_046_047_COMPLETADO;INSERT;;200_PV_043;;200;P;43;PID_CONTROL_QUIEBRE_VACIO.MV_VALV_NA;EVAPORADOR:6:O.Ch2Data;NO_INSERTAR_REVISION;"Completa el lazo 047 (200_PT_047 / 200_PIC_047 ya propuestos); MV_VALV_NA es pin lógico: confirmar elemento final";NO;;;;;;;;;;;;;;;;;V;V;;;;;;;;;;;;;;;;;;;;;;;;DESTILERIA;;;;DESTILERIA.L5X EVAPORADOR/PID_EVAPORADOR: PID_CONTROL_QUIEBRE_VACIO.MV_VALV_NA -> EVAPORADOR:6:O.Ch2Data;NO_INSERTAR_REVISION;item3_evaporador;;;;HOMOLOGADO;200_PV_047;047;;lazo nuevo del área 200: 47 → 43
INGENIERIA_EVAP_290926;LAZO_CONDENSADO_CERRADO;INSERT;;200_LT_044;;200;L;44;LT_TK_CONDENSADO;EVAPORADOR:2:I.Ch1Data;NO_INSERTAR_REVISION;"Primera PV tras el escalado; la salida de cada variador se selecciona con la referencia del arranque, no es exclusiva del PID";NO;;;;;;;;;;;;;;;;;LT;LT;;;;;;;;;;;;;;;;;;;;;;;;DESTILERIA;;;;"DESTILERIA.L5X EVAPORADOR/ESCALADOS_PT_FT_LT_TT: EVAPORADOR:2:I.Ch1Data -> B_LT_TK_CONDENSADO.In -> LT_TK_CONDENSADO -> PID_CONTROL_NIVEL_TK_CONDENSADO.PV; ARRANQUE_MOTORES: MV_VALV_NC -> SCL_09/SCL_10 -> SEL_06/SEL_07 -> BBA_CONDENSADO_ESTE/OESTE:O.Reference (cada selector alterna con la referencia del arranque)";NO_INSERTAR_REVISION;item3_evaporador;;;;HOMOLOGADO;200_LT_048;48;;lazo nuevo del área 200: 48 → 44
INGENIERIA_EVAP_290926;LAZO_CONDENSADO_CERRADO;INSERT;;200_LIC_044;;200;L;44;PID_CONTROL_NIVEL_TK_CONDENSADO;;NO_INSERTAR_REVISION;"Controlador del lazo; la salida de cada variador se selecciona con la referencia del arranque, no es exclusiva del PID";NO;;;;;;;;;;;;;;;;;LIC;LIC;;;;;;;;;;;;;;;;;;;;;;;;DESTILERIA;;;;"DESTILERIA.L5X EVAPORADOR/ESCALADOS_PT_FT_LT_TT: EVAPORADOR:2:I.Ch1Data -> B_LT_TK_CONDENSADO.In -> LT_TK_CONDENSADO -> PID_CONTROL_NIVEL_TK_CONDENSADO.PV; ARRANQUE_MOTORES: MV_VALV_NC -> SCL_09/SCL_10 -> SEL_06/SEL_07 -> BBA_CONDENSADO_ESTE/OESTE:O.Reference (cada selector alterna con la referencia del arranque)";NO_INSERTAR_REVISION;item3_evaporador;;;;HOMOLOGADO;200_LIC_048;48;;lazo nuevo del área 200: 48 → 44
INGENIERIA_EVAP_290926;LAZO_CONDENSADO_CERRADO;INSERT;;200_LY_044A;;200;L;44;BBA_CONDENSADO_ESTE;BBA_CONDENSADO_ESTE:O.Reference;NO_INSERTAR_REVISION;"Función Y: elemento final motor/variador (regla R-A); rama A; la salida de cada variador se selecciona con la referencia del arranque, no es exclusiva del PID";NO;;;;;;;;;;;;;;;;;LY;LY;;;;;;;;;;;;;;;;;;;;;;;;DESTILERIA;;;;"DESTILERIA.L5X EVAPORADOR/ESCALADOS_PT_FT_LT_TT: EVAPORADOR:2:I.Ch1Data -> B_LT_TK_CONDENSADO.In -> LT_TK_CONDENSADO -> PID_CONTROL_NIVEL_TK_CONDENSADO.PV; ARRANQUE_MOTORES: MV_VALV_NC -> SCL_09/SCL_10 -> SEL_06/SEL_07 -> BBA_CONDENSADO_ESTE/OESTE:O.Reference (cada selector alterna con la referencia del arranque)";NO_INSERTAR_REVISION;item3_evaporador;;;;HOMOLOGADO;200_LY_048A;48;;lazo nuevo del área 200: 48 → 44
INGENIERIA_EVAP_290926;LAZO_CONDENSADO_CERRADO;INSERT;;200_LY_044B;;200;L;44;BBA_CONDENSADO_OESTE;BBA_CONDENSADO_OESTE:O.Reference;NO_INSERTAR_REVISION;"Función Y: elemento final motor/variador (regla R-A); rama B; la salida de cada variador se selecciona con la referencia del arranque, no es exclusiva del PID";NO;;;;;;;;;;;;;;;;;LY;LY;;;;;;;;;;;;;;;;;;;;;;;;DESTILERIA;;;;"DESTILERIA.L5X EVAPORADOR/ESCALADOS_PT_FT_LT_TT: EVAPORADOR:2:I.Ch1Data -> B_LT_TK_CONDENSADO.In -> LT_TK_CONDENSADO -> PID_CONTROL_NIVEL_TK_CONDENSADO.PV; ARRANQUE_MOTORES: MV_VALV_NC -> SCL_09/SCL_10 -> SEL_06/SEL_07 -> BBA_CONDENSADO_ESTE/OESTE:O.Reference (cada selector alterna con la referencia del arranque)";NO_INSERTAR_REVISION;item3_evaporador;;;;HOMOLOGADO;200_LY_048B;48;;lazo nuevo del área 200: 48 → 44
INGENIERIA_CAJAS_COND_290926;LAZO_CAJAS_COND_CERRADO;INSERT;;500_LT_003;;500;L;3;EVAP_S5_LT_CAJA_6_7_8_COND;ISLA_FAB_AI:5:I.Ch[0].Data;NO_INSERTAR_REVISION;"Un único transmisor para las dos cajas; número base sin sufijo";NO;;;;;;;;;;;;;;;;;LT;LT;;;;;;;;;;;;;;;;;;;;;;;;FABRICA;;;;"FABRICA.L5X FAB_EVAP/EVAP_LC_COND_C_6_7_8: B_LC_COND_CAJA_6.MV_VALV_NC -> SEL_08.In1 y B_LC_COND_CAJA_7_8.MV_VALV_NC -> SEL_08.In2; SEL_08.Out -> EVAP_S14_LCV_COND_CAJA_6_7_8 (AliasFor ISLA_FAB_AI:14:O.Ch[5].Data). Entrada compartida EVAP_S5_LT_CAJA_6_7_8_COND -> ISLA_FAB_AI:5:I.Ch[0].Data";NO_INSERTAR_REVISION;item3_cajas_cond;;;;HOMOLOGADO;500_LT_003;3;;sin cambio
INGENIERIA_CAJAS_COND_290926;LAZO_CAJAS_COND_CERRADO;INSERT;;500_LIC_003A;;500;L;3;B_LC_COND_CAJA_6;;NO_INSERTAR_REVISION;Rama A del lazo;NO;;;;;;;;;;;;;;;;;LIC;LIC;;;;;;;;;;;;;;;;;;;;;;;;FABRICA;;;;"FABRICA.L5X FAB_EVAP/EVAP_LC_COND_C_6_7_8: B_LC_COND_CAJA_6.MV_VALV_NC -> SEL_08.In1 y B_LC_COND_CAJA_7_8.MV_VALV_NC -> SEL_08.In2; SEL_08.Out -> EVAP_S14_LCV_COND_CAJA_6_7_8 (AliasFor ISLA_FAB_AI:14:O.Ch[5].Data). Entrada compartida EVAP_S5_LT_CAJA_6_7_8_COND -> ISLA_FAB_AI:5:I.Ch[0].Data";NO_INSERTAR_REVISION;item3_cajas_cond;;;;HOMOLOGADO;500_LIC_003A;3;;sin cambio
INGENIERIA_CAJAS_COND_290926;LAZO_CAJAS_COND_CERRADO;INSERT;;500_LIC_003B;;500;L;3;B_LC_COND_CAJA_7_8;;NO_INSERTAR_REVISION;Rama B del lazo;NO;;;;;;;;;;;;;;;;;LIC;LIC;;;;;;;;;;;;;;;;;;;;;;;;FABRICA;;;;"FABRICA.L5X FAB_EVAP/EVAP_LC_COND_C_6_7_8: B_LC_COND_CAJA_6.MV_VALV_NC -> SEL_08.In1 y B_LC_COND_CAJA_7_8.MV_VALV_NC -> SEL_08.In2; SEL_08.Out -> EVAP_S14_LCV_COND_CAJA_6_7_8 (AliasFor ISLA_FAB_AI:14:O.Ch[5].Data). Entrada compartida EVAP_S5_LT_CAJA_6_7_8_COND -> ISLA_FAB_AI:5:I.Ch[0].Data";NO_INSERTAR_REVISION;item3_cajas_cond;;;;HOMOLOGADO;500_LIC_003B;3;;sin cambio
INGENIERIA_CAJAS_COND_290926;LAZO_CAJAS_COND_CERRADO;INSERT;;500_LXV_003;;500;L;3;EVAP_S14_LCV_COND_CAJA_6_7_8;ISLA_FAB_AI:14:O.Ch[5].Data;NO_INSERTAR_REVISION;"Salida común tras el selector; tipo de válvula por designación de Ingeniería";NO;;;;;;;;;;;;;;;;;LXV;LXV;;;;;;;;;;;;;;;;;;;;;;;;FABRICA;;;;"FABRICA.L5X FAB_EVAP/EVAP_LC_COND_C_6_7_8: B_LC_COND_CAJA_6.MV_VALV_NC -> SEL_08.In1 y B_LC_COND_CAJA_7_8.MV_VALV_NC -> SEL_08.In2; SEL_08.Out -> EVAP_S14_LCV_COND_CAJA_6_7_8 (AliasFor ISLA_FAB_AI:14:O.Ch[5].Data). Entrada compartida EVAP_S5_LT_CAJA_6_7_8_COND -> ISLA_FAB_AI:5:I.Ch[0].Data";NO_INSERTAR_REVISION;item3_cajas_cond;;;;HOMOLOGADO;500_LXV_003;3;;sin cambio
INGENIERIA_CANALES_LIBRES_V4;CANAL_FISICO_UNICO_300;INSERT;;300_FT_032;;300;F;32;C8_FT_VAPOR;BP_ANALOGICA:1:I.Ch[1].Data;NO_INSERTAR_REVISION;"Caudal de vapor C8; consolida C8_FT_VAPOR_REAL y CAUDAL_VAPOR_C8_DIA_ANT";NO;;;;;;;;;;;;;;;;;T;T;;;;;;;;;;;;;;;;;;;;;;;;Calderas_8_9_10_Desaireador;;;;Calderas_8_9_10_Desaireador.L5X C8/C8_S1_ESCALADO_AI: BP_ANALOGICA:1:I.Ch[1].Data -> B_C8_FT_VAPOR.In -> C8_FT_VAPOR;NO_INSERTAR_REVISION;item4_canales;;;;HOMOLOGADO;300_FT_065;65;;lazo nuevo del área 300: 65 → 32
INGENIERIA_CANALES_LIBRES_V4;CANAL_FISICO_UNICO_300;INSERT;;300_FT_033;;300;F;33;C9_FT_VAPOR;BP_ANALOGICA:2:I.Ch[1].Data;NO_INSERTAR_REVISION;"Caudal de vapor C9; consolida C9_FT_VAPOR_REAL y CAUDAL_VAPOR_C9_DIA_ANT";NO;;;;;;;;;;;;;;;;;T;T;;;;;;;;;;;;;;;;;;;;;;;;Calderas_8_9_10_Desaireador;;;;Calderas_8_9_10_Desaireador.L5X C9/C9_S1_ESCALADO_AI: BP_ANALOGICA:2:I.Ch[1].Data -> B_C9_FT_VAPOR.PV -> C9_FT_VAPOR;NO_INSERTAR_REVISION;item4_canales;;;;HOMOLOGADO;300_FT_066;66;;lazo nuevo del área 300: 66 → 33
INGENIERIA_CANALES_LIBRES_V4;CANAL_FISICO_UNICO_300;INSERT;;300_FT_034;;300;F;34;C10_FT_VAPOR;BP_ANALOGICA:3:I.Ch[1].Data;NO_INSERTAR_REVISION;"Caudal de vapor C10; consolida C10_FT_VAPOR_REAL y CAUDAL_VAPOR_C10_DIA_ANT";NO;;;;;;;;;;;;;;;;;T;T;;;;;;;;;;;;;;;;;;;;;;;;Calderas_8_9_10_Desaireador;;;;Calderas_8_9_10_Desaireador.L5X C10/C10_S1_ESCALADO_AI: BP_ANALOGICA:3:I.Ch[1].Data -> B_C10_FT_VAPOR.PV -> C10_FT_VAPOR;NO_INSERTAR_REVISION;item4_canales;;;;HOMOLOGADO;300_FT_067;67;;lazo nuevo del área 300: 67 → 34
INGENIERIA_CANALES_LIBRES_V4;CANAL_FISICO_UNICO_300;INSERT;;300_TT_035;;300;T;35;C9_TT_HOGAR_SUR;BP_ANALOGICA:2:I.Ch[6].Data;NO_INSERTAR_REVISION;Temperatura de hogar sur C9;NO;;;;;;;;;;;;;;;;;T;T;;;;;;;;;;;;;;;;;;;;;;;;Calderas_8_9_10_Desaireador;;;;Calderas_8_9_10_Desaireador.L5X C9/C9_S1_ESCALADO_AI: BP_ANALOGICA:2:I.Ch[6].Data -> B_C9_TT_HOGAR_SUR.In -> C9_TT_HOGAR_SUR;NO_INSERTAR_REVISION;item4_canales;;;;HOMOLOGADO;300_TT_068;68;;lazo nuevo del área 300: 68 → 35
INGENIERIA_CANALES_LIBRES_V4;CANAL_FISICO_UNICO_200;INSERT;;200_LT_045;;200;L;45;LT_TK_FLASH_A;EVAPORADOR:2:I.Ch4Data;NO_INSERTAR_REVISION;"Nivel del tanque flash (medición A); PID_CONTROL_NIVEL_TK_FLASH toma PV de un selector de A y B (SEL_02)";NO;;;;;;;;;;;;;;;;;T;T;;;;;;;;;;;;;;;;;;;;;;;;DESTILERIA;;;;DESTILERIA.L5X EVAPORADOR/ESCALADOS_PT_FT_LT_TT: EVAPORADOR:2:I.Ch4Data -> B_LT_TK_FLASH.In -> LT_TK_FLASH_A;NO_INSERTAR_REVISION;item4_canales;;;;HOMOLOGADO;200_LT_050;50;;lazo nuevo del área 200: 50 → 45
INGENIERIA_CANALES_LIBRES_V4;CANAL_FISICO_UNICO_200;INSERT;;200_LT_046;;200;L;46;LT_TK_FLASH_B;EVAPORADOR:2:I.Ch5Data;NO_INSERTAR_REVISION;"Nivel del tanque flash (medición B); mismo controlador que A";NO;;;;;;;;;;;;;;;;;T;T;;;;;;;;;;;;;;;;;;;;;;;;DESTILERIA;;;;DESTILERIA.L5X EVAPORADOR/ESCALADOS_PT_FT_LT_TT: EVAPORADOR:2:I.Ch5Data -> B_LT_TK_FLASH_B.In -> LT_TK_FLASH_B;NO_INSERTAR_REVISION;item4_canales;;;;HOMOLOGADO;200_LT_051;51;;lazo nuevo del área 200: 51 → 46
INGENIERIA_CANALES_LIBRES_V4;CANAL_FISICO_UNICO_200;INSERT;;200_DT_047;;200;D;47;DENSIDAD_MELADO_TRATADO;jw_fermerntacion_2022:6:I.Ch[4].Data;NO_INSERTAR_REVISION;"Densidad de melado tratado (primera salida del escalado); el mismo canal tiene alias Slot_FT_MOSTO y ALCOHOL_HIDRATADO_TC205 declarados: identidad en conflicto";NO;;;;;;;;;;;;;;;;;T;T;;;;;;;;;;;;;;;;;;;;;;;;DESTILERIA;;;;DESTILERIA.L5X FERMENTACION/ESCALADOS_PT_FT_LT_TT: jw_fermerntacion_2022:6:I.Ch[4].Data -> B_FT_DENSIDAD_MELADO.In -> DENSIDAD_MELADO_TRATADO;NO_INSERTAR_REVISION;item4_canales;;;;HOMOLOGADO;200_DT_052;52;;lazo nuevo del área 200: 52 → 47
INGENIERIA_CANALES_LIBRES_V4;CANAL_FISICO_UNICO_200;INSERT;;200_DT_048;;200;D;48;DENSIDAD_MOSTO;jw_fermerntacion_2022:3:I.Ch7Data;NO_INSERTAR_REVISION;"Densidad de mosto (primera salida del escalado); el alias de canal declarado es Slot_LT_CALICANTO_1: variable en conflicto";NO;;;;;;;;;;;;;;;;;T;T;;;;;;;;;;;;;;;;;;;;;;;;DESTILERIA;;;;DESTILERIA.L5X FERMENTACION/ESCALADOS_PT_FT_LT_TT: jw_fermerntacion_2022:3:I.Ch7Data -> B_FT_DENSIDAD_MELADO1.In -> DENSIDAD_MOSTO;NO_INSERTAR_REVISION;item4_canales;;;;HOMOLOGADO;200_DT_053;53;;lazo nuevo del área 200: 53 → 48
INGENIERIA_CANALES_LIBRES_V4;CANAL_FISICO_UNICO_200;INSERT;;200_LT_049;;200;L;49;LT_CONDENSADO_BL101;fermerntacion2022_islas:3:I.Ch[2].Data;NO_INSERTAR_REVISION;"Nivel del condensado BL101; el histórico lo ubicaba en área 300 y aquí se numera en 200 por pertenecer al PLC de Destilería";NO;;;;;;;;;;;;;;;;;T;T;;;;;;;;;;;;;;;;;;;;;;;;DESTILERIA;;;;DESTILERIA.L5X JW/ESCLADOS_PT_FT_LT_TT: fermerntacion2022_islas:3:I.Ch[2].Data -> SCL_LT_CONDENSADO_BL101.In -> LT_CONDENSADO_BL101;NO_INSERTAR_REVISION;item4_canales;;;;HOMOLOGADO;200_LT_054;54;;lazo nuevo del área 200: 54 → 49
INGENIERIA_CANALES_LIBRES_V4;CANAL_FISICO_UNICO_200;INSERT;;200_TT_050;;200;T;50;;fermerntacion2022_islas:5:I.Ch1Data;NO_INSERTAR_REVISION;"Temperatura de entrada a condensadores: el canal alimenta directamente el bloque de alarma ALM_TT_108, sin bloque de escalado; la identidad proviene del nombre del bloque y requiere confirmación de campo";NO;;;;;;;;;;;;;;;;;T;T;;;;;;;;;;;;;;;;;;;;;;;;DESTILERIA;;;;DESTILERIA.L5X JW/ESCLADOS_PT_FT_LT_TT: fermerntacion2022_islas:5:I.Ch1Data -> ALM_TT_108.In (bloque de alarma, sin escalado);NO_INSERTAR_REVISION;item4_canales;;;;HOMOLOGADO;200_TT_055;55;;lazo nuevo del área 200: 55 → 50
INGENIERIA_CANALES_LIBRES_V4;CANAL_FISICO_UNICO_200;INSERT;;200_FT_051;;200;F;51;Slot_FT_VINO_A_JW;jw_fermerntacion_2022:6:I.Ch[6].Data;NO_INSERTAR_REVISION;Caudalímetro de vino a JW: alias de campo declarado sin escalado ni consumo localizado en la lógica;NO;;;;;;;;;;;;;;;;;T;T;;;;;;;;;;;;;;;;;;;;;;;;DESTILERIA;;;;DESTILERIA.L5X declaración Controller.Slot_FT_VINO_A_JW AliasFor jw_fermerntacion_2022:6:I.Ch[6].Data;NO_INSERTAR_REVISION;item4_canales;;;;HOMOLOGADO;200_FT_056;56;;lazo nuevo del área 200: 56 → 51
INGENIERIA_CANALES_LIBRES_V4;CANAL_FISICO_UNICO_200;INSERT;;200_FV_052;;200;F;52;Slot_PV_VALVULA_CAUDAL_LECHADA;jw_fermerntacion_2022:10:O.Ch3Data;NO_INSERTAR_REVISION;"Válvula de caudal de lechada: alias de salida declarado sin consumo localizado; función FV por designación del alias";NO;;;;;;;;;;;;;;;;;V;V;;;;;;;;;;;;;;;;;;;;;;;;DESTILERIA;;;;DESTILERIA.L5X declaración Controller.Slot_PV_VALVULA_CAUDAL_LECHADA AliasFor jw_fermerntacion_2022:10:O.Ch3Data;NO_INSERTAR_REVISION;item4_canales;;;;HOMOLOGADO;200_FV_057;57;;lazo nuevo del área 200: 57 → 52
AUDITORIA_CANALES_V4;CANAL_CONFLICTO_VARIABLE;;;;;;;;TT_ENTRADA_CAL_VINO;jw_fermerntacion_2022:2:I.Ch4Data;CANAL_CONFLICTO_VARIABLE;"El canal tiene alias declarado Slot_ST_CENTRIFUGA_5 y el escalado B_ST_CENTRIFUGA_5 escribe ST_CENTRIFUGA_5 (velocidad); el nombre del bloque de alarma sugiere temperatura. Variable no demostrable";NO;;;;;;;;;;;;;;;;;;;;;;;;;;;;;;;;;;;;;;;;;;DESTILERIA;;;;DESTILERIA.L5X: alias Slot_ST_CENTRIFUGA_3/5 y escalados B_ST_CENTRIFUGA_3/5 sobre el mismo canal;CANAL_CONFLICTO_VARIABLE;item4_canales;;;;NO_APLICA;;;;
AUDITORIA_CANALES_V4;CANAL_CONFLICTO_VARIABLE;;;;;;;;TT_ENTRADA_ENF_ALCOHOL;jw_fermerntacion_2022:2:I.Ch2Data;CANAL_CONFLICTO_VARIABLE;"El canal tiene alias declarado Slot_ST_CENTRIFUGA_3 y el escalado B_ST_CENTRIFUGA_3 escribe ST_CENTRIFUGA_3 (velocidad); el bloque de alarma sugiere temperatura. Variable no demostrable";NO;;;;;;;;;;;;;;;;;;;;;;;;;;;;;;;;;;;;;;;;;;DESTILERIA;;;;DESTILERIA.L5X: alias Slot_ST_CENTRIFUGA_3/5 y escalados B_ST_CENTRIFUGA_3/5 sobre el mismo canal;CANAL_CONFLICTO_VARIABLE;item4_canales;;;;NO_APLICA;;;;
AUDITORIA_CANALES_V4;CANAL_CONFLICTO_VARIABLE;;;;;;;;DES_TT_DESAEREADOR;Desaireador:3:I.Ch[7].Data;CANAL_CONFLICTO_VARIABLE;Mismo canal que DES_S3_IT_BBA_7 (corriente) mientras el escalado SCL_08 escribe una temperatura: variable en conflicto;NO;;;;;;;;;;;;;;;;;;;;;;;;;;;;;;;;;;;;;;;;;;Calderas_8_9_10_Desaireador;;;;XML Calderas_8_9_10_Desaireador.L5X escalados DES_S3_ESCALADO_AI/DES_S4_ESCALADO_AI;CANAL_CONFLICTO_VARIABLE;item4_canales;;;;NO_APLICA;;;;
AUDITORIA_CANALES_V4;CANAL_CONFLICTO_VARIABLE;;;;;;;;IT_DES_ARRANQUE_BBA_TK_1000_BACKUP;Desaireador:3:I.Ch[4].Data;CANAL_CONFLICTO_VARIABLE;"Mismo canal que DES_S3_IT_BBA_3; el escalado asociado no tiene salida cableada: variable no demostrable";NO;;;;;;;;;;;;;;;;;;;;;;;;;;;;;;;;;;;;;;;;;;Calderas_8_9_10_Desaireador;;;;XML Calderas_8_9_10_Desaireador.L5X escalados DES_S3_ESCALADO_AI/DES_S4_ESCALADO_AI;CANAL_CONFLICTO_VARIABLE;item4_canales;;;;NO_APLICA;;;;
AUDITORIA_CANALES_V4;CANAL_YA_NUMERADO;;;;;;;;FT_AGUA;jw_fermerntacion_2022:6:I.Ch[0].Data;CANAL_YA_REPRESENTADO;Canal ya numerado en producción o en el plan: no se duplica;NO;;;;;;;;;;;;;;;;;;;;;;;;;;;;;;;;;;;;;;;;;;DESTILERIA;;;;200_FT_081 / 200_FT_086 / 200_FT_035 sobre el mismo canal físico;CANAL_YA_REPRESENTADO;item4_canales;;;;NO_APLICA;;;;
AUDITORIA_CANALES_V4;CANAL_YA_NUMERADO;;;;;;;;FT_MELAZA_TN_H;jw_fermerntacion_2022:6:I.Ch[3].Data;CANAL_YA_REPRESENTADO;Canal ya numerado en producción o en el plan: no se duplica;NO;;;;;;;;;;;;;;;;;;;;;;;;;;;;;;;;;;;;;;;;;;DESTILERIA;;;;200_FT_081 / 200_FT_086 / 200_FT_035 sobre el mismo canal físico;CANAL_YA_REPRESENTADO;item4_canales;;;;NO_APLICA;;;;
AUDITORIA_CANALES_V4;CANAL_YA_NUMERADO;;;;;;;;FT_MOSTO_PROM_24_HR;jw_fermerntacion_2022:5:I.Ch[2].Data;CANAL_YA_REPRESENTADO;Canal ya numerado en producción o en el plan: no se duplica;NO;;;;;;;;;;;;;;;;;;;;;;;;;;;;;;;;;;;;;;;;;;DESTILERIA;;;;200_FT_081 / 200_FT_086 / 200_FT_035 sobre el mismo canal físico;CANAL_YA_REPRESENTADO;item4_canales;;;;NO_APLICA;;;;
AUDITORIA_CENTRIFUGA_V4;CENTRIFUGA_SIN_NUMERO;;;;;;;;CORRIENTE_CARGA_C2;;SIN_CANAL_O_DERIVADO;Sin declaración exacta (PLC, alcance, nombre) en el L5X de producción;NO;;;;;;;;;;;;;;;;;;;;;;;;;;;;;;;;;;;;;;;;;;CENTRIFUGA_DE_PRIMERA;;;;CENTRIFUGA_DE_PRIMERA.L5X;SIN_CANAL_O_DERIVADO;item5_centrifuga;;;;NO_APLICA;;;;
AUDITORIA_CENTRIFUGA_V4;CENTRIFUGA_SIN_NUMERO;;;;;;;;RPM_motor1;;SIN_CANAL_O_DERIVADO;"Valor interno derivado; sin canal físico propio demostrado";NO;;;;;;;;;;;;;;;;;;;;;;;;;;;;;;;;;;;;;;;;;;CENTRIFUGA_DE_PRIMERA;;;;CENTRIFUGA_DE_PRIMERA.L5X;SIN_CANAL_O_DERIVADO;item5_centrifuga;;;;NO_APLICA;;;;
AUDITORIA_CENTRIFUGA_V4;CENTRIFUGA_SIN_NUMERO;;;;;;;;Diferencia_relativa_entre_velocidades;;SIN_CANAL_O_DERIVADO;"Cálculo derivado de dos velocidades; no es instrumento";NO;;;;;;;;;;;;;;;;;;;;;;;;;;;;;;;;;;;;;;;;;;CENTRIFUGA_DE_PRIMERA;;;;CENTRIFUGA_DE_PRIMERA.L5X;SIN_CANAL_O_DERIVADO;item5_centrifuga;;;;NO_APLICA;;;;
AUDITORIA_CENTRIFUGA_V4;CENTRIFUGA_IDENTIFICADO_SIN_AUTORIZACION;;;;;;;;CORRIENTE_CARGA_C2;Local:2:I.Ch00.Data;NUMERADO_EN_V5;Canal analógico de corriente de carga de centrífuga C2 identificado pero fuera del alcance autorizado de esta corrida (sólo VDF755TR_CENT1 y Remota_Weidmuller);NO;;;;;;;;;;;;;;;;;;;;;;;;;;;;;;;;;;;;;;;;;;CENTRIFUGA_DE_PRIMERA;;;NUMERADO_EN_V5;"CENTRIFUGA_DE_PRIMERA.L5X ARRANQUE_MOTOR: comentarios ""CORRIENTE DE CARGA C2..C6-input"" y IRef Local:2:I.Ch00.Data";IDENTIFICADO_SIN_AUTORIZACION;item5_centrifuga;;;;NO_APLICA;;;;
AUDITORIA_CENTRIFUGA_V4;CENTRIFUGA_IDENTIFICADO_SIN_AUTORIZACION;;;;;;;;CORRIENTE_CARGA_C3;Local:2:I.Ch01.Data;NUMERADO_EN_V5;Canal analógico de corriente de carga de centrífuga C3 identificado pero fuera del alcance autorizado de esta corrida (sólo VDF755TR_CENT1 y Remota_Weidmuller);NO;;;;;;;;;;;;;;;;;;;;;;;;;;;;;;;;;;;;;;;;;;CENTRIFUGA_DE_PRIMERA;;;NUMERADO_EN_V5;"CENTRIFUGA_DE_PRIMERA.L5X ARRANQUE_MOTOR: comentarios ""CORRIENTE DE CARGA C2..C6-input"" y IRef Local:2:I.Ch01.Data";IDENTIFICADO_SIN_AUTORIZACION;item5_centrifuga;;;;NO_APLICA;;;;
AUDITORIA_CENTRIFUGA_V4;CENTRIFUGA_IDENTIFICADO_SIN_AUTORIZACION;;;;;;;;CORRIENTE_CARGA_C4;Local:2:I.Ch02.Data;NUMERADO_EN_V5;Canal analógico de corriente de carga de centrífuga C4 identificado pero fuera del alcance autorizado de esta corrida (sólo VDF755TR_CENT1 y Remota_Weidmuller);NO;;;;;;;;;;;;;;;;;;;;;;;;;;;;;;;;;;;;;;;;;;CENTRIFUGA_DE_PRIMERA;;;NUMERADO_EN_V5;"CENTRIFUGA_DE_PRIMERA.L5X ARRANQUE_MOTOR: comentarios ""CORRIENTE DE CARGA C2..C6-input"" y IRef Local:2:I.Ch02.Data";IDENTIFICADO_SIN_AUTORIZACION;item5_centrifuga;;;;NO_APLICA;;;;
AUDITORIA_CENTRIFUGA_V4;CENTRIFUGA_IDENTIFICADO_SIN_AUTORIZACION;;;;;;;;CORRIENTE_CARGA_C5;Local:2:I.Ch03.Data;NUMERADO_EN_V5;Canal analógico de corriente de carga de centrífuga C5 identificado pero fuera del alcance autorizado de esta corrida (sólo VDF755TR_CENT1 y Remota_Weidmuller);NO;;;;;;;;;;;;;;;;;;;;;;;;;;;;;;;;;;;;;;;;;;CENTRIFUGA_DE_PRIMERA;;;NUMERADO_EN_V5;"CENTRIFUGA_DE_PRIMERA.L5X ARRANQUE_MOTOR: comentarios ""CORRIENTE DE CARGA C2..C6-input"" y IRef Local:2:I.Ch03.Data";IDENTIFICADO_SIN_AUTORIZACION;item5_centrifuga;;;;NO_APLICA;;;;
AUDITORIA_CENTRIFUGA_V4;CENTRIFUGA_IDENTIFICADO_SIN_AUTORIZACION;;;;;;;;CORRIENTE_CARGA_C6;Local:2:I.Ch04.Data;NUMERADO_EN_V5;Canal analógico de corriente de carga de centrífuga C6 identificado pero fuera del alcance autorizado de esta corrida (sólo VDF755TR_CENT1 y Remota_Weidmuller);NO;;;;;;;;;;;;;;;;;;;;;;;;;;;;;;;;;;;;;;;;;;CENTRIFUGA_DE_PRIMERA;;;NUMERADO_EN_V5;"CENTRIFUGA_DE_PRIMERA.L5X ARRANQUE_MOTOR: comentarios ""CORRIENTE DE CARGA C2..C6-input"" y IRef Local:2:I.Ch04.Data";IDENTIFICADO_SIN_AUTORIZACION;item5_centrifuga;;;;NO_APLICA;;;;
AUDITORIA_CENTRIFUGA_V4;CENTRIFUGA_IDENTIFICADO_SIN_AUTORIZACION;;;;;;;;B_CONCATENADO_02;Remota_Weidmuller:I.Data[4];ESCALADO_SIN_CONSUMIDOR;Par de enteros remotos que alimenta un escalado cuyo Out no está cableado: sin identidad ni consumidor;NO;;;;;;;;;;;;;;;;;;;;;;;;;;;;;;;;;;;;;;;;;;CENTRIFUGA_DE_PRIMERA;;;;CENTRIFUGA_DE_PRIMERA.L5X Definicion_de_senales_analogicas: SCL_28/29/30 sin salida cableada;ESCALADO_SIN_CONSUMIDOR;item5_centrifuga;;;;NO_APLICA;;;;
AUDITORIA_CENTRIFUGA_V4;CENTRIFUGA_IDENTIFICADO_SIN_AUTORIZACION;;;;;;;;B_CONCATENADO_02;Remota_Weidmuller:I.Data[5];ESCALADO_SIN_CONSUMIDOR;Par de enteros remotos que alimenta un escalado cuyo Out no está cableado: sin identidad ni consumidor;NO;;;;;;;;;;;;;;;;;;;;;;;;;;;;;;;;;;;;;;;;;;CENTRIFUGA_DE_PRIMERA;;;;CENTRIFUGA_DE_PRIMERA.L5X Definicion_de_senales_analogicas: SCL_28/29/30 sin salida cableada;ESCALADO_SIN_CONSUMIDOR;item5_centrifuga;;;;NO_APLICA;;;;
AUDITORIA_CENTRIFUGA_V4;CENTRIFUGA_IDENTIFICADO_SIN_AUTORIZACION;;;;;;;;B_CONCATENADO_03;Remota_Weidmuller:I.Data[6];ESCALADO_SIN_CONSUMIDOR;Par de enteros remotos que alimenta un escalado cuyo Out no está cableado: sin identidad ni consumidor;NO;;;;;;;;;;;;;;;;;;;;;;;;;;;;;;;;;;;;;;;;;;CENTRIFUGA_DE_PRIMERA;;;;CENTRIFUGA_DE_PRIMERA.L5X Definicion_de_senales_analogicas: SCL_28/29/30 sin salida cableada;ESCALADO_SIN_CONSUMIDOR;item5_centrifuga;;;;NO_APLICA;;;;
AUDITORIA_CENTRIFUGA_V4;CENTRIFUGA_IDENTIFICADO_SIN_AUTORIZACION;;;;;;;;B_CONCATENADO_03;Remota_Weidmuller:I.Data[7];ESCALADO_SIN_CONSUMIDOR;Par de enteros remotos que alimenta un escalado cuyo Out no está cableado: sin identidad ni consumidor;NO;;;;;;;;;;;;;;;;;;;;;;;;;;;;;;;;;;;;;;;;;;CENTRIFUGA_DE_PRIMERA;;;;CENTRIFUGA_DE_PRIMERA.L5X Definicion_de_senales_analogicas: SCL_28/29/30 sin salida cableada;ESCALADO_SIN_CONSUMIDOR;item5_centrifuga;;;;NO_APLICA;;;;
AUDITORIA_CENTRIFUGA_V4;CENTRIFUGA_IDENTIFICADO_SIN_AUTORIZACION;;;;;;;;B_CONCATENADO_04;Remota_Weidmuller:I.Data[8];ESCALADO_SIN_CONSUMIDOR;Par de enteros remotos que alimenta un escalado cuyo Out no está cableado: sin identidad ni consumidor;NO;;;;;;;;;;;;;;;;;;;;;;;;;;;;;;;;;;;;;;;;;;CENTRIFUGA_DE_PRIMERA;;;;CENTRIFUGA_DE_PRIMERA.L5X Definicion_de_senales_analogicas: SCL_28/29/30 sin salida cableada;ESCALADO_SIN_CONSUMIDOR;item5_centrifuga;;;;NO_APLICA;;;;
AUDITORIA_CENTRIFUGA_V4;CENTRIFUGA_IDENTIFICADO_SIN_AUTORIZACION;;;;;;;;B_CONCATENADO_04;Remota_Weidmuller:I.Data[9];ESCALADO_SIN_CONSUMIDOR;Par de enteros remotos que alimenta un escalado cuyo Out no está cableado: sin identidad ni consumidor;NO;;;;;;;;;;;;;;;;;;;;;;;;;;;;;;;;;;;;;;;;;;CENTRIFUGA_DE_PRIMERA;;;;CENTRIFUGA_DE_PRIMERA.L5X Definicion_de_senales_analogicas: SCL_28/29/30 sin salida cableada;ESCALADO_SIN_CONSUMIDOR;item5_centrifuga;;;;NO_APLICA;;;;
INGENIERIA_DESAIREADOR3_V5;DESAIREADOR_3_LOGICA_VIVA;INSERT;;300_LT_036;;300;L;36;DES_LT_TK2_1000;Desaireador:3:I.Ch[6].Data;NO_INSERTAR_REVISION;"Nivel: el único bloque vivo que lee el canal escribe DES_LT_TK2_1000; no es I, S ni T, se numera con la variable que demuestra la lógica. Alias declarado en el controlador: DES_S3_IT_BBA_6; bloque vivo: DES_S1_ESCALADO_AI/B_DES_LT_TK_1001; destino escrito: DES_LT_TK2_1000. Ambos nombres quedan para inspección en planta";NO;;;;;;;;;;;;;;;;;;;;;;;;;;;;;;;;;;;;;;;;;;Calderas_8_9_10_Desaireador;;;;;;;Calderas_8_9_10_Desaireador.L5X DES_S1_ESCALADO_AI: Desaireador:3:I.Ch[6].Data y alias DES_S3_IT_BBA_6 -> B_DES_LT_TK_1001.In -> DES_LT_TK2_1000;NO_INSERTAR_REVISION;item2_desaireador3;HOMOLOGADO;300_LT_073;73;;lazo nuevo del área 300: 73 → 36
INGENIERIA_DESAIREADOR3_V5;DESAIREADOR_3_LOGICA_VIVA;INSERT;;300_TT_037;;300;T;37;DES_TT_DESAEREADOR;Desaireador:3:I.Ch[7].Data;NO_INSERTAR_REVISION;"Temperatura: SCL_08 escribe DES_TT_DESAEREADOR (4-20 mA -> 0..200 °C). Alias declarado en el controlador: DES_S3_IT_BBA_7; bloque vivo: DES_S4_ESCALADO_AI/SCL_08; destino escrito: DES_TT_DESAEREADOR. Ambos nombres quedan para inspección en planta";NO;;;;;;;;;;;;;;;;;;;;;;;;;;;;;;;;;;;;;;;;;;Calderas_8_9_10_Desaireador;;;;;;;Calderas_8_9_10_Desaireador.L5X DES_S4_ESCALADO_AI: Desaireador:3:I.Ch[7].Data y alias DES_S3_IT_BBA_7 -> SCL_08.In -> DES_TT_DESAEREADOR;NO_INSERTAR_REVISION;item2_desaireador3;HOMOLOGADO;300_TT_074;74;;lazo nuevo del área 300: 74 → 37
INGENIERIA_DESAIREADOR3_V5;DESAIREADOR_3_SIN_NUMERO;;;;;;;;DES_S3_ST_BBA_10;Desaireador:3:I.Ch[1].Data;SIN_BLOQUE_VIVO;El alias declarado no se usa en ninguna rutina y ningún bloque lee el canal: sin variable ni destino demostrable, no se numera;NO;;;;;;;;;;;;;;;;;;;;;;;;;;;;;;;;;;;;;;;;;;Calderas_8_9_10_Desaireador;;;;;;;Calderas_8_9_10_Desaireador.L5X DES_S3_ESCALADO_AI / DES_CORRIENTE_BBA: sin IRef del canal ni del alias;SIN_BLOQUE_VIVO;item2_desaireador3;NO_APLICA;;;;
INGENIERIA_DESAIREADOR3_V5;DESAIREADOR_3_SIN_NUMERO;;;;;;;;DES_S3_IT_BBA_4;Desaireador:3:I.Ch[5].Data;DOBLE_ESCRITURA_CONTRADICTORIA;El canal alimenta dos bloques vivos con destinos de distinta magnitud: SCL_15 -> ST_DES_ARRANQUE_BBA_TK_1000_BACKUP (velocidad, 0..1500) y SCL_19 -> TEMP_CCM_DES (temperatura, 0..150 °C). No se elige variable sin verificación de campo;NO;;;;;;;;;;;;;;;;;;;;;;;;;;;;;;;;;;;;;;;;;;Calderas_8_9_10_Desaireador;;;;;;;Calderas_8_9_10_Desaireador.L5X DES_S3_ESCALADO_AI SCL_15 y DES_S2_ESCALADO_AI SCL_19 sobre el mismo canal;DOBLE_ESCRITURA_CONTRADICTORIA;item2_desaireador3;NO_APLICA;;;;
INGENIERIA_CAJA11_V5;PAR_ENTRADA_CONTROLADOR_CAJA_11;INSERT;;500_LT_004;;500;L;4;EVAP_S4_LT_CAJA_11;ISLA_FAB_AI:4:I.Ch[2].Data;NO_INSERTAR_REVISION;Mismo criterio que el par de B_LC_CAJA_6 (500_LT_002 / 500_LIC_002);NO;;;;;;;;;;;;;;;;;;;;;;;;;;;;;;;;;;;;;;;;;;FABRICA;;;;;;;"FABRICA.L5X FAB_ESCALADOS/FAB_S4_ESCALADO_AI: EVAP_S4_LT_CAJA_11 (AliasFor ISLA_FAB_AI:4:I.Ch[2].Data) -> LPF_03 -> B_LT_CAJA_11 -> EVAP_LT_C11; FAB_EVAP/EVAP_LC_C11: PV <- \FAB_ESCALADOS.EVAP_LT_C11; FAB_EVAP/EVAP_LC_5TO_EFECTO: B_LC_CAJA_11.MV_VALV_NC -> SEL_02.In2 junto con B_LC_CAJA_9_10.MV_VALV_NC -> SEL_02.In1, y SEL_02.Out alimenta EVAP_S2_FCV_MELADO_EVAP_BBA_NORTE/SUR y JUGO_CLARO:O.Data[11]/[9]";NO_INSERTAR_REVISION;item3_caja_11;HOMOLOGADO;500_LT_004;4;;sin cambio
INGENIERIA_CAJA11_V5;PAR_ENTRADA_CONTROLADOR_CAJA_11;INSERT;;500_LIC_004;;500;L;4;B_LC_CAJA_11;;NO_INSERTAR_REVISION;"Par entrada + controlador; su salida NO es exclusiva: entra a SEL_02 compartido con B_LC_CAJA_9_10 y el selector escribe los dos caudales de melado y dos bits de JUGO_CLARO";NO;;;;;;;;;;;;;;;;;;;;;;;;;;;;;;;;;;;;;;;;;;FABRICA;;;;;;;"FABRICA.L5X FAB_ESCALADOS/FAB_S4_ESCALADO_AI: EVAP_S4_LT_CAJA_11 (AliasFor ISLA_FAB_AI:4:I.Ch[2].Data) -> LPF_03 -> B_LT_CAJA_11 -> EVAP_LT_C11; FAB_EVAP/EVAP_LC_C11: PV <- \FAB_ESCALADOS.EVAP_LT_C11; FAB_EVAP/EVAP_LC_5TO_EFECTO: B_LC_CAJA_11.MV_VALV_NC -> SEL_02.In2 junto con B_LC_CAJA_9_10.MV_VALV_NC -> SEL_02.In1, y SEL_02.Out alimenta EVAP_S2_FCV_MELADO_EVAP_BBA_NORTE/SUR y JUGO_CLARO:O.Data[11]/[9]";NO_INSERTAR_REVISION;item3_caja_11;HOMOLOGADO;500_LIC_004;4;;sin cambio
;DESTRABE_TRAPICHE_PURO_PROCESO;INSERT;;100_FT_006;;100;F;6;FT_VAPOR_DESFIBRADOR;Local:3:I.Ch2Data;NO_INSERTAR_REVISION;"Caudalímetro de proceso de TRAPICHE (Local:3:I.Ch2Data); identidad tomada del bloque vivo de la rutina CAUDAL.";;;;;;;;;;;;;;;;;;;;;;;;;;NO_INSERTAR_REVISION;;;;;;;;;;;;;;;;;;;;;;;;;;;HOMOLOGADO;100_FT_031;;;lazo nuevo del área 100: nuevo → 6
;DESTRABE_TRAPICHE_PURO_PROCESO;INSERT;;100_FT_007;;100;F;7;FT_AGUA_LAVADO_TAMIS;Local:3:I.Ch4Data;NO_INSERTAR_REVISION;"Caudalímetro de proceso de TRAPICHE (Local:3:I.Ch4Data); identidad tomada del bloque vivo de la rutina CAUDAL.";;;;;;;;;;;;;;;;;;;;;;;;;;NO_INSERTAR_REVISION;;;;;;;;;;;;;;;;;;;;;;;;;;;HOMOLOGADO;100_FT_032;;;lazo nuevo del área 100: nuevo → 7
